{"entities": [{"text": "breast and prostate cancer", "type": "Disease", "identifier": "MESH:D011471", "lemma": "Disease@MESH:D011471"}, {"text": "cancers", "type": "Disease", "identifier": "MESH:D009369", "lemma": "Disease@MESH:D009369"}, {"text": "breast cancer", "type": "Disease", "identifier": "MESH:D001943", "lemma": "Disease@MESH:D001943"}, {"text": "COL1A1", "type": "Gene", "identifier": "1277", "lemma": "Gene@1277"}, {"text": "CTDSPL", "type": "Gene", "identifier": "10217", "lemma": "Gene@10217"}, {"text": "MSR1", "type": "Gene", "identifier": "4481", "lemma": "Gene@4481"}, {"text": "ERBB4", "type": "Gene", "identifier": "2066", "lemma": "Gene@2066"}, {"text": "rs2410373", "type": "Mutation", "identifier": "rs2410373", "lemma": "Mutation@rs2410373"}, {"text": "rs9311171", "type": "Mutation", "identifier": "rs9311171", "lemma": "Mutation@rs9311171"}, {"text": "rs7558615", "type": "Mutation", "identifier": "rs7558615", "lemma": "Mutation@rs7558615"}, {"text": "rs9325782", "type": "Mutation", "identifier": "rs9325782", "lemma": "Mutation@rs9325782"}, {"text": "rs905883", "type": "Mutation", "identifier": "rs905883", "lemma": "Mutation@rs905883"}, {"text": "rs7564590", "type": "Mutation", "identifier": "rs7564590", "lemma": "Mutation@rs7564590"}, {"text": "rs1447295", "type": "Mutation", "identifier": "rs1447295", "lemma": "Mutation@rs1447295"}, {"text": "rs2075555", "type": "Mutation", "identifier": "rs2075555", "lemma": "Mutation@rs2075555"}, {"text": "BRCA1", "type": "Gene", "identifier": "672", "lemma": "Gene@672"}, {"text": "BRCA2", "type": "Gene", "identifier": "675", "lemma": "Gene@675"}, {"text": "FGFR2", "type": "Gene", "identifier": "2263", "lemma": "Gene@2263"}, {"text": "non-melanoma skin cancer", "type": "Disease", "identifier": "MESH:D012878", "lemma": "Disease@MESH:D012878"}, {"text": "MAF", "type": "Gene", "identifier": "4094", "lemma": "Gene@4094"}, {"text": "breast or prostate", "type": "Disease", "identifier": "MESH:D011472", "lemma": "Disease@MESH:D011472"}, {"text": "GRIK1", "type": "Gene", "identifier": "2897", "lemma": "Gene@2897"}, {"text": "FBN1", "type": "Gene", "identifier": "2200", "lemma": "Gene@2200"}, {"text": "PPP2R2B", "type": "Gene", "identifier": "5521", "lemma": "Gene@5521"}, {"text": "PKHD1", "type": "Gene", "identifier": "5314", "lemma": "Gene@5314"}, {"text": "HAPLN1", "type": "Gene", "identifier": "1404", "lemma": "Gene@1404"}, {"text": "NLGN1", "type": "Gene", "identifier": "22871", "lemma": "Gene@22871"}, {"text": "GRIN3A", "type": "Gene", "identifier": "116443", "lemma": "Gene@116443"}, {"text": "C1orf57", "type": "Gene", "identifier": "84284", "lemma": "Gene@84284"}, {"text": "CNTNAP2", "type": "Gene", "identifier": "26047", "lemma": "Gene@26047"}, {"text": "HS6ST3", "type": "Gene", "identifier": "266722", "lemma": "Gene@266722"}, {"text": "A2BP1", "type": "Gene", "identifier": "54715", "lemma": "Gene@54715"}, {"text": "SAMSN1", "type": "Gene", "identifier": "64092", "lemma": "Gene@64092"}, {"text": "SLC9A11", "type": "Gene", "identifier": "284525", "lemma": "Gene@284525"}, {"text": "RYR2", "type": "Gene", "identifier": "6262", "lemma": "Gene@6262"}, {"text": "OR4D1", "type": "Gene", "identifier": "26689", "lemma": "Gene@26689"}, {"text": "OR4D2", "type": "Gene", "identifier": "124538", "lemma": "Gene@124538"}, {"text": "XRCC4", "type": "Gene", "identifier": "7518", "lemma": "Gene@7518"}, {"text": "OPRD1", "type": "Gene", "identifier": "4985", "lemma": "Gene@4985"}, {"text": "rs1504858", "type": "Mutation", "identifier": "rs1504858", "lemma": "Mutation@rs1504858"}, {"text": "rs1037569", "type": "Mutation", "identifier": "rs1037569", "lemma": "Mutation@rs1037569"}, {"text": "rs1529276", "type": "Mutation", "identifier": "rs1529276", "lemma": "Mutation@rs1529276"}, {"text": "rs6479347", "type": "Mutation", "identifier": "rs6479347", "lemma": "Mutation@rs6479347"}, {"text": "rs2059273", "type": "Mutation", "identifier": "rs2059273", "lemma": "Mutation@rs2059273"}, {"text": "rs10498792", "type": "Mutation", "identifier": "rs10498792", "lemma": "Mutation@rs10498792"}, {"text": "rs657057", "type": "Mutation", "identifier": "rs657057", "lemma": "Mutation@rs657057"}, {"text": "rs255561", "type": "Mutation", "identifier": "rs255561", "lemma": "Mutation@rs255561"}, {"text": "rs7827348", "type": "Mutation", "identifier": "rs7827348", "lemma": "Mutation@rs7827348"}, {"text": "rs4266352", "type": "Mutation", "identifier": "rs4266352", "lemma": "Mutation@rs4266352"}, {"text": "rs1978503", "type": "Mutation", "identifier": "rs1978503", "lemma": "Mutation@rs1978503"}, {"text": "rs1440714", "type": "Mutation", "identifier": "rs1440714", "lemma": "Mutation@rs1440714"}, {"text": "rs35239", "type": "Mutation", "identifier": "rs35239", "lemma": "Mutation@rs35239"}, {"text": "rs6720918", "type": "Mutation", "identifier": "rs6720918", "lemma": "Mutation@rs6720918"}, {"text": "rs344985", "type": "Mutation", "identifier": "rs344985", "lemma": "Mutation@rs344985"}, {"text": "rs6101183", "type": "Mutation", "identifier": "rs6101183", "lemma": "Mutation@rs6101183"}, {"text": "rs10490113", "type": "Mutation", "identifier": "rs10490113", "lemma": "Mutation@rs10490113"}, {"text": "rs10501093", "type": "Mutation", "identifier": "rs10501093", "lemma": "Mutation@rs10501093"}, {"text": "rs10263639", "type": "Mutation", "identifier": "rs10263639", "lemma": "Mutation@rs10263639"}, {"text": "rs7711990", "type": "Mutation", "identifier": "rs7711990", "lemma": "Mutation@rs7711990"}, {"text": "rs954709", "type": "Mutation", "identifier": "rs954709", "lemma": "Mutation@rs954709"}, {"text": "rs595725", "type": "Mutation", "identifier": "rs595725", "lemma": "Mutation@rs595725"}, {"text": "rs7190881", "type": "Mutation", "identifier": "rs7190881", "lemma": "Mutation@rs7190881"}, {"text": "rs1873038", "type": "Mutation", "identifier": "rs1873038", "lemma": "Mutation@rs1873038"}, {"text": "rs181247", "type": "Mutation", "identifier": "rs181247", "lemma": "Mutation@rs181247"}, {"text": "rs1154865", "type": "Mutation", "identifier": "rs1154865", "lemma": "Mutation@rs1154865"}, {"text": "rs2822669", "type": "Mutation", "identifier": "rs2822669", "lemma": "Mutation@rs2822669"}, {"text": "rs1926657", "type": "Mutation", "identifier": "rs1926657", "lemma": "Mutation@rs1926657"}, {"text": "rs2109312", "type": "Mutation", "identifier": "rs2109312", "lemma": "Mutation@rs2109312"}, {"text": "rs10487920", "type": "Mutation", "identifier": "rs10487920", "lemma": "Mutation@rs10487920"}, {"text": "rs4466137", "type": "Mutation", "identifier": "rs4466137", "lemma": "Mutation@rs4466137"}, {"text": "rs1920676", "type": "Mutation", "identifier": "rs1920676", "lemma": "Mutation@rs1920676"}, {"text": "rs10511206", "type": "Mutation", "identifier": "rs10511206", "lemma": "Mutation@rs10511206"}, {"text": "rs345013", "type": "Mutation", "identifier": "rs345013", "lemma": "Mutation@rs345013"}, {"text": "rs458685", "type": "Mutation", "identifier": "rs458685", "lemma": "Mutation@rs458685"}, {"text": "rs9325024", "type": "Mutation", "identifier": "rs9325024", "lemma": "Mutation@rs9325024"}, {"text": "rs8019932", "type": "Mutation", "identifier": "rs8019932", "lemma": "Mutation@rs8019932"}, {"text": "rs10512287", "type": "Mutation", "identifier": "rs10512287", "lemma": "Mutation@rs10512287"}, {"text": "rs1876206", "type": "Mutation", "identifier": "rs1876206", "lemma": "Mutation@rs1876206"}, {"text": "rs10505137", "type": "Mutation", "identifier": "rs10505137", "lemma": "Mutation@rs10505137"}, {"text": "rs1451125", "type": "Mutation", "identifier": "rs1451125", "lemma": "Mutation@rs1451125"}, {"text": "rs2056387", "type": "Mutation", "identifier": "rs2056387", "lemma": "Mutation@rs2056387"}, {"text": "rs9314033", "type": "Mutation", "identifier": "rs9314033", "lemma": "Mutation@rs9314033"}, {"text": "rs1352416", "type": "Mutation", "identifier": "rs1352416", "lemma": "Mutation@rs1352416"}, {"text": "rs10516690", "type": "Mutation", "identifier": "rs10516690", "lemma": "Mutation@rs10516690"}, {"text": "rs10486490", "type": "Mutation", "identifier": "rs10486490", "lemma": "Mutation@rs10486490"}, {"text": "rs9307064", "type": "Mutation", "identifier": "rs9307064", "lemma": "Mutation@rs9307064"}, {"text": "rs2179443", "type": "Mutation", "identifier": "rs2179443", "lemma": "Mutation@rs2179443"}, {"text": "rs477516", "type": "Mutation", "identifier": "rs477516", "lemma": "Mutation@rs477516"}, {"text": "rs1924587", "type": "Mutation", "identifier": "rs1924587", "lemma": "Mutation@rs1924587"}, {"text": "rs2224402", "type": "Mutation", "identifier": "rs2224402", "lemma": "Mutation@rs2224402"}, {"text": "rs10515322", "type": "Mutation", "identifier": "rs10515322", "lemma": "Mutation@rs10515322"}, {"text": "rs2274626", "type": "Mutation", "identifier": "rs2274626", "lemma": "Mutation@rs2274626"}, {"text": "rs4378061", "type": "Mutation", "identifier": "rs4378061", "lemma": "Mutation@rs4378061"}, {"text": "rs6691482", "type": "Mutation", "identifier": "rs6691482", "lemma": "Mutation@rs6691482"}, {"text": "rs1294255", "type": "Mutation", "identifier": "rs1294255", "lemma": "Mutation@rs1294255"}, {"text": "rs6556756", "type": "Mutation", "identifier": "rs6556756", "lemma": "Mutation@rs6556756"}, {"text": "rs10513754", "type": "Mutation", "identifier": "rs10513754", "lemma": "Mutation@rs10513754"}, {"text": "NCOR2", "type": "Gene", "identifier": "9612", "lemma": "Gene@9612"}, {"text": "vitamin D receptor", "type": "Gene", "identifier": "7421", "lemma": "Gene@7421"}, {"text": "PTPRD", "type": "Gene", "identifier": "5789", "lemma": "Gene@5789"}, {"text": "RAB21", "type": "Gene", "identifier": "23011", "lemma": "Gene@23011"}, {"text": "FAT4", "type": "Gene", "identifier": "79633", "lemma": "Gene@79633"}, {"text": "FGF10", "type": "Gene", "identifier": "2255", "lemma": "Gene@2255"}, {"text": "rs4146372", "type": "Mutation", "identifier": "rs4146372", "lemma": "Mutation@rs4146372"}, {"text": "rs1897676", "type": "Mutation", "identifier": "rs1897676", "lemma": "Mutation@rs1897676"}, {"text": "rs9307561", "type": "Mutation", "identifier": "rs9307561", "lemma": "Mutation@rs9307561"}, {"text": "rs906304", "type": "Mutation", "identifier": "rs906304", "lemma": "Mutation@rs906304"}, {"text": "rs2836391", "type": "Mutation", "identifier": "rs2836391", "lemma": "Mutation@rs2836391"}, {"text": "rs10512849", "type": "Mutation", "identifier": "rs10512849", "lemma": "Mutation@rs10512849"}, {"text": "rs10505506", "type": "Mutation", "identifier": "rs10505506", "lemma": "Mutation@rs10505506"}, {"text": "rs10505474", "type": "Mutation", "identifier": "rs10505474", "lemma": "Mutation@rs10505474"}, {"text": "rs7001069", "type": "Mutation", "identifier": "rs7001069", "lemma": "Mutation@rs7001069"}, {"text": "rs1562871", "type": "Mutation", "identifier": "rs1562871", "lemma": "Mutation@rs1562871"}, {"text": "rs10505483", "type": "Mutation", "identifier": "rs10505483", "lemma": "Mutation@rs10505483"}, {"text": "WWOX", "type": "Gene", "identifier": "51741", "lemma": "Gene@51741"}, {"text": "rs3751832", "type": "Mutation", "identifier": "rs3751832", "lemma": "Mutation@rs3751832"}, {"text": "RUNX1", "type": "Gene", "identifier": "861", "lemma": "Gene@861"}, {"text": "PRKCB1", "type": "Gene", "identifier": "5579", "lemma": "Gene@5579"}, {"text": "SDK1", "type": "Gene", "identifier": "221935", "lemma": "Gene@221935"}, {"text": "ZFAT1", "type": "Gene", "identifier": "57623", "lemma": "Gene@57623"}, {"text": "ADCY2", "type": "Gene", "identifier": "108", "lemma": "Gene@108"}, {"text": "CTNNA2", "type": "Gene", "identifier": "1496", "lemma": "Gene@1496"}, {"text": "CLDN11", "type": "Gene", "identifier": "5010", "lemma": "Gene@5010"}, {"text": "FARP1", "type": "Gene", "identifier": "10160", "lemma": "Gene@10160"}, {"text": "rs392715", "type": "Mutation", "identifier": "rs392715", "lemma": "Mutation@rs392715"}, {"text": "rs7329659", "type": "Mutation", "identifier": "rs7329659", "lemma": "Mutation@rs7329659"}, {"text": "rs216666", "type": "Mutation", "identifier": "rs216666", "lemma": "Mutation@rs216666"}, {"text": "rs10513681", "type": "Mutation", "identifier": "rs10513681", "lemma": "Mutation@rs10513681"}, {"text": "rs10256504", "type": "Mutation", "identifier": "rs10256504", "lemma": "Mutation@rs10256504"}, {"text": "rs2253319", "type": "Mutation", "identifier": "rs2253319", "lemma": "Mutation@rs2253319"}, {"text": "rs10486031", "type": "Mutation", "identifier": "rs10486031", "lemma": "Mutation@rs10486031"}, {"text": "rs254315", "type": "Mutation", "identifier": "rs254315", "lemma": "Mutation@rs254315"}, {"text": "rs10520247", "type": "Mutation", "identifier": "rs10520247", "lemma": "Mutation@rs10520247"}, {"text": "rs10520246", "type": "Mutation", "identifier": "rs10520246", "lemma": "Mutation@rs10520246"}, {"text": "rs6102912", "type": "Mutation", "identifier": "rs6102912", "lemma": "Mutation@rs6102912"}, {"text": "rs3017183", "type": "Mutation", "identifier": "rs3017183", "lemma": "Mutation@rs3017183"}, {"text": "rs2834645", "type": "Mutation", "identifier": "rs2834645", "lemma": "Mutation@rs2834645"}, {"text": "rs7610584", "type": "Mutation", "identifier": "rs7610584", "lemma": "Mutation@rs7610584"}, {"text": "rs10505624", "type": "Mutation", "identifier": "rs10505624", "lemma": "Mutation@rs10505624"}, {"text": "rs4801149", "type": "Mutation", "identifier": "rs4801149", "lemma": "Mutation@rs4801149"}, {"text": "rs10514443", "type": "Mutation", "identifier": "rs10514443", "lemma": "Mutation@rs10514443"}, {"text": "rs9327886", "type": "Mutation", "identifier": "rs9327886", "lemma": "Mutation@rs9327886"}, {"text": "rs4418248", "type": "Mutation", "identifier": "rs4418248", "lemma": "Mutation@rs4418248"}, {"text": "rs10487577", "type": "Mutation", "identifier": "rs10487577", "lemma": "Mutation@rs10487577"}, {"text": "rs208354", "type": "Mutation", "identifier": "rs208354", "lemma": "Mutation@rs208354"}, {"text": "rs3794889", "type": "Mutation", "identifier": "rs3794889", "lemma": "Mutation@rs3794889"}, {"text": "rs6577648", "type": "Mutation", "identifier": "rs6577648", "lemma": "Mutation@rs6577648"}, {"text": "rs10492797", "type": "Mutation", "identifier": "rs10492797", "lemma": "Mutation@rs10492797"}, {"text": "rs10520880", "type": "Mutation", "identifier": "rs10520880", "lemma": "Mutation@rs10520880"}, {"text": "rs1261256", "type": "Mutation", "identifier": "rs1261256", "lemma": "Mutation@rs1261256"}, {"text": "rs38276", "type": "Mutation", "identifier": "rs38276", "lemma": "Mutation@rs38276"}, {"text": "rs4782742", "type": "Mutation", "identifier": "rs4782742", "lemma": "Mutation@rs4782742"}, {"text": "rs986831", "type": "Mutation", "identifier": "rs986831", "lemma": "Mutation@rs986831"}, {"text": "rs7989050", "type": "Mutation", "identifier": "rs7989050", "lemma": "Mutation@rs7989050"}, {"text": "rs10515347", "type": "Mutation", "identifier": "rs10515347", "lemma": "Mutation@rs10515347"}, {"text": "rs2371438", "type": "Mutation", "identifier": "rs2371438", "lemma": "Mutation@rs2371438"}, {"text": "rs10497958", "type": "Mutation", "identifier": "rs10497958", "lemma": "Mutation@rs10497958"}, {"text": "rs10512920", "type": "Mutation", "identifier": "rs10512920", "lemma": "Mutation@rs10512920"}, {"text": "rs6555491", "type": "Mutation", "identifier": "rs6555491", "lemma": "Mutation@rs6555491"}, {"text": "ErbB", "type": "Gene", "identifier": "1956", "lemma": "Gene@1956"}, {"text": "rs6983267", "type": "Mutation", "identifier": "rs6983267", "lemma": "Mutation@rs6983267"}, {"text": "CFH", "type": "Gene", "identifier": "3075", "lemma": "Gene@3075"}, {"text": "CLR", "type": "Gene", "identifier": "85443", "lemma": "Gene@85443"}, {"text": "epithelial malignancies", "type": "Disease", "identifier": "MESH:D002277", "lemma": "Disease@MESH:D002277"}, {"text": "TMPRSS2", "type": "Gene", "identifier": "7113", "lemma": "Gene@7113"}, {"text": "HSD17B1", "type": "Gene", "identifier": "3292", "lemma": "Gene@3292"}, {"text": "CHEK2", "type": "Gene", "identifier": "11200", "lemma": "Gene@11200"}, {"text": "TP53", "type": "Gene", "identifier": "7157", "lemma": "Gene@7157"}, {"text": "BRCA1/2", "type": "Gene", "identifier": "672;675", "lemma": "Gene@672;675"}, {"text": "PALB2", "type": "Gene", "identifier": "79728", "lemma": "Gene@79728"}, {"text": "BRCA2-interacting protein", "type": "Gene", "identifier": "54967", "lemma": "Gene@54967"}, {"text": "CASP8", "type": "Gene", "identifier": "841", "lemma": "Gene@841"}, {"text": "aggressive disease", "type": "Disease", "identifier": "MESH:D001523", "lemma": "Disease@MESH:D001523"}, {"text": "Y402H", "type": "Mutation", "identifier": "rs10801555", "lemma": "Mutation@rs10801555"}]}