{"entities": [{"text": "Type 2 Diabetes", "type": "Disease", "identifier": "MESH:D003924", "lemma": "Disease@MESH:D003924"}, {"text": "protein tyrosine phosphatase receptor type D", "type": "Gene", "identifier": "19266", "lemma": "Gene@19266"}, {"text": "serine racemase", "type": "Gene", "identifier": "27364", "lemma": "Gene@27364"}, {"text": "KCNQ1", "type": "Gene", "identifier": "16535", "lemma": "Gene@16535"}, {"text": "rs2237895", "type": "Mutation", "identifier": "rs2237895", "lemma": "Mutation@rs2237895"}, {"text": "diabetes", "type": "Disease", "identifier": "MESH:D003920", "lemma": "Disease@MESH:D003920"}, {"text": "PTPRD", "type": "Gene", "identifier": "5789", "lemma": "Gene@5789"}, {"text": "SRR", "type": "Gene", "identifier": "63826", "lemma": "Gene@63826"}, {"text": "pancreatic", "type": "Disease", "identifier": "MESH:D010195", "lemma": "Disease@MESH:D010195"}, {"text": "polygenic disorder", "type": "Disease", "identifier": "MESH:D030342", "lemma": "Disease@MESH:D030342"}, {"text": "hyperglycemia", "type": "Disease", "identifier": "MESH:D006943", "lemma": "Disease@MESH:D006943"}, {"text": "impaired pancreatic beta", "type": "Disease", "identifier": "MESH:D000326", "lemma": "Disease@MESH:D000326"}, {"text": "mitochondrial diabetes", "type": "Disease", "identifier": "MESH:C564026", "lemma": "Disease@MESH:C564026"}, {"text": "PPARG", "type": "Gene", "identifier": "19016", "lemma": "Gene@19016"}, {"text": "KCNJ11", "type": "Gene", "identifier": "16514", "lemma": "Gene@16514"}, {"text": "TCF2", "type": "Gene", "identifier": "21410", "lemma": "Gene@21410"}, {"text": "Wolfram syndrome 1", "type": "Gene", "identifier": "22393", "lemma": "Gene@22393"}, {"text": "CDKAL1", "type": "Gene", "identifier": "68916", "lemma": "Gene@68916"}, {"text": "CDC123", "type": "Gene", "identifier": "98828", "lemma": "Gene@98828"}, {"text": "CAMK1D", "type": "Gene", "identifier": "227541", "lemma": "Gene@227541"}, {"text": "MTNR1B", "type": "Gene", "identifier": "244701", "lemma": "Gene@244701"}, {"text": "TCF7L2", "type": "Gene", "identifier": "21416", "lemma": "Gene@21416"}, {"text": "HHEX", "type": "Gene", "identifier": "15242", "lemma": "Gene@15242"}, {"text": "KIF11", "type": "Gene", "identifier": "16551", "lemma": "Gene@16551"}, {"text": "IDE", "type": "Gene", "identifier": "15925", "lemma": "Gene@15925"}, {"text": "JAZF1", "type": "Gene", "identifier": "231986", "lemma": "Gene@231986"}, {"text": "IGF2BP2", "type": "Gene", "identifier": "319765", "lemma": "Gene@319765"}, {"text": "SLC30A8", "type": "Gene", "identifier": "239436", "lemma": "Gene@239436"}, {"text": "THADA", "type": "Gene", "identifier": "240174", "lemma": "Gene@240174"}, {"text": "ADAMTS9", "type": "Gene", "identifier": "101401", "lemma": "Gene@101401"}, {"text": "FTO", "type": "Gene", "identifier": "26383", "lemma": "Gene@26383"}, {"text": "NOTCH2", "type": "Gene", "identifier": "18129", "lemma": "Gene@18129"}, {"text": "TSPAN8", "type": "Gene", "identifier": "216350", "lemma": "Gene@216350"}, {"text": "leukocyte common antigen-related (LAR)", "type": "Gene", "identifier": "104121", "lemma": "Gene@104121"}, {"text": "PTPRS", "type": "Gene", "identifier": "19280", "lemma": "Gene@19280"}, {"text": "rs648538", "type": "Mutation", "identifier": "rs648538", "lemma": "Mutation@rs648538"}, {"text": "glucose homeostasis", "type": "Disease", "identifier": "MESH:D018149", "lemma": "Disease@MESH:D018149"}, {"text": "rs17584499", "type": "Mutation", "identifier": "rs17584499", "lemma": "Mutation@rs17584499"}, {"text": "rs1751960", "type": "Mutation", "identifier": "rs1751960", "lemma": "Mutation@rs1751960"}, {"text": "rs7361808", "type": "Mutation", "identifier": "rs7361808", "lemma": "Mutation@rs7361808"}, {"text": "rs4845624", "type": "Mutation", "identifier": "rs4845624", "lemma": "Mutation@rs4845624"}, {"text": "glucose homeostasis and insulin", "type": "Disease", "identifier": "MESH:D007333", "lemma": "Disease@MESH:D007333"}, {"text": "rs9985652", "type": "Mutation", "identifier": "rs9985652", "lemma": "Mutation@rs9985652"}, {"text": "rs391300", "type": "Mutation", "identifier": "rs391300", "lemma": "Mutation@rs391300"}, {"text": "rs7192960", "type": "Mutation", "identifier": "rs7192960", "lemma": "Mutation@rs7192960"}, {"text": "rs2044844", "type": "Mutation", "identifier": "rs2044844", "lemma": "Mutation@rs2044844"}, {"text": "RAF", "type": "Gene", "identifier": "387609", "lemma": "Gene@387609"}, {"text": "ATP8A1", "type": "Gene", "identifier": "11980", "lemma": "Gene@11980"}, {"text": "GRXCR1", "type": "Gene", "identifier": "433899", "lemma": "Gene@433899"}, {"text": "LYZL1", "type": "Gene", "identifier": "67328", "lemma": "Gene@67328"}, {"text": "RORC", "type": "Gene", "identifier": "19885", "lemma": "Gene@19885"}, {"text": "SIRPA", "type": "Gene", "identifier": "19261", "lemma": "Gene@19261"}, {"text": "MAF", "type": "Gene", "identifier": "17132", "lemma": "Gene@17132"}, {"text": "TMEM5", "type": "Gene", "identifier": "216395", "lemma": "Gene@216395"}, {"text": "SVIL", "type": "Gene", "identifier": "225115", "lemma": "Gene@225115"}, {"text": "WWOX", "type": "Gene", "identifier": "80707", "lemma": "Gene@80707"}, {"text": "KATNAL1", "type": "Gene", "identifier": "231912", "lemma": "Gene@231912"}, {"text": "rs4523957", "type": "Mutation", "identifier": "rs4523957", "lemma": "Mutation@rs4523957"}, {"text": "rs231361", "type": "Mutation", "identifier": "rs231361", "lemma": "Mutation@rs231361"}, {"text": "rs231359", "type": "Mutation", "identifier": "rs231359", "lemma": "Mutation@rs231359"}, {"text": "rs2237897", "type": "Mutation", "identifier": "rs2237897", "lemma": "Mutation@rs2237897"}, {"text": "P448R", "type": "Mutation", "identifier": "rs12720449", "lemma": "Mutation@rs12720449"}, {"text": "PTP", "type": "Gene", "identifier": "10076", "lemma": "Gene@10076"}, {"text": "neurological defects", "type": "Disease", "identifier": "MESH:D009422", "lemma": "Disease@MESH:D009422"}, {"text": "growth retardation", "type": "Disease", "identifier": "MESH:D006130", "lemma": "Disease@MESH:D006130"}, {"text": "cancer", "type": "Disease", "identifier": "MESH:D009369", "lemma": "Disease@MESH:D009369"}, {"text": "impaired learning and memory", "type": "Disease", "identifier": "MESH:D007859", "lemma": "Disease@MESH:D007859"}, {"text": "SMG6", "type": "Gene", "identifier": "175367", "lemma": "Gene@175367"}, {"text": "SMG6", "type": "Gene", "identifier": "103677", "lemma": "Gene@103677"}, {"text": "TSR1", "type": "Gene", "identifier": "104662", "lemma": "Gene@104662"}, {"text": "SGSM2", "type": "Gene", "identifier": "97761", "lemma": "Gene@97761"}, {"text": "METT10D", "type": "Gene", "identifier": "67493", "lemma": "Gene@67493"}, {"text": "rs216193", "type": "Mutation", "identifier": "rs216193", "lemma": "Mutation@rs216193"}, {"text": "neurotoxicity", "type": "Disease", "identifier": "MESH:D020258", "lemma": "Disease@MESH:D020258"}, {"text": "WWOX", "type": "Gene", "identifier": "51741", "lemma": "Gene@51741"}, {"text": "FRA16D", "type": "Gene", "identifier": "2463", "lemma": "Gene@2463"}, {"text": "pancreatic carcinoma", "type": "Disease", "identifier": "MESH:C562463", "lemma": "Disease@MESH:C562463"}, {"text": "adult obesity", "type": "Disease", "identifier": "MESH:D009765", "lemma": "Disease@MESH:D009765"}, {"text": "KvLQT1", "type": "Gene", "identifier": "84020", "lemma": "Gene@84020"}, {"text": "cardiac dysfunctions", "type": "Disease", "identifier": "MESH:D006331", "lemma": "Disease@MESH:D006331"}, {"text": "long QT syndrome", "type": "Disease", "identifier": "MESH:D008133", "lemma": "Disease@MESH:D008133"}, {"text": "familial atrial fibrillation", "type": "Disease", "identifier": "MESH:D001281", "lemma": "Disease@MESH:D001281"}, {"text": "Chia", "type": "Gene", "identifier": "81600", "lemma": "Gene@81600"}, {"text": "gestational diabetes", "type": "Disease", "identifier": "MESH:D016640", "lemma": "Disease@MESH:D016640"}, {"text": "Atherosclerosis", "type": "Disease", "identifier": "MESH:D050197", "lemma": "Disease@MESH:D050197"}, {"text": "metabolic syndrome", "type": "Disease", "identifier": "MESH:D008659", "lemma": "Disease@MESH:D008659"}, {"text": "glucose and insulin metabolism", "type": "Disease", "identifier": "MESH:D044882", "lemma": "Disease@MESH:D044882"}, {"text": "diabetic nephropathy", "type": "Disease", "identifier": "MESH:D003928", "lemma": "Disease@MESH:D003928"}, {"text": "Pro12Ala", "type": "Mutation", "identifier": "rs1801282", "lemma": "Mutation@rs1801282"}, {"text": "sulfonylurea receptor", "type": "Gene", "identifier": "20927", "lemma": "Gene@20927"}, {"text": "E23K", "type": "Mutation", "identifier": "rs5219", "lemma": "Mutation@rs5219"}, {"text": "prostate cancer", "type": "Disease", "identifier": "MESH:D011471", "lemma": "Disease@MESH:D011471"}, {"text": "CDKN2A/B", "type": "Gene", "identifier": "12578;12579", "lemma": "Gene@12578;12579"}, {"text": "Altered glucose homeostasis", "type": "Disease", "identifier": "MESH:D004408", "lemma": "Disease@MESH:D004408"}, {"text": "neuroendocrine defects", "type": "Disease", "identifier": "MESH:D018358", "lemma": "Disease@MESH:D018358"}, {"text": "LAR", "type": "Gene", "identifier": "5792", "lemma": "Gene@5792"}, {"text": "LIP.1", "type": "Gene", "identifier": "8500", "lemma": "Gene@8500"}, {"text": "lung cancer", "type": "Disease", "identifier": "MESH:D008175", "lemma": "Disease@MESH:D008175"}, {"text": "neurodegeneration", "type": "Disease", "identifier": "MESH:D019636", "lemma": "Disease@MESH:D019636"}, {"text": "breast cancer", "type": "Disease", "identifier": "MESH:D001943", "lemma": "Disease@MESH:D001943"}, {"text": "FHIT", "type": "Gene", "identifier": "14198", "lemma": "Gene@14198"}, {"text": "breast and bladder cancer", "type": "Disease", "identifier": "MESH:D001749", "lemma": "Disease@MESH:D001749"}, {"text": "pancreatic carcinogenesis", "type": "Disease", "identifier": "MESH:D063646", "lemma": "Disease@MESH:D063646"}, {"text": "esophageal squamous cell carcinoma", "type": "Disease", "identifier": "MESH:D000077277", "lemma": "Disease@MESH:D000077277"}, {"text": "non-small cell lung cancer", "type": "Disease", "identifier": "MESH:D002289", "lemma": "Disease@MESH:D002289"}, {"text": "MafA", "type": "Gene", "identifier": "378435", "lemma": "Gene@378435"}, {"text": "Pax-6", "type": "Gene", "identifier": "18508", "lemma": "Gene@18508"}, {"text": "IsK", "type": "Gene", "identifier": "16509", "lemma": "Gene@16509"}, {"text": "Lange-Nielsen cardioauditory syndrome", "type": "Disease", "identifier": "MESH:D029593", "lemma": "Disease@MESH:D029593"}, {"text": "cardiac arrhythmias", "type": "Disease", "identifier": "MESH:D001145", "lemma": "Disease@MESH:D001145"}, {"text": "gastric hyperplasia", "type": "Disease", "identifier": "MESH:D013274", "lemma": "Disease@MESH:D013274"}, {"text": "deafness", "type": "Disease", "identifier": "MESH:D003638", "lemma": "Disease@MESH:D003638"}]}