{"entities": [{"text": "BRCA2-Associated Breast Cancer", "type": "Disease", "identifier": "MESH:D001943", "lemma": "Disease@MESH:D001943"}, {"text": "BRCA2", "type": "Gene", "identifier": "675", "lemma": "Gene@675"}, {"text": "ZNF365", "type": "Gene", "identifier": "22891", "lemma": "Gene@22891"}, {"text": "FGFR2", "type": "Gene", "identifier": "2263", "lemma": "Gene@2263"}, {"text": "rs16917302", "type": "Mutation", "identifier": "rs16917302", "lemma": "Mutation@rs16917302"}, {"text": "6174delT", "type": "Mutation", "identifier": "rs786204278", "lemma": "Mutation@rs786204278"}, {"text": "rs311499", "type": "Mutation", "identifier": "rs311499", "lemma": "Mutation@rs311499"}, {"text": "cancer", "type": "Disease", "identifier": "MESH:D009369", "lemma": "Disease@MESH:D009369"}, {"text": "rs2981575", "type": "Mutation", "identifier": "rs2981575", "lemma": "Mutation@rs2981575"}, {"text": "BRCA1", "type": "Gene", "identifier": "672", "lemma": "Gene@672"}, {"text": "RAD51", "type": "Gene", "identifier": "5888", "lemma": "Gene@5888"}, {"text": "CASP8", "type": "Gene", "identifier": "841", "lemma": "Gene@841"}, {"text": "IGFBP2", "type": "Gene", "identifier": "3485", "lemma": "Gene@3485"}, {"text": "BRCA1/2", "type": "Gene", "identifier": "672;675", "lemma": "Gene@672;675"}, {"text": "135 G>C", "type": "Mutation", "identifier": "rs1801320", "lemma": "Mutation@rs1801320"}, {"text": "ovarian or other cancers", "type": "Disease", "identifier": "MESH:D010051", "lemma": "Disease@MESH:D010051"}, {"text": "TOX3", "type": "Gene", "identifier": "27324", "lemma": "Gene@27324"}, {"text": "p<10-4", "type": "Gene", "identifier": "4820", "lemma": "Gene@4820"}, {"text": "p<10-5", "type": "Gene", "identifier": "4790", "lemma": "Gene@4790"}, {"text": "rs3803662", "type": "Mutation", "identifier": "rs3803662", "lemma": "Mutation@rs3803662"}, {"text": "rs2981582", "type": "Mutation", "identifier": "rs2981582", "lemma": "Mutation@rs2981582"}, {"text": "c.5946delT", "type": "Mutation", "identifier": "rs80359550", "lemma": "Mutation@rs80359550"}, {"text": "PTK6", "type": "Gene", "identifier": "5753", "lemma": "Gene@5753"}, {"text": "STMN3", "type": "Gene", "identifier": "50861", "lemma": "Gene@50861"}, {"text": "TNFRSF6", "type": "Gene", "identifier": "355", "lemma": "Gene@355"}, {"text": "SRMS", "type": "Gene", "identifier": "6725", "lemma": "Gene@6725"}, {"text": "GMEB2", "type": "Gene", "identifier": "26205", "lemma": "Gene@26205"}, {"text": "MAF HR", "type": "Disease", "identifier": "MESH:D001919", "lemma": "Disease@MESH:D001919"}, {"text": "Fanconi anemia", "type": "Disease", "identifier": "MESH:D005199", "lemma": "Disease@MESH:D005199"}, {"text": "rs1691730", "type": "Mutation", "identifier": "rs1691730", "lemma": "Mutation@rs1691730"}, {"text": "autism", "type": "Disease", "identifier": "MESH:D001321", "lemma": "Disease@MESH:D001321"}, {"text": "rs10509168", "type": "Mutation", "identifier": "rs10509168", "lemma": "Mutation@rs10509168"}, {"text": "breast carcinogenesis", "type": "Disease", "identifier": "MESH:D063646", "lemma": "Disease@MESH:D063646"}, {"text": "TP53", "type": "Gene", "identifier": "7157", "lemma": "Gene@7157"}, {"text": "CHEK2", "type": "Gene", "identifier": "11200", "lemma": "Gene@11200"}, {"text": "PTEN", "type": "Gene", "identifier": "5728", "lemma": "Gene@5728"}, {"text": "ATM", "type": "Gene", "identifier": "472", "lemma": "Gene@472"}, {"text": "MAP3K1", "type": "Gene", "identifier": "4214", "lemma": "Gene@4214"}, {"text": "LSP1", "type": "Gene", "identifier": "4046", "lemma": "Gene@4046"}, {"text": "rs3817198", "type": "Mutation", "identifier": "rs3817198", "lemma": "Mutation@rs3817198"}, {"text": "rs889312", "type": "Mutation", "identifier": "rs889312", "lemma": "Mutation@rs889312"}, {"text": "insufficient", "type": "Disease", "identifier": "MESH:D000309", "lemma": "Disease@MESH:D000309"}, {"text": "FBXL7", "type": "Gene", "identifier": "23194", "lemma": "Gene@23194"}, {"text": "rs9393597", "type": "Mutation", "identifier": "rs9393597", "lemma": "Mutation@rs9393597"}, {"text": "rs12652447", "type": "Mutation", "identifier": "rs12652447", "lemma": "Mutation@rs12652447"}, {"text": "progesterone receptor", "type": "Gene", "identifier": "5241", "lemma": "Gene@5241"}, {"text": "p<10-7", "type": "Gene", "identifier": "5933", "lemma": "Gene@5933"}, {"text": "MAF<1%", "type": "Gene", "identifier": "84232", "lemma": "Gene@84232"}, {"text": "IBS", "type": "Disease", "identifier": "MESH:D043183", "lemma": "Disease@MESH:D043183"}, {"text": "Cox", "type": "Gene", "identifier": "1351", "lemma": "Gene@1351"}, {"text": "Lymphoma Foundation", "type": "Disease", "identifier": "MESH:D008223", "lemma": "Disease@MESH:D008223"}, {"text": "rs3834129", "type": "Mutation", "identifier": "rs3834129", "lemma": "Mutation@rs3834129"}, {"text": "D302H", "type": "Mutation", "identifier": "rs1045485", "lemma": "Mutation@rs1045485"}, {"text": "diabetes", "type": "Disease", "identifier": "MESH:D003920", "lemma": "Disease@MESH:D003920"}]}