{"entities": [{"text": "lung cancer", "type": "Disease", "identifier": "MESH:D008175", "lemma": "Disease@MESH:D008175"}, {"text": "rs748404", "type": "Mutation", "identifier": "rs748404", "lemma": "Mutation@rs748404"}, {"text": "rs3117582", "type": "Mutation", "identifier": "rs3117582", "lemma": "Mutation@rs3117582"}, {"text": "rs1926203", "type": "Mutation", "identifier": "rs1926203", "lemma": "Mutation@rs1926203"}, {"text": "rs4975616", "type": "Mutation", "identifier": "rs4975616", "lemma": "Mutation@rs4975616"}, {"text": "rs12914385", "type": "Mutation", "identifier": "rs12914385", "lemma": "Mutation@rs12914385"}, {"text": "rs8034191", "type": "Mutation", "identifier": "rs8034191", "lemma": "Mutation@rs8034191"}, {"text": "cancer death", "type": "Disease", "identifier": "MESH:D003643", "lemma": "Disease@MESH:D003643"}, {"text": "CHRNA3", "type": "Gene", "identifier": "1136", "lemma": "Gene@1136"}, {"text": "CHRNA4", "type": "Gene", "identifier": "1137", "lemma": "Gene@1137"}, {"text": "CHRNA5", "type": "Gene", "identifier": "1138", "lemma": "Gene@1138"}, {"text": "IREB2", "type": "Gene", "identifier": "3658", "lemma": "Gene@3658"}, {"text": "CHRNA", "type": "Gene", "identifier": "1134", "lemma": "Gene@1134"}, {"text": "PSMA4", "type": "Gene", "identifier": "5685", "lemma": "Gene@5685"}, {"text": "TERT", "type": "Gene", "identifier": "7015", "lemma": "Gene@7015"}, {"text": "malignancy", "type": "Disease", "identifier": "MESH:D009369", "lemma": "Disease@MESH:D009369"}, {"text": "Colorectal Cancer", "type": "Disease", "identifier": "MESH:D015179", "lemma": "Disease@MESH:D015179"}, {"text": "P<10-4", "type": "Gene", "identifier": "4820", "lemma": "Gene@4820"}, {"text": "non-small cell lung cancer", "type": "Disease", "identifier": "MESH:D002289", "lemma": "Disease@MESH:D002289"}, {"text": "v2.8", "type": "Gene", "identifier": "28802", "lemma": "Gene@28802"}, {"text": "small cell lung cancer", "type": "Disease", "identifier": "MESH:D055752", "lemma": "Disease@MESH:D055752"}, {"text": "SCLC", "type": "Disease", "identifier": "MESH:D018288", "lemma": "Disease@MESH:D018288"}, {"text": "MAF", "type": "Gene", "identifier": "4094", "lemma": "Gene@4094"}, {"text": "r1 and r2", "type": "Gene", "identifier": "55536;6241", "lemma": "Gene@55536;6241"}, {"text": "CPD", "type": "Disease", "identifier": "MESH:C565865", "lemma": "Disease@MESH:C565865"}, {"text": "v3.2", "type": "Gene", "identifier": "28776", "lemma": "Gene@28776"}, {"text": "CHRNB4", "type": "Gene", "identifier": "1143", "lemma": "Gene@1143"}, {"text": "rs938682", "type": "Mutation", "identifier": "rs938682", "lemma": "Mutation@rs938682"}, {"text": "rs8042374", "type": "Mutation", "identifier": "rs8042374", "lemma": "Mutation@rs8042374"}, {"text": "CLPTM1L", "type": "Gene", "identifier": "81037", "lemma": "Gene@81037"}, {"text": "rs2736100", "type": "Mutation", "identifier": "rs2736100", "lemma": "Mutation@rs2736100"}, {"text": "rs402710", "type": "Mutation", "identifier": "rs402710", "lemma": "Mutation@rs402710"}, {"text": "BAT3", "type": "Gene", "identifier": "7917", "lemma": "Gene@7917"}, {"text": "TNXB", "type": "Gene", "identifier": "7148", "lemma": "Gene@7148"}, {"text": "rs1150752", "type": "Mutation", "identifier": "rs1150752", "lemma": "Mutation@rs1150752"}, {"text": "rs2844363", "type": "Mutation", "identifier": "rs2844363", "lemma": "Mutation@rs2844363"}, {"text": "rs11264329", "type": "Mutation", "identifier": "rs11264329", "lemma": "Mutation@rs11264329"}, {"text": "rs9838682", "type": "Mutation", "identifier": "rs9838682", "lemma": "Mutation@rs9838682"}, {"text": "NSCLC-adenocarcinoma", "type": "Disease", "identifier": "MESH:D000230", "lemma": "Disease@MESH:D000230"}, {"text": "squamous disease", "type": "Disease", "identifier": "MESH:D002294", "lemma": "Disease@MESH:D002294"}, {"text": "Transglutaminase 5", "type": "Gene", "identifier": "9333", "lemma": "Gene@9333"}, {"text": "rs11853991", "type": "Mutation", "identifier": "rs11853991", "lemma": "Mutation@rs11853991"}, {"text": "rs504417", "type": "Mutation", "identifier": "rs504417", "lemma": "Mutation@rs504417"}, {"text": "PAH", "type": "Gene", "identifier": "5053", "lemma": "Gene@5053"}, {"text": "rs401681", "type": "Mutation", "identifier": "rs401681", "lemma": "Mutation@rs401681"}, {"text": "p300", "type": "Gene", "identifier": "2033", "lemma": "Gene@2033"}, {"text": "p53", "type": "Gene", "identifier": "7157", "lemma": "Gene@7157"}, {"text": "familial aggregation", "type": "Disease", "identifier": "MESH:D020914", "lemma": "Disease@MESH:D020914"}, {"text": "CMD", "type": "Disease", "identifier": "MESH:C565145", "lemma": "Disease@MESH:C565145"}, {"text": "Cig", "type": "Gene", "identifier": "2335", "lemma": "Gene@2335"}, {"text": "peripheral arterial disease", "type": "Disease", "identifier": "MESH:D058729", "lemma": "Disease@MESH:D058729"}, {"text": "GEnetic Lung CAncer", "type": "Disease", "identifier": "MESH:D030342", "lemma": "Disease@MESH:D030342"}, {"text": "ovarian tumor", "type": "Disease", "identifier": "MESH:D010051", "lemma": "Disease@MESH:D010051"}]}