{"entities": [{"text": "CETP", "type": "Gene", "identifier": "1071", "lemma": "Gene@1071"}, {"text": "LPL", "type": "Gene", "identifier": "4023", "lemma": "Gene@4023"}, {"text": "metabolic syndrome", "type": "Disease", "identifier": "MESH:D008659", "lemma": "Disease@MESH:D008659"}, {"text": "abdominal obesity", "type": "Disease", "identifier": "MESH:D056128", "lemma": "Disease@MESH:D056128"}, {"text": "diabetes", "type": "Disease", "identifier": "MESH:D003920", "lemma": "Disease@MESH:D003920"}, {"text": "Type 2 diabetes", "type": "Disease", "identifier": "MESH:D003924", "lemma": "Disease@MESH:D003924"}, {"text": "dyslipidemia", "type": "Disease", "identifier": "MESH:D050171", "lemma": "Disease@MESH:D050171"}, {"text": "coronary heart disease", "type": "Disease", "identifier": "MESH:D003324", "lemma": "Disease@MESH:D003324"}, {"text": "illness and death", "type": "Disease", "identifier": "MESH:D003643", "lemma": "Disease@MESH:D003643"}, {"text": "TCF7L2", "type": "Gene", "identifier": "6934", "lemma": "Gene@6934"}, {"text": "p<10-5", "type": "Gene", "identifier": "1012", "lemma": "Gene@1012"}, {"text": "SBP", "type": "Gene", "identifier": "8991", "lemma": "Gene@8991"}, {"text": "SD", "type": "Disease", "identifier": "MESH:D029461", "lemma": "Disease@MESH:D029461"}, {"text": "Hypertension", "type": "Disease", "identifier": "MESH:D006973", "lemma": "Disease@MESH:D006973"}, {"text": "rs174546", "type": "Mutation", "identifier": "rs174546", "lemma": "Mutation@rs174546"}, {"text": "FADS1", "type": "Gene", "identifier": "3992", "lemma": "Gene@3992"}, {"text": "FADS2", "type": "Gene", "identifier": "9415", "lemma": "Gene@9415"}, {"text": "ENG", "type": "Gene", "identifier": "2022", "lemma": "Gene@2022"}, {"text": "rs7903146", "type": "Mutation", "identifier": "rs7903146", "lemma": "Mutation@rs7903146"}, {"text": "rs1535", "type": "Mutation", "identifier": "rs1535", "lemma": "Mutation@rs1535"}, {"text": "rs9989419", "type": "Mutation", "identifier": "rs9989419", "lemma": "Mutation@rs9989419"}, {"text": "rs4523270", "type": "Mutation", "identifier": "rs4523270", "lemma": "Mutation@rs4523270"}, {"text": "rs496300", "type": "Mutation", "identifier": "rs496300", "lemma": "Mutation@rs496300"}, {"text": "rs7865146", "type": "Mutation", "identifier": "rs7865146", "lemma": "Mutation@rs7865146"}, {"text": "rs2083637", "type": "Mutation", "identifier": "rs2083637", "lemma": "Mutation@rs2083637"}, {"text": "rs3764261", "type": "Mutation", "identifier": "rs3764261", "lemma": "Mutation@rs3764261"}, {"text": "FTO", "type": "Gene", "identifier": "79068", "lemma": "Gene@79068"}, {"text": "PMAIP1", "type": "Gene", "identifier": "5366", "lemma": "Gene@5366"}, {"text": "MC4R", "type": "Gene", "identifier": "4160", "lemma": "Gene@4160"}, {"text": "Rs12957347", "type": "Mutation", "identifier": "Rs12957347", "lemma": "Mutation@Rs12957347"}, {"text": "rs12970134", "type": "Mutation", "identifier": "rs12970134", "lemma": "Mutation@rs12970134"}, {"text": "rs12957347", "type": "Mutation", "identifier": "rs12957347", "lemma": "Mutation@rs12957347"}, {"text": "obesity", "type": "Disease", "identifier": "MESH:D009765", "lemma": "Disease@MESH:D009765"}, {"text": "rs8050136", "type": "Mutation", "identifier": "rs8050136", "lemma": "Mutation@rs8050136"}, {"text": "rs3751812", "type": "Mutation", "identifier": "rs3751812", "lemma": "Mutation@rs3751812"}, {"text": "C11orf10", "type": "Gene", "identifier": "746", "lemma": "Gene@746"}, {"text": "insulin", "type": "Gene", "identifier": "3630", "lemma": "Gene@3630"}, {"text": "CDKAL1", "type": "Gene", "identifier": "54901", "lemma": "Gene@54901"}]}