{"entities": [{"text": "Alzheimer's Disease", "type": "Disease", "identifier": "MESH:D000544", "lemma": "Disease@MESH:D000544"}, {"text": "CLU", "type": "Gene", "identifier": "1191", "lemma": "Gene@1191"}, {"text": "PICALM", "type": "Gene", "identifier": "8301", "lemma": "Gene@8301"}, {"text": "CR1", "type": "Gene", "identifier": "1378", "lemma": "Gene@1378"}, {"text": "BIN1", "type": "Gene", "identifier": "274", "lemma": "Gene@274"}, {"text": "EXOC3L2", "type": "Gene", "identifier": "90332", "lemma": "Gene@90332"}, {"text": "BLOC1S3", "type": "Gene", "identifier": "388552", "lemma": "Gene@388552"}, {"text": "MARK4", "type": "Gene", "identifier": "57787", "lemma": "Gene@57787"}, {"text": "APOE", "type": "Gene", "identifier": "348", "lemma": "Gene@348"}, {"text": "rs597668", "type": "Mutation", "identifier": "rs597668", "lemma": "Mutation@rs597668"}, {"text": "rs744373", "type": "Mutation", "identifier": "rs744373", "lemma": "Mutation@rs744373"}, {"text": "presenilin-1", "type": "Gene", "identifier": "5663", "lemma": "Gene@5663"}, {"text": "presenilin-2", "type": "Gene", "identifier": "5664", "lemma": "Gene@5664"}, {"text": "GAB2", "type": "Gene", "identifier": "9846", "lemma": "Gene@9846"}, {"text": "protocadherin 11 x-linked", "type": "Gene", "identifier": "27328", "lemma": "Gene@27328"}, {"text": "lecithin retinol acyltransferase", "type": "Gene", "identifier": "9227", "lemma": "Gene@9227"}, {"text": "TRPC4AP", "type": "Gene", "identifier": "26133", "lemma": "Gene@26133"}, {"text": "Stroke", "type": "Disease", "identifier": "MESH:D020521", "lemma": "Disease@MESH:D020521"}, {"text": "dementia", "type": "Disease", "identifier": "MESH:D003704", "lemma": "Disease@MESH:D003704"}, {"text": "Mental Disorders", "type": "Disease", "identifier": "MESH:D001523", "lemma": "Disease@MESH:D001523"}, {"text": "Neurological and Communicative Disorders", "type": "Disease", "identifier": "MESH:D009422", "lemma": "Disease@MESH:D009422"}, {"text": "Cox", "type": "Gene", "identifier": "1351", "lemma": "Gene@1351"}, {"text": "CHS", "type": "Gene", "identifier": "1130", "lemma": "Gene@1130"}, {"text": "ACE", "type": "Gene", "identifier": "1636", "lemma": "Gene@1636"}, {"text": "TOMM40", "type": "Gene", "identifier": "10452", "lemma": "Gene@10452"}, {"text": "APOC1", "type": "Gene", "identifier": "341", "lemma": "Gene@341"}, {"text": "gen", "type": "Gene", "identifier": "348654", "lemma": "Gene@348654"}, {"text": "EPH receptor A1", "type": "Gene", "identifier": "2041", "lemma": "Gene@2041"}, {"text": "rs11771145", "type": "Mutation", "identifier": "rs11771145", "lemma": "Mutation@rs11771145"}, {"text": "rs11136000", "type": "Mutation", "identifier": "rs11136000", "lemma": "Mutation@rs11136000"}, {"text": "rs3851179", "type": "Mutation", "identifier": "rs3851179", "lemma": "Mutation@rs3851179"}, {"text": "rs2075650", "type": "Mutation", "identifier": "rs2075650", "lemma": "Mutation@rs2075650"}, {"text": "Rs744373", "type": "Mutation", "identifier": "Rs744373", "lemma": "Mutation@Rs744373"}, {"text": "rs429358", "type": "Mutation", "identifier": "rs429358", "lemma": "Mutation@rs429358"}, {"text": "rs157582", "type": "Mutation", "identifier": "rs157582", "lemma": "Mutation@rs157582"}, {"text": "rs4420638", "type": "Mutation", "identifier": "rs4420638", "lemma": "Mutation@rs4420638"}, {"text": "rs3818361", "type": "Mutation", "identifier": "rs3818361", "lemma": "Mutation@rs3818361"}, {"text": "rs6857", "type": "Mutation", "identifier": "rs6857", "lemma": "Mutation@rs6857"}, {"text": "rs6859", "type": "Mutation", "identifier": "rs6859", "lemma": "Mutation@rs6859"}, {"text": "rs10119", "type": "Mutation", "identifier": "rs10119", "lemma": "Mutation@rs10119"}, {"text": "sortilin-related receptor L(DLR class A) repeats-containing", "type": "Gene", "identifier": "6653", "lemma": "Gene@6653"}, {"text": "rs4362", "type": "Mutation", "identifier": "rs4362", "lemma": "Mutation@rs4362"}, {"text": "rs1784933", "type": "Mutation", "identifier": "rs1784933", "lemma": "Mutation@rs1784933"}, {"text": "BIN1", "type": "Gene", "identifier": "30948", "lemma": "Gene@30948"}, {"text": "seizures", "type": "Disease", "identifier": "MESH:D012640", "lemma": "Disease@MESH:D012640"}, {"text": "major learning deficits", "type": "Disease", "identifier": "MESH:D007859", "lemma": "Disease@MESH:D007859"}, {"text": "schizophrenia", "type": "Disease", "identifier": "MESH:D012559", "lemma": "Disease@MESH:D012559"}, {"text": "USP9X", "type": "Gene", "identifier": "8239", "lemma": "Gene@8239"}, {"text": "Drs", "type": "Gene", "identifier": "8406", "lemma": "Gene@8406"}, {"text": "BMP", "type": "Gene", "identifier": "649", "lemma": "Gene@649"}, {"text": "ALF", "type": "Gene", "identifier": "11036", "lemma": "Gene@11036"}, {"text": "RCP", "type": "Gene", "identifier": "27297", "lemma": "Gene@27297"}, {"text": "JTB", "type": "Gene", "identifier": "10899", "lemma": "Gene@10899"}, {"text": "SGY", "type": "Gene", "identifier": "27120", "lemma": "Gene@27120"}, {"text": "ALD", "type": "Disease", "identifier": "MESH:D000326", "lemma": "Disease@MESH:D000326"}, {"text": "RA", "type": "Disease", "identifier": "MESH:D001172", "lemma": "Disease@MESH:D001172"}, {"text": "ML", "type": "Disease", "identifier": "MESH:C537366", "lemma": "Disease@MESH:C537366"}, {"text": "AGU", "type": "Disease", "identifier": "MESH:D054880", "lemma": "Disease@MESH:D054880"}, {"text": "AH", "type": "Disease", "identifier": "MESH:D007039", "lemma": "Disease@MESH:D007039"}, {"text": "SD", "type": "Disease", "identifier": "MESH:D029461", "lemma": "Disease@MESH:D029461"}, {"text": "CHS                FHS                Rotterdam", "type": "Disease", "identifier": "MESH:D002609", "lemma": "Disease@MESH:D002609"}, {"text": "MAF", "type": "Gene", "identifier": "4094", "lemma": "Gene@4094"}, {"text": "p<10-5", "type": "Gene", "identifier": "4790", "lemma": "Gene@4790"}, {"text": "LTBP2", "type": "Gene", "identifier": "4053", "lemma": "Gene@4053"}, {"text": "PRSS7", "type": "Gene", "identifier": "5651", "lemma": "Gene@5651"}, {"text": "PRDM2", "type": "Gene", "identifier": "7799", "lemma": "Gene@7799"}, {"text": "AKAP6", "type": "Gene", "identifier": "9472", "lemma": "Gene@9472"}, {"text": "rs4296166", "type": "Mutation", "identifier": "rs4296166", "lemma": "Mutation@rs4296166"}, {"text": "rs2825544", "type": "Mutation", "identifier": "rs2825544", "lemma": "Mutation@rs2825544"}, {"text": "rs2043948", "type": "Mutation", "identifier": "rs2043948", "lemma": "Mutation@rs2043948"}, {"text": "rs7527934", "type": "Mutation", "identifier": "rs7527934", "lemma": "Mutation@rs7527934"}, {"text": "GOLPH2", "type": "Gene", "identifier": "51280", "lemma": "Gene@51280"}, {"text": "Amphiphysin", "type": "Gene", "identifier": "273", "lemma": "Gene@273"}, {"text": "cognitive deficits", "type": "Disease", "identifier": "MESH:D003072", "lemma": "Disease@MESH:D003072"}, {"text": "snapin", "type": "Gene", "identifier": "23557", "lemma": "Gene@23557"}, {"text": "BLOS1", "type": "Gene", "identifier": "2647", "lemma": "Gene@2647"}, {"text": "BLOS2", "type": "Gene", "identifier": "282991", "lemma": "Gene@282991"}, {"text": "Dysbindin", "type": "Gene", "identifier": "84062", "lemma": "Gene@84062"}, {"text": "schizophrenia and bipolar disorder", "type": "Disease", "identifier": "MESH:D001714", "lemma": "Disease@MESH:D001714"}]}