{"entities": [{"text": "lung cancer", "type": "Disease", "identifier": "MESH:D008175", "lemma": "Disease@MESH:D008175"}, {"text": "cancer", "type": "Disease", "identifier": "MESH:D009369", "lemma": "Disease@MESH:D009369"}, {"text": "MD Anderson Cancer", "type": "Disease", "identifier": "MESH:C535460", "lemma": "Disease@MESH:C535460"}, {"text": "GPC5", "type": "Gene", "identifier": "2262", "lemma": "Gene@2262"}, {"text": "rs2352028", "type": "Mutation", "identifier": "rs2352028", "lemma": "Mutation@rs2352028"}, {"text": "lung adenocarcinoma", "type": "Disease", "identifier": "MESH:D000077192", "lemma": "Disease@MESH:D000077192"}, {"text": "viral infections", "type": "Disease", "identifier": "MESH:D001102", "lemma": "Disease@MESH:D001102"}, {"text": "RGS17", "type": "Gene", "identifier": "26575", "lemma": "Gene@26575"}, {"text": "chronic obstructive pulmonary disease", "type": "Disease", "identifier": "MESH:D029424", "lemma": "Disease@MESH:D029424"}, {"text": "cardiothoracic conditions", "type": "Disease", "identifier": "MESH:D009135", "lemma": "Disease@MESH:D009135"}, {"text": "tract cancers", "type": "Disease", "identifier": "MESH:D014571", "lemma": "Disease@MESH:D014571"}, {"text": "rs2352029", "type": "Mutation", "identifier": "rs2352029", "lemma": "Mutation@rs2352029"}, {"text": "adenocarcinoma", "type": "Disease", "identifier": "MESH:D000230", "lemma": "Disease@MESH:D000230"}, {"text": "sarcomatoid", "type": "Disease", "identifier": "MESH:C538614", "lemma": "Disease@MESH:C538614"}, {"text": "p 17", "type": "Gene", "identifier": "653820", "lemma": "Gene@653820"}, {"text": "carcinoid tumour", "type": "Disease", "identifier": "MESH:D002276", "lemma": "Disease@MESH:D002276"}, {"text": "DCC", "type": "Gene", "identifier": "1630", "lemma": "Gene@1630"}, {"text": "rs11183940", "type": "Mutation", "identifier": "rs11183940", "lemma": "Mutation@rs11183940"}, {"text": "NSCLC", "type": "Disease", "identifier": "MESH:D002289", "lemma": "Disease@MESH:D002289"}, {"text": "rs10880785", "type": "Mutation", "identifier": "rs10880785", "lemma": "Mutation@rs10880785"}, {"text": "adenocarcinoma-only", "type": "Disease", "identifier": "MESH:D054331", "lemma": "Disease@MESH:D054331"}, {"text": "p 18", "type": "Gene", "identifier": "100689229", "lemma": "Gene@100689229"}, {"text": "p 7", "type": "Gene", "identifier": "84068", "lemma": "Gene@84068"}, {"text": "p 6", "type": "Gene", "identifier": "5393", "lemma": "Gene@5393"}, {"text": "p 9", "type": "Gene", "identifier": "11340", "lemma": "Gene@11340"}, {"text": "p 8", "type": "Gene", "identifier": "6279", "lemma": "Gene@6279"}, {"text": "OR 1 46", "type": "Gene", "identifier": "79322", "lemma": "Gene@79322"}, {"text": "p 10", "type": "Gene", "identifier": "6281", "lemma": "Gene@6281"}, {"text": "AGTR1", "type": "Gene", "identifier": "185", "lemma": "Gene@185"}, {"text": "ASTN2", "type": "Gene", "identifier": "23245", "lemma": "Gene@23245"}, {"text": "KIAA1217", "type": "Gene", "identifier": "56243", "lemma": "Gene@56243"}, {"text": "SGPL1", "type": "Gene", "identifier": "8879", "lemma": "Gene@8879"}, {"text": "SERPINF1", "type": "Gene", "identifier": "5176", "lemma": "Gene@5176"}, {"text": "SDK2", "type": "Gene", "identifier": "54549", "lemma": "Gene@54549"}, {"text": "CACNA2D1", "type": "Gene", "identifier": "781", "lemma": "Gene@781"}, {"text": "small-cell carcinoma", "type": "Disease", "identifier": "MESH:D018288", "lemma": "Disease@MESH:D018288"}, {"text": "large-cell carcinoma", "type": "Disease", "identifier": "MESH:D018287", "lemma": "Disease@MESH:D018287"}, {"text": "p 19", "type": "Gene", "identifier": "51561", "lemma": "Gene@51561"}, {"text": "declines", "type": "Disease", "identifier": "MESH:D060825", "lemma": "Disease@MESH:D060825"}, {"text": "interferon-beta", "type": "Gene", "identifier": "3456", "lemma": "Gene@3456"}, {"text": "multiple sclerosis", "type": "Disease", "identifier": "MESH:D009103", "lemma": "Disease@MESH:D009103"}, {"text": "lung hypoplasia", "type": "Disease", "identifier": "MESH:D008171", "lemma": "Disease@MESH:D008171"}, {"text": "lymphomas", "type": "Disease", "identifier": "MESH:D008223", "lemma": "Disease@MESH:D008223"}, {"text": "neurological tumours", "type": "Disease", "identifier": "MESH:D009461", "lemma": "Disease@MESH:D009461"}, {"text": "breast cancers", "type": "Disease", "identifier": "MESH:D001943", "lemma": "Disease@MESH:D001943"}, {"text": "S-CC", "type": "Gene", "identifier": "6317", "lemma": "Gene@6317"}, {"text": "TERT", "type": "Gene", "identifier": "7015", "lemma": "Gene@7015"}, {"text": "CLPTM1L", "type": "Gene", "identifier": "81037", "lemma": "Gene@81037"}, {"text": "CHRNA5", "type": "Gene", "identifier": "1138", "lemma": "Gene@1138"}, {"text": "CHRNA3", "type": "Gene", "identifier": "1136", "lemma": "Gene@1136"}, {"text": "DDX5", "type": "Gene", "identifier": "1655", "lemma": "Gene@1655"}, {"text": "N-myc", "type": "Gene", "identifier": "4613", "lemma": "Gene@4613"}, {"text": "follicular lymphoma", "type": "Disease", "identifier": "MESH:D008224", "lemma": "Disease@MESH:D008224"}, {"text": "fibroadenomas", "type": "Disease", "identifier": "MESH:D018226", "lemma": "Disease@MESH:D018226"}, {"text": "PCDH20", "type": "Gene", "identifier": "64881", "lemma": "Gene@64881"}, {"text": "sclerosis", "type": "Disease", "identifier": "MESH:D012598", "lemma": "Disease@MESH:D012598"}]}