{"entities": [{"text": "Type 1 Diabetes", "type": "Disease", "identifier": "MESH:D003922", "lemma": "Disease@MESH:D003922"}, {"text": "diabetes", "type": "Disease", "identifier": "MESH:D003920", "lemma": "Disease@MESH:D003920"}, {"text": "multifactorial disease", "type": "Disease", "identifier": "MESH:D004194", "lemma": "Disease@MESH:D004194"}, {"text": "UBASH3A", "type": "Gene", "identifier": "53347", "lemma": "Gene@53347"}, {"text": "BACH2", "type": "Gene", "identifier": "60468", "lemma": "Gene@60468"}, {"text": "rs3757247", "type": "Mutation", "identifier": "rs3757247", "lemma": "Mutation@rs3757247"}, {"text": "rs9976767", "type": "Mutation", "identifier": "rs9976767", "lemma": "Mutation@rs9976767"}, {"text": "pancreatic", "type": "Disease", "identifier": "MESH:D010195", "lemma": "Disease@MESH:D010195"}, {"text": "KIAA0350", "type": "Gene", "identifier": "23274", "lemma": "Gene@23274"}, {"text": "p11", "type": "Gene", "identifier": "6281", "lemma": "Gene@6281"}, {"text": "insulin", "type": "Gene", "identifier": "3630", "lemma": "Gene@3630"}, {"text": "Diabetes Complications", "type": "Disease", "identifier": "MESH:D003925", "lemma": "Disease@MESH:D003925"}, {"text": "retinopathy", "type": "Disease", "identifier": "MESH:D012164", "lemma": "Disease@MESH:D012164"}, {"text": "retinopathy and nephropathy complications", "type": "Disease", "identifier": "MESH:D007674", "lemma": "Disease@MESH:D007674"}, {"text": "PTPN22", "type": "Gene", "identifier": "26191", "lemma": "Gene@26191"}, {"text": "IL2RA", "type": "Gene", "identifier": "3559", "lemma": "Gene@3559"}, {"text": "CTLA4", "type": "Gene", "identifier": "1493", "lemma": "Gene@1493"}, {"text": "IFIH1", "type": "Gene", "identifier": "64135", "lemma": "Gene@64135"}, {"text": "Sts2", "type": "Gene", "identifier": "328795", "lemma": "Gene@328795"}, {"text": "Sts1", "type": "Gene", "identifier": "72828", "lemma": "Gene@72828"}, {"text": "STS1", "type": "Gene", "identifier": "84959", "lemma": "Gene@84959"}, {"text": "Bach2", "type": "Gene", "identifier": "12014", "lemma": "Gene@12014"}, {"text": "EDG7", "type": "Gene", "identifier": "23566", "lemma": "Gene@23566"}, {"text": "GLIS3", "type": "Gene", "identifier": "169792", "lemma": "Gene@169792"}, {"text": "RASGRP1", "type": "Gene", "identifier": "10125", "lemma": "Gene@10125"}, {"text": "autoimmunity of systemic lupus erythematosus", "type": "Disease", "identifier": "MESH:D008180", "lemma": "Disease@MESH:D008180"}, {"text": "congenital hypothyroidism", "type": "Disease", "identifier": "MESH:D003409", "lemma": "Disease@MESH:D003409"}, {"text": "rs1983853", "type": "Mutation", "identifier": "rs1983853", "lemma": "Mutation@rs1983853"}, {"text": "rare syndrome", "type": "Disease", "identifier": "MESH:D035583", "lemma": "Disease@MESH:D035583"}, {"text": "C12orf30", "type": "Gene", "identifier": "80018", "lemma": "Gene@80018"}, {"text": "rs17696736", "type": "Mutation", "identifier": "rs17696736", "lemma": "Mutation@rs17696736"}, {"text": "Mendelian error", "type": "Disease", "identifier": "MESH:D012030", "lemma": "Disease@MESH:D012030"}, {"text": "rs10758593", "type": "Mutation", "identifier": "rs10758593", "lemma": "Mutation@rs10758593"}, {"text": "rs10758594", "type": "Mutation", "identifier": "rs10758594", "lemma": "Mutation@rs10758594"}, {"text": "MHC", "type": "Gene", "identifier": "3107", "lemma": "Gene@3107"}, {"text": "TDT", "type": "Gene", "identifier": "1791", "lemma": "Gene@1791"}, {"text": "Ctrl", "type": "Gene", "identifier": "1506", "lemma": "Gene@1506"}, {"text": "rs7073236", "type": "Mutation", "identifier": "rs7073236", "lemma": "Mutation@rs7073236"}, {"text": "rs1701704", "type": "Mutation", "identifier": "rs1701704", "lemma": "Mutation@rs1701704"}, {"text": "rs725613", "type": "Mutation", "identifier": "rs725613", "lemma": "Mutation@rs725613"}, {"text": "rs1035089", "type": "Mutation", "identifier": "rs1035089", "lemma": "Mutation@rs1035089"}, {"text": "rs10876864", "type": "Mutation", "identifier": "rs10876864", "lemma": "Mutation@rs10876864"}, {"text": "rs12931878", "type": "Mutation", "identifier": "rs12931878", "lemma": "Mutation@rs12931878"}, {"text": "rs231726", "type": "Mutation", "identifier": "rs231726", "lemma": "Mutation@rs231726"}, {"text": "rs17673553", "type": "Mutation", "identifier": "rs17673553", "lemma": "Mutation@rs17673553"}, {"text": "rs8035957", "type": "Mutation", "identifier": "rs8035957", "lemma": "Mutation@rs8035957"}, {"text": "rs1004446", "type": "Mutation", "identifier": "rs1004446", "lemma": "Mutation@rs1004446"}, {"text": "rs2041670", "type": "Mutation", "identifier": "rs2041670", "lemma": "Mutation@rs2041670"}, {"text": "rs2358994", "type": "Mutation", "identifier": "rs2358994", "lemma": "Mutation@rs2358994"}, {"text": "rs7072793", "type": "Mutation", "identifier": "rs7072793", "lemma": "Mutation@rs7072793"}, {"text": "rs1024161", "type": "Mutation", "identifier": "rs1024161", "lemma": "Mutation@rs1024161"}, {"text": "rs2111485", "type": "Mutation", "identifier": "rs2111485", "lemma": "Mutation@rs2111485"}, {"text": "rs3118470", "type": "Mutation", "identifier": "rs3118470", "lemma": "Mutation@rs3118470"}, {"text": "rs11171710", "type": "Mutation", "identifier": "rs11171710", "lemma": "Mutation@rs11171710"}, {"text": "rs1230661", "type": "Mutation", "identifier": "rs1230661", "lemma": "Mutation@rs1230661"}, {"text": "rs7529353", "type": "Mutation", "identifier": "rs7529353", "lemma": "Mutation@rs7529353"}, {"text": "rs12566340", "type": "Mutation", "identifier": "rs12566340", "lemma": "Mutation@rs12566340"}, {"text": "rs926169", "type": "Mutation", "identifier": "rs926169", "lemma": "Mutation@rs926169"}, {"text": "rs4839335", "type": "Mutation", "identifier": "rs4839335", "lemma": "Mutation@rs4839335"}, {"text": "rs7520320", "type": "Mutation", "identifier": "rs7520320", "lemma": "Mutation@rs7520320"}, {"text": "rs1217407", "type": "Mutation", "identifier": "rs1217407", "lemma": "Mutation@rs1217407"}, {"text": "rs1990760", "type": "Mutation", "identifier": "rs1990760", "lemma": "Mutation@rs1990760"}, {"text": "rs12029644", "type": "Mutation", "identifier": "rs12029644", "lemma": "Mutation@rs12029644"}, {"text": "rs706779", "type": "Mutation", "identifier": "rs706779", "lemma": "Mutation@rs706779"}, {"text": "rs13330041", "type": "Mutation", "identifier": "rs13330041", "lemma": "Mutation@rs13330041"}]}