{"entities": [{"text": "CLU", "type": "Gene", "identifier": "1191", "lemma": "Gene@1191"}, {"text": "PICALM", "type": "Gene", "identifier": "8301", "lemma": "Gene@8301"}, {"text": "Alzheimer's disease", "type": "Disease", "identifier": "MESH:D000544", "lemma": "Disease@MESH:D000544"}, {"text": "APOE", "type": "Gene", "identifier": "348", "lemma": "Gene@348"}, {"text": "BIN1", "type": "Gene", "identifier": "274", "lemma": "Gene@274"}, {"text": "DAB1", "type": "Gene", "identifier": "1600", "lemma": "Gene@1600"}, {"text": "CR1", "type": "Gene", "identifier": "1378", "lemma": "Gene@1378"}, {"text": "rs3851179", "type": "Mutation", "identifier": "rs3851179", "lemma": "Mutation@rs3851179"}, {"text": "rs11136000", "type": "Mutation", "identifier": "rs11136000", "lemma": "Mutation@rs11136000"}, {"text": "rs2075650", "type": "Mutation", "identifier": "rs2075650", "lemma": "Mutation@rs2075650"}, {"text": "presenilin 1 and 2", "type": "Gene", "identifier": "5663;5664", "lemma": "Gene@5663;5664"}, {"text": "PSEN1", "type": "Gene", "identifier": "5663", "lemma": "Gene@5663"}, {"text": "PSEN2", "type": "Gene", "identifier": "5664", "lemma": "Gene@5664"}, {"text": "beta-amyloid (Abeta)", "type": "Gene", "identifier": "351", "lemma": "Gene@351"}, {"text": "dementia", "type": "Disease", "identifier": "MESH:D003704", "lemma": "Disease@MESH:D003704"}, {"text": "GWS SNPS map", "type": "Disease", "identifier": "MESH:C535477", "lemma": "Disease@MESH:C535477"}, {"text": "rs7982", "type": "Mutation", "identifier": "rs7982", "lemma": "Mutation@rs7982"}, {"text": "rs561655", "type": "Mutation", "identifier": "rs561655", "lemma": "Mutation@rs561655"}, {"text": "rs592297", "type": "Mutation", "identifier": "rs592297", "lemma": "Mutation@rs592297"}, {"text": "rs541458", "type": "Mutation", "identifier": "rs541458", "lemma": "Mutation@rs541458"}, {"text": "vesicle endoctyosis", "type": "Disease", "identifier": "MESH:C567751", "lemma": "Disease@MESH:C567751"}, {"text": "apolipoprotein", "type": "Gene", "identifier": "348;11816", "lemma": "Gene@348;11816"}, {"text": "injury or chronic inflammation of the brain", "type": "Disease", "identifier": "MESH:D004660", "lemma": "Disease@MESH:D004660"}, {"text": "toxicity", "type": "Disease", "identifier": "MESH:D064420", "lemma": "Disease@MESH:D064420"}, {"text": "CALM", "type": "Gene", "identifier": "9892", "lemma": "Gene@9892"}, {"text": "VAMP2", "type": "Gene", "identifier": "6844", "lemma": "Gene@6844"}, {"text": "lymphoid-myeloid leukemia", "type": "Disease", "identifier": "MESH:D007951", "lemma": "Disease@MESH:D007951"}, {"text": "cognitive defects", "type": "Disease", "identifier": "MESH:D003072", "lemma": "Disease@MESH:D003072"}, {"text": "Type 2 diabetes", "type": "Disease", "identifier": "MESH:D003924", "lemma": "Disease@MESH:D003924"}, {"text": "Recall", "type": "Disease", "identifier": "MESH:D008569", "lemma": "Disease@MESH:D008569"}, {"text": "Hardy-Weinberg P", "type": "Disease", "identifier": "MESH:C000656865", "lemma": "Disease@MESH:C000656865"}, {"text": "MDS", "type": "Disease", "identifier": "MESH:D009190", "lemma": "Disease@MESH:D009190"}, {"text": "IBS", "type": "Disease", "identifier": "MESH:D043183", "lemma": "Disease@MESH:D043183"}, {"text": "rs5984894", "type": "Mutation", "identifier": "rs5984894", "lemma": "Mutation@rs5984894"}, {"text": "inflation of type I error", "type": "Disease", "identifier": "MESH:D005776", "lemma": "Disease@MESH:D005776"}, {"text": "rs429358", "type": "Mutation", "identifier": "rs429358", "lemma": "Mutation@rs429358"}, {"text": "MRC, 3) ART, 4", "type": "Gene", "identifier": "420", "lemma": "Gene@420"}, {"text": "mpg", "type": "Gene", "identifier": "4350", "lemma": "Gene@4350"}, {"text": "PCDH11X", "type": "Gene", "identifier": "27328", "lemma": "Gene@27328"}, {"text": "GAB2", "type": "Gene", "identifier": "9846", "lemma": "Gene@9846"}, {"text": "VLDL receptor", "type": "Gene", "identifier": "7436", "lemma": "Gene@7436"}, {"text": "ApoE receptor 2", "type": "Gene", "identifier": "7804", "lemma": "Gene@7804"}, {"text": "apolipoproteins J and E", "type": "Gene", "identifier": "1191;348", "lemma": "Gene@1191;348"}, {"text": "Glycoprotein 330", "type": "Gene", "identifier": "4036", "lemma": "Gene@4036"}, {"text": "Apolipoprotein E", "type": "Gene", "identifier": "11816", "lemma": "Gene@11816"}, {"text": "V717F", "type": "Mutation", "identifier": "rs63750264", "lemma": "Mutation@rs63750264"}, {"text": "alpha 1-antichymotrypsin", "type": "Gene", "identifier": "12", "lemma": "Gene@12"}, {"text": "neurotoxicity", "type": "Disease", "identifier": "MESH:D020258", "lemma": "Disease@MESH:D020258"}, {"text": "Clusterin", "type": "Gene", "identifier": "12759", "lemma": "Gene@12759"}, {"text": "neuritic toxicity", "type": "Disease", "identifier": "MESH:D058225", "lemma": "Disease@MESH:D058225"}, {"text": "AF10", "type": "Gene", "identifier": "8028", "lemma": "Gene@8028"}, {"text": "endocytic-coated pits", "type": "Disease", "identifier": "MESH:D058456", "lemma": "Disease@MESH:D058456"}, {"text": "diabetes", "type": "Disease", "identifier": "MESH:D003920", "lemma": "Disease@MESH:D003920"}, {"text": "PVRL2", "type": "Gene", "identifier": "5819", "lemma": "Gene@5819"}, {"text": "rs8106922", "type": "Mutation", "identifier": "rs8106922", "lemma": "Mutation@rs8106922"}, {"text": "rs405509", "type": "Mutation", "identifier": "rs405509", "lemma": "Mutation@rs405509"}, {"text": "rs6859", "type": "Mutation", "identifier": "rs6859", "lemma": "Mutation@rs6859"}, {"text": "rs157580", "type": "Mutation", "identifier": "rs157580", "lemma": "Mutation@rs157580"}, {"text": "MS4A6A", "type": "Gene", "identifier": "64231", "lemma": "Gene@64231"}, {"text": "MS4A4E", "type": "Gene", "identifier": "643680", "lemma": "Gene@643680"}, {"text": "C11orf30", "type": "Gene", "identifier": "56946", "lemma": "Gene@56946"}, {"text": "CNTN5", "type": "Gene", "identifier": "53942", "lemma": "Gene@53942"}, {"text": "rs7561528", "type": "Mutation", "identifier": "rs7561528", "lemma": "Mutation@rs7561528"}, {"text": "rs6701713", "type": "Mutation", "identifier": "rs6701713", "lemma": "Mutation@rs6701713"}, {"text": "rs10501927", "type": "Mutation", "identifier": "rs10501927", "lemma": "Mutation@rs10501927"}, {"text": "rs583791", "type": "Mutation", "identifier": "rs583791", "lemma": "Mutation@rs583791"}, {"text": "rs1408077", "type": "Mutation", "identifier": "rs1408077", "lemma": "Mutation@rs1408077"}, {"text": "rs3818361", "type": "Mutation", "identifier": "rs3818361", "lemma": "Mutation@rs3818361"}, {"text": "rs11894266", "type": "Mutation", "identifier": "rs11894266", "lemma": "Mutation@rs11894266"}, {"text": "rs744373", "type": "Mutation", "identifier": "rs744373", "lemma": "Mutation@rs744373"}, {"text": "rs676309", "type": "Mutation", "identifier": "rs676309", "lemma": "Mutation@rs676309"}, {"text": "rs662196", "type": "Mutation", "identifier": "rs662196", "lemma": "Mutation@rs662196"}, {"text": "rs11827375", "type": "Mutation", "identifier": "rs11827375", "lemma": "Mutation@rs11827375"}, {"text": "rs9384428", "type": "Mutation", "identifier": "rs9384428", "lemma": "Mutation@rs9384428"}, {"text": "rs9446432", "type": "Mutation", "identifier": "rs9446432", "lemma": "Mutation@rs9446432"}, {"text": "rs610932", "type": "Mutation", "identifier": "rs610932", "lemma": "Mutation@rs610932"}, {"text": "rs1157242", "type": "Mutation", "identifier": "rs1157242", "lemma": "Mutation@rs1157242"}, {"text": "rs1539053", "type": "Mutation", "identifier": "rs1539053", "lemma": "Mutation@rs1539053"}]}