{"entities": [{"text": "Pancreatic Cancer", "type": "Disease", "identifier": "MESH:D010190", "lemma": "Disease@MESH:D010190"}, {"text": "pancreatic ductal adenocarcinoma", "type": "Disease", "identifier": "MESH:D021441", "lemma": "Disease@MESH:D021441"}, {"text": "cancer death", "type": "Disease", "identifier": "MESH:D003643", "lemma": "Disease@MESH:D003643"}, {"text": "INK4A", "type": "Gene", "identifier": "1029", "lemma": "Gene@1029"}, {"text": "TP53", "type": "Gene", "identifier": "7157", "lemma": "Gene@7157"}, {"text": "DPC4", "type": "Gene", "identifier": "4089", "lemma": "Gene@4089"}, {"text": "BRCA1/2", "type": "Gene", "identifier": "672;675", "lemma": "Gene@672;675"}, {"text": "STK11", "type": "Gene", "identifier": "6794", "lemma": "Gene@6794"}, {"text": "KRAS", "type": "Gene", "identifier": "3845", "lemma": "Gene@3845"}, {"text": "ATM", "type": "Gene", "identifier": "472", "lemma": "Gene@472"}, {"text": "PALB2", "type": "Gene", "identifier": "79728", "lemma": "Gene@79728"}, {"text": "familial aggregation of the disease", "type": "Disease", "identifier": "MESH:C566800", "lemma": "Disease@MESH:C566800"}, {"text": "pancreatitis", "type": "Disease", "identifier": "MESH:D010195", "lemma": "Disease@MESH:D010195"}, {"text": "diabetes", "type": "Disease", "identifier": "MESH:D003920", "lemma": "Disease@MESH:D003920"}, {"text": "APC", "type": "Disease", "identifier": "MESH:D011125", "lemma": "Disease@MESH:D011125"}, {"text": "ABO", "type": "Gene", "identifier": "28", "lemma": "Gene@28"}, {"text": "NR5A2", "type": "Gene", "identifier": "2494", "lemma": "Gene@2494"}, {"text": "CLPTM1L", "type": "Gene", "identifier": "81037", "lemma": "Gene@81037"}, {"text": "TERT", "type": "Gene", "identifier": "7015", "lemma": "Gene@7015"}, {"text": "Cancer", "type": "Disease", "identifier": "MESH:D009369", "lemma": "Disease@MESH:D009369"}, {"text": "genetic diseases", "type": "Disease", "identifier": "MESH:D030342", "lemma": "Disease@MESH:D030342"}, {"text": "FOXQ1", "type": "Gene", "identifier": "94234", "lemma": "Gene@94234"}, {"text": "rs9502893", "type": "Mutation", "identifier": "rs9502893", "lemma": "Mutation@rs9502893"}, {"text": "BICD1", "type": "Gene", "identifier": "636", "lemma": "Gene@636"}, {"text": "DPP6", "type": "Gene", "identifier": "1804", "lemma": "Gene@1804"}, {"text": "rs708224", "type": "Mutation", "identifier": "rs708224", "lemma": "Mutation@rs708224"}, {"text": "rs6464375", "type": "Mutation", "identifier": "rs6464375", "lemma": "Mutation@rs6464375"}, {"text": "RAF", "type": "Gene", "identifier": "22882", "lemma": "Gene@22882"}, {"text": "U95", "type": "Gene", "identifier": "619570", "lemma": "Gene@619570"}, {"text": "FAM91A1", "type": "Gene", "identifier": "157769", "lemma": "Gene@157769"}, {"text": "RNF5P1", "type": "Gene", "identifier": "286140", "lemma": "Gene@286140"}, {"text": "ARL4C", "type": "Gene", "identifier": "10123", "lemma": "Gene@10123"}, {"text": "THSD7B", "type": "Gene", "identifier": "80731", "lemma": "Gene@80731"}, {"text": "PARK2", "type": "Gene", "identifier": "5071", "lemma": "Gene@5071"}, {"text": "PRPSAP2", "type": "Gene", "identifier": "5636", "lemma": "Gene@5636"}, {"text": "rs1585440", "type": "Mutation", "identifier": "rs1585440", "lemma": "Mutation@rs1585440"}, {"text": "rs1427593", "type": "Mutation", "identifier": "rs1427593", "lemma": "Mutation@rs1427593"}, {"text": "rs225190", "type": "Mutation", "identifier": "rs225190", "lemma": "Mutation@rs225190"}, {"text": "rs11242679", "type": "Mutation", "identifier": "rs11242679", "lemma": "Mutation@rs11242679"}, {"text": "rs6736997", "type": "Mutation", "identifier": "rs6736997", "lemma": "Mutation@rs6736997"}, {"text": "rs10088262", "type": "Mutation", "identifier": "rs10088262", "lemma": "Mutation@rs10088262"}, {"text": "rs11242674", "type": "Mutation", "identifier": "rs11242674", "lemma": "Mutation@rs11242674"}, {"text": "rs6711606", "type": "Mutation", "identifier": "rs6711606", "lemma": "Mutation@rs6711606"}, {"text": "rs1737947", "type": "Mutation", "identifier": "rs1737947", "lemma": "Mutation@rs1737947"}, {"text": "rs4683235", "type": "Mutation", "identifier": "rs4683235", "lemma": "Mutation@rs4683235"}, {"text": "rs10487687", "type": "Mutation", "identifier": "rs10487687", "lemma": "Mutation@rs10487687"}, {"text": "rs4663158", "type": "Mutation", "identifier": "rs4663158", "lemma": "Mutation@rs4663158"}, {"text": "rs2257205", "type": "Mutation", "identifier": "rs2257205", "lemma": "Mutation@rs2257205"}, {"text": "rs4924935", "type": "Mutation", "identifier": "rs4924935", "lemma": "Mutation@rs4924935"}, {"text": "rs12615966", "type": "Mutation", "identifier": "rs12615966", "lemma": "Mutation@rs12615966"}, {"text": "rs6879627", "type": "Mutation", "identifier": "rs6879627", "lemma": "Mutation@rs6879627"}, {"text": "rs7779540", "type": "Mutation", "identifier": "rs7779540", "lemma": "Mutation@rs7779540"}, {"text": "rs3016539", "type": "Mutation", "identifier": "rs3016539", "lemma": "Mutation@rs3016539"}, {"text": "rs7832232", "type": "Mutation", "identifier": "rs7832232", "lemma": "Mutation@rs7832232"}, {"text": "rs2039553", "type": "Mutation", "identifier": "rs2039553", "lemma": "Mutation@rs2039553"}, {"text": "rs6973850", "type": "Mutation", "identifier": "rs6973850", "lemma": "Mutation@rs6973850"}, {"text": "rs1886449", "type": "Mutation", "identifier": "rs1886449", "lemma": "Mutation@rs1886449"}, {"text": "rs7750826", "type": "Mutation", "identifier": "rs7750826", "lemma": "Mutation@rs7750826"}, {"text": "p11", "type": "Gene", "identifier": "8909", "lemma": "Gene@8909"}, {"text": "rs1048768", "type": "Mutation", "identifier": "rs1048768", "lemma": "Mutation@rs1048768"}, {"text": "FoxM1", "type": "Gene", "identifier": "2305", "lemma": "Gene@2305"}, {"text": "pancreatic carcinogenesis", "type": "Disease", "identifier": "MESH:D063646", "lemma": "Disease@MESH:D063646"}, {"text": "telomeric dysfunction", "type": "Disease", "identifier": "MESH:C536801", "lemma": "Disease@MESH:C536801"}, {"text": "SHH", "type": "Gene", "identifier": "6469", "lemma": "Gene@6469"}, {"text": "KCNQ1", "type": "Gene", "identifier": "3784", "lemma": "Gene@3784"}, {"text": "rs9543325", "type": "Mutation", "identifier": "rs9543325", "lemma": "Mutation@rs9543325"}, {"text": "rs3790844", "type": "Mutation", "identifier": "rs3790844", "lemma": "Mutation@rs3790844"}, {"text": "rs505922", "type": "Mutation", "identifier": "rs505922", "lemma": "Mutation@rs505922"}, {"text": "hepatitis-B", "type": "Disease", "identifier": "MESH:D006509", "lemma": "Disease@MESH:D006509"}, {"text": "peripheral artery disease", "type": "Disease", "identifier": "MESH:D058729", "lemma": "Disease@MESH:D058729"}, {"text": "myocardial infarction", "type": "Disease", "identifier": "MESH:D009203", "lemma": "Disease@MESH:D009203"}, {"text": "arrhythmia", "type": "Disease", "identifier": "MESH:D001145", "lemma": "Disease@MESH:D001145"}, {"text": "Osaka-Midosuji Rotary Club", "type": "Disease", "identifier": "MESH:D009759", "lemma": "Disease@MESH:D009759"}, {"text": "skin rash", "type": "Disease", "identifier": "MESH:D005076", "lemma": "Disease@MESH:D005076"}, {"text": "stroke", "type": "Disease", "identifier": "MESH:D020521", "lemma": "Disease@MESH:D020521"}, {"text": "pulmonary tuberculosis", "type": "Disease", "identifier": "MESH:D014397", "lemma": "Disease@MESH:D014397"}, {"text": "pancreatic carcinoma", "type": "Disease", "identifier": "MESH:C562463", "lemma": "Disease@MESH:C562463"}, {"text": "Pain", "type": "Disease", "identifier": "MESH:D010146", "lemma": "Disease@MESH:D010146"}, {"text": "BRCA2", "type": "Gene", "identifier": "675", "lemma": "Gene@675"}, {"text": "familial pancreatic carcinoma", "type": "Disease", "identifier": "MESH:C535837", "lemma": "Disease@MESH:C535837"}, {"text": "malignant pancreatic disorders", "type": "Disease", "identifier": "MESH:D010182", "lemma": "Disease@MESH:D010182"}, {"text": "pancreatic intraepithelial neoplasia", "type": "Disease", "identifier": "MESH:D018290", "lemma": "Disease@MESH:D018290"}]}