{"entities": [{"text": "Lung Adenocarcinoma", "type": "Disease", "identifier": "MESH:D000077192", "lemma": "Disease@MESH:D000077192"}, {"text": "CLPTM1L", "type": "Gene", "identifier": "81037", "lemma": "Gene@81037"}, {"text": "TERT", "type": "Gene", "identifier": "7015", "lemma": "Gene@7015"}, {"text": "adenocarcinoma", "type": "Disease", "identifier": "MESH:D000230", "lemma": "Disease@MESH:D000230"}, {"text": "lung cancer", "type": "Disease", "identifier": "MESH:D008175", "lemma": "Disease@MESH:D008175"}, {"text": "rs2736100", "type": "Mutation", "identifier": "rs2736100", "lemma": "Mutation@rs2736100"}, {"text": "lung carcinogenesis", "type": "Disease", "identifier": "MESH:D063646", "lemma": "Disease@MESH:D063646"}, {"text": "Sciences Cancer", "type": "Disease", "identifier": "MESH:D009369", "lemma": "Disease@MESH:D009369"}, {"text": "squamous cell carcinomas", "type": "Disease", "identifier": "MESH:D002294", "lemma": "Disease@MESH:D002294"}, {"text": "rs402710", "type": "Mutation", "identifier": "rs402710", "lemma": "Mutation@rs402710"}, {"text": "pancreas", "type": "Disease", "identifier": "MESH:D010190", "lemma": "Disease@MESH:D010190"}, {"text": "basal cell carcinoma", "type": "Disease", "identifier": "MESH:D002280", "lemma": "Disease@MESH:D002280"}, {"text": "idiopathic pulmonary fibrosis", "type": "Disease", "identifier": "MESH:D054990", "lemma": "Disease@MESH:D054990"}, {"text": "acute myelogenous leukemia", "type": "Disease", "identifier": "MESH:D015470", "lemma": "Disease@MESH:D015470"}, {"text": "melanoma", "type": "Disease", "identifier": "MESH:D008545", "lemma": "Disease@MESH:D008545"}, {"text": "cancer of the bladder", "type": "Disease", "identifier": "MESH:D001749", "lemma": "Disease@MESH:D001749"}, {"text": "dyskeratosis congenita", "type": "Disease", "identifier": "MESH:D019871", "lemma": "Disease@MESH:D019871"}, {"text": "bone marrow failure", "type": "Disease", "identifier": "MESH:D000080983", "lemma": "Disease@MESH:D000080983"}, {"text": "MAF", "type": "Gene", "identifier": "4094", "lemma": "Gene@4094"}, {"text": "rs9368570", "type": "Mutation", "identifier": "rs9368570", "lemma": "Mutation@rs9368570"}, {"text": "rs9257280", "type": "Mutation", "identifier": "rs9257280", "lemma": "Mutation@rs9257280"}, {"text": "CHRNA5", "type": "Gene", "identifier": "1138", "lemma": "Gene@1138"}, {"text": "EGFR", "type": "Gene", "identifier": "1956", "lemma": "Gene@1956"}, {"text": "XPC", "type": "Gene", "identifier": "7508", "lemma": "Gene@7508"}, {"text": "ataxia telangiectasia", "type": "Disease", "identifier": "MESH:D001260", "lemma": "Disease@MESH:D001260"}, {"text": "TP53", "type": "Gene", "identifier": "7157", "lemma": "Gene@7157"}, {"text": "xeroderma pigmentosum", "type": "Disease", "identifier": "MESH:D014983", "lemma": "Disease@MESH:D014983"}, {"text": "p15", "type": "Gene", "identifier": "1030", "lemma": "Gene@1030"}, {"text": "glioma", "type": "Disease", "identifier": "MESH:D005910", "lemma": "Disease@MESH:D005910"}, {"text": "aplastic anemia", "type": "Disease", "identifier": "MESH:D000741", "lemma": "Disease@MESH:D000741"}, {"text": "Constitutional hypomorphic", "type": "Disease", "identifier": "MESH:D005878", "lemma": "Disease@MESH:D005878"}, {"text": "pulmonary fibrosis", "type": "Disease", "identifier": "MESH:D011658", "lemma": "Disease@MESH:D011658"}, {"text": "peripheral arterial disease", "type": "Disease", "identifier": "MESH:D058729", "lemma": "Disease@MESH:D058729"}]}