{"entities": [{"text": "lung cancer", "type": "Disease", "identifier": "MESH:D008175", "lemma": "Disease@MESH:D008175"}, {"text": "BAT3", "type": "Gene", "identifier": "7917", "lemma": "Gene@7917"}, {"text": "MSH5", "type": "Gene", "identifier": "4439", "lemma": "Gene@4439"}, {"text": "CLPTM1L", "type": "Gene", "identifier": "81037", "lemma": "Gene@81037"}, {"text": "rs401681", "type": "Mutation", "identifier": "rs401681", "lemma": "Mutation@rs401681"}, {"text": "rs8042374", "type": "Mutation", "identifier": "rs8042374", "lemma": "Mutation@rs8042374"}, {"text": "rs3117582", "type": "Mutation", "identifier": "rs3117582", "lemma": "Mutation@rs3117582"}, {"text": "P ~ 10-4", "type": "Gene", "identifier": "4820", "lemma": "Gene@4820"}, {"text": "rs3131379", "type": "Mutation", "identifier": "rs3131379", "lemma": "Mutation@rs3131379"}, {"text": "Phet", "type": "Gene", "identifier": "9043", "lemma": "Gene@9043"}, {"text": "p300", "type": "Gene", "identifier": "2033", "lemma": "Gene@2033"}, {"text": "p53", "type": "Gene", "identifier": "7157", "lemma": "Gene@7157"}, {"text": "deficiency of MMR", "type": "Disease", "identifier": "MESH:C536143", "lemma": "Disease@MESH:C536143"}, {"text": "rs9295740", "type": "Mutation", "identifier": "rs9295740", "lemma": "Mutation@rs9295740"}, {"text": "NSCLC", "type": "Disease", "identifier": "MESH:D002289", "lemma": "Disease@MESH:D002289"}, {"text": "SCLC", "type": "Disease", "identifier": "MESH:D018288", "lemma": "Disease@MESH:D018288"}]}