{"entities": [{"text": "Neurodegeneration", "type": "Disease", "identifier": "MESH:D019636", "lemma": "Disease@MESH:D019636"}, {"text": "Alzheimer's Disease", "type": "Disease", "identifier": "MESH:D000544", "lemma": "Disease@MESH:D000544"}, {"text": "GRIN2B", "type": "Gene", "identifier": "2904", "lemma": "Gene@2904"}, {"text": "age", "type": "Gene", "identifier": "5973", "lemma": "Gene@5973"}, {"text": "brain degeneration", "type": "Disease", "identifier": "MESH:D017825", "lemma": "Disease@MESH:D017825"}, {"text": "death", "type": "Disease", "identifier": "MESH:D003643", "lemma": "Disease@MESH:D003643"}, {"text": "rs10845840", "type": "Mutation", "identifier": "rs10845840", "lemma": "Mutation@rs10845840"}, {"text": "degeneration", "type": "Disease", "identifier": "MESH:D012162", "lemma": "Disease@MESH:D012162"}, {"text": "amnestic mild cognitive impairment", "type": "Disease", "identifier": "MESH:D003072", "lemma": "Disease@MESH:D003072"}, {"text": "Structural brain degeneration", "type": "Disease", "identifier": "MESH:D001927", "lemma": "Disease@MESH:D001927"}, {"text": "atrophy", "type": "Disease", "identifier": "MESH:D001284", "lemma": "Disease@MESH:D001284"}, {"text": "neuronal loss", "type": "Disease", "identifier": "MESH:D009410", "lemma": "Disease@MESH:D009410"}, {"text": "CLU", "type": "Gene", "identifier": "1191", "lemma": "Gene@1191"}, {"text": "PICALM", "type": "Gene", "identifier": "8301", "lemma": "Gene@8301"}, {"text": "APOE", "type": "Gene", "identifier": "348", "lemma": "Gene@348"}, {"text": "behavioral deficits", "type": "Disease", "identifier": "MESH:D001523", "lemma": "Disease@MESH:D001523"}, {"text": "structural degeneration", "type": "Disease", "identifier": "MESH:D020914", "lemma": "Disease@MESH:D020914"}, {"text": "KIBRA", "type": "Gene", "identifier": "23286", "lemma": "Gene@23286"}, {"text": "dementia", "type": "Disease", "identifier": "MESH:D003704", "lemma": "Disease@MESH:D003704"}, {"text": "memory loss", "type": "Disease", "identifier": "MESH:D008569", "lemma": "Disease@MESH:D008569"}, {"text": "MSA1", "type": "Gene", "identifier": "27235", "lemma": "Gene@27235"}, {"text": "HD", "type": "Disease", "identifier": "MESH:D006816", "lemma": "Disease@MESH:D006816"}, {"text": "mpg", "type": "Gene", "identifier": "4350", "lemma": "Gene@4350"}, {"text": "RAGE", "type": "Gene", "identifier": "177", "lemma": "Gene@177"}, {"text": "rs11055612", "type": "Mutation", "identifier": "rs11055612", "lemma": "Mutation@rs11055612"}, {"text": "rs2456930", "type": "Mutation", "identifier": "rs2456930", "lemma": "Mutation@rs2456930"}, {"text": "RNF220", "type": "Gene", "identifier": "55182", "lemma": "Gene@55182"}, {"text": "UTP20", "type": "Gene", "identifier": "27340", "lemma": "Gene@27340"}, {"text": "NRXN3", "type": "Gene", "identifier": "9369", "lemma": "Gene@9369"}, {"text": "rs1448284", "type": "Mutation", "identifier": "rs1448284", "lemma": "Mutation@rs1448284"}, {"text": "rs1805502", "type": "Mutation", "identifier": "rs1805502", "lemma": "Mutation@rs1805502"}, {"text": "rs1805476", "type": "Mutation", "identifier": "rs1805476", "lemma": "Mutation@rs1805476"}, {"text": "rs890", "type": "Mutation", "identifier": "rs890", "lemma": "Mutation@rs890"}, {"text": "temporal lobe atrophy", "type": "Disease", "identifier": "MESH:D004833", "lemma": "Disease@MESH:D004833"}, {"text": "rs5028798", "type": "Mutation", "identifier": "rs5028798", "lemma": "Mutation@rs5028798"}, {"text": "rs2143881", "type": "Mutation", "identifier": "rs2143881", "lemma": "Mutation@rs2143881"}, {"text": "rs2793772", "type": "Mutation", "identifier": "rs2793772", "lemma": "Mutation@rs2793772"}, {"text": "rs1104973", "type": "Mutation", "identifier": "rs1104973", "lemma": "Mutation@rs1104973"}, {"text": "rs10497352", "type": "Mutation", "identifier": "rs10497352", "lemma": "Mutation@rs10497352"}, {"text": "rs1433527", "type": "Mutation", "identifier": "rs1433527", "lemma": "Mutation@rs1433527"}, {"text": "rs9293140", "type": "Mutation", "identifier": "rs9293140", "lemma": "Mutation@rs9293140"}, {"text": "rs1963442", "type": "Mutation", "identifier": "rs1963442", "lemma": "Mutation@rs1963442"}, {"text": "tau", "type": "Gene", "identifier": "4137", "lemma": "Gene@4137"}, {"text": "genetic illness", "type": "Disease", "identifier": "MESH:D030342", "lemma": "Disease@MESH:D030342"}, {"text": "Fragile X", "type": "Disease", "identifier": "MESH:D005600", "lemma": "Disease@MESH:D005600"}, {"text": "impairment to disease", "type": "Disease", "identifier": "MESH:D060825", "lemma": "Disease@MESH:D060825"}, {"text": "MAF", "type": "Gene", "identifier": "4094", "lemma": "Gene@4094"}, {"text": "ZNF326", "type": "Gene", "identifier": "284695", "lemma": "Gene@284695"}, {"text": "UTP20", "type": "Gene", "identifier": "852282", "lemma": "Gene@852282"}, {"text": "rs2813746", "type": "Mutation", "identifier": "rs2813746", "lemma": "Mutation@rs2813746"}, {"text": "rs16917919", "type": "Mutation", "identifier": "rs16917919", "lemma": "Mutation@rs16917919"}, {"text": "rs2290720", "type": "Mutation", "identifier": "rs2290720", "lemma": "Mutation@rs2290720"}, {"text": "rs8056650", "type": "Mutation", "identifier": "rs8056650", "lemma": "Mutation@rs8056650"}, {"text": "CR1", "type": "Gene", "identifier": "1378", "lemma": "Gene@1378"}, {"text": "schizophrenia", "type": "Disease", "identifier": "MESH:D012559", "lemma": "Disease@MESH:D012559"}, {"text": "carcinoma", "type": "Disease", "identifier": "MESH:D009369", "lemma": "Disease@MESH:D009369"}, {"text": "matter loss", "type": "Disease", "identifier": "MESH:D056784", "lemma": "Disease@MESH:D056784"}, {"text": "common diseases", "type": "Disease", "identifier": "MESH:D003139", "lemma": "Disease@MESH:D003139"}]}