{"entities": [{"text": "diabetes", "type": "Disease", "identifier": "MESH:D003920", "lemma": "Disease@MESH:D003920"}, {"text": "p11", "type": "Gene", "identifier": "6281", "lemma": "Gene@6281"}, {"text": "insulin", "type": "Gene", "identifier": "3630", "lemma": "Gene@3630"}, {"text": "CTLA4", "type": "Gene", "identifier": "1493", "lemma": "Gene@1493"}, {"text": "PTPN22", "type": "Gene", "identifier": "26191", "lemma": "Gene@26191"}, {"text": "interleukin-2 receptor alpha chain", "type": "Gene", "identifier": "3559", "lemma": "Gene@3559"}, {"text": "IFIH1", "type": "Gene", "identifier": "64135", "lemma": "Gene@64135"}, {"text": "PTPN2", "type": "Gene", "identifier": "5771", "lemma": "Gene@5771"}, {"text": "STAT1", "type": "Gene", "identifier": "6772", "lemma": "Gene@6772"}, {"text": "IL-2", "type": "Gene", "identifier": "3558", "lemma": "Gene@3558"}, {"text": "rs478582", "type": "Mutation", "identifier": "rs478582", "lemma": "Mutation@rs478582"}, {"text": "rs1893217", "type": "Mutation", "identifier": "rs1893217", "lemma": "Mutation@rs1893217"}, {"text": "rs2542151", "type": "Mutation", "identifier": "rs2542151", "lemma": "Mutation@rs2542151"}, {"text": "SH2B3", "type": "Gene", "identifier": "10019", "lemma": "Gene@10019"}, {"text": "R262W", "type": "Mutation", "identifier": "rs3184504", "lemma": "Mutation@rs3184504"}, {"text": "rs17696736", "type": "Mutation", "identifier": "rs17696736", "lemma": "Mutation@rs17696736"}, {"text": "KIAA0350", "type": "Gene", "identifier": "23274", "lemma": "Gene@23274"}, {"text": "CIITA", "type": "Gene", "identifier": "4261", "lemma": "Gene@4261"}, {"text": "SOCS1", "type": "Gene", "identifier": "8651", "lemma": "Gene@8651"}, {"text": "dexamethasone-induced transcript", "type": "Gene", "identifier": "28955", "lemma": "Gene@28955"}, {"text": "rs12708716", "type": "Mutation", "identifier": "rs12708716", "lemma": "Mutation@rs12708716"}, {"text": "ERBB3", "type": "Gene", "identifier": "2065", "lemma": "Gene@2065"}, {"text": "erythroblastic leukemia viral", "type": "Disease", "identifier": "MESH:D004915", "lemma": "Disease@MESH:D004915"}, {"text": "autoimmune pancreatic", "type": "Disease", "identifier": "MESH:D000081012", "lemma": "Disease@MESH:D000081012"}, {"text": "IL2", "type": "Gene", "identifier": "16183", "lemma": "Gene@16183"}, {"text": "IL2RA", "type": "Gene", "identifier": "16184", "lemma": "Gene@16184"}, {"text": "IL21", "type": "Gene", "identifier": "59067", "lemma": "Gene@59067"}, {"text": "rs3136534", "type": "Mutation", "identifier": "rs3136534", "lemma": "Mutation@rs3136534"}, {"text": "rs6534347", "type": "Mutation", "identifier": "rs6534347", "lemma": "Mutation@rs6534347"}, {"text": "autoimmune thyroid disease", "type": "Disease", "identifier": "MESH:D013967", "lemma": "Disease@MESH:D013967"}, {"text": "IL-2 receptor", "type": "Gene", "identifier": "3560", "lemma": "Gene@3560"}, {"text": "IL2RG", "type": "Gene", "identifier": "3561", "lemma": "Gene@3561"}, {"text": "rs3218253", "type": "Mutation", "identifier": "rs3218253", "lemma": "Mutation@rs3218253"}, {"text": "CD226", "type": "Gene", "identifier": "10666", "lemma": "Gene@10666"}, {"text": "rs763361", "type": "Mutation", "identifier": "rs763361", "lemma": "Mutation@rs763361"}, {"text": "CAPSL", "type": "Gene", "identifier": "133690", "lemma": "Gene@133690"}, {"text": "C20orf168", "type": "Gene", "identifier": "140863", "lemma": "Gene@140863"}, {"text": "IL7R", "type": "Gene", "identifier": "3575", "lemma": "Gene@3575"}, {"text": "CFTR", "type": "Gene", "identifier": "1080", "lemma": "Gene@1080"}, {"text": "rs6897932", "type": "Mutation", "identifier": "rs6897932", "lemma": "Mutation@rs6897932"}, {"text": "rs3194051", "type": "Mutation", "identifier": "rs3194051", "lemma": "Mutation@rs3194051"}, {"text": "rs380421", "type": "Mutation", "identifier": "rs380421", "lemma": "Mutation@rs380421"}, {"text": "rs213950", "type": "Mutation", "identifier": "rs213950", "lemma": "Mutation@rs213950"}, {"text": "rs1445898", "type": "Mutation", "identifier": "rs1445898", "lemma": "Mutation@rs1445898"}, {"text": "TLR1", "type": "Gene", "identifier": "7096", "lemma": "Gene@7096"}, {"text": "TLR1", "type": "Gene", "identifier": "574090", "lemma": "Gene@574090"}, {"text": "TLR2", "type": "Gene", "identifier": "7097", "lemma": "Gene@7097"}, {"text": "TLR6", "type": "Gene", "identifier": "10333", "lemma": "Gene@10333"}, {"text": "TLR10", "type": "Gene", "identifier": "81793", "lemma": "Gene@81793"}, {"text": "lactase", "type": "Gene", "identifier": "3938", "lemma": "Gene@3938"}, {"text": "N248S", "type": "Mutation", "identifier": "rs4833095", "lemma": "Mutation@rs4833095"}, {"text": "infectious disease", "type": "Disease", "identifier": "MESH:D003141", "lemma": "Disease@MESH:D003141"}, {"text": "autoimmune disease", "type": "Disease", "identifier": "MESH:D001327", "lemma": "Disease@MESH:D001327"}, {"text": "rs1990760", "type": "Mutation", "identifier": "rs1990760", "lemma": "Mutation@rs1990760"}, {"text": "picornavirus", "type": "Disease", "identifier": "MESH:D010850", "lemma": "Disease@MESH:D010850"}, {"text": "AFF3", "type": "Gene", "identifier": "3899", "lemma": "Gene@3899"}, {"text": "Tenr", "type": "Gene", "identifier": "132612", "lemma": "Gene@132612"}, {"text": "rs9653442", "type": "Mutation", "identifier": "rs9653442", "lemma": "Mutation@rs9653442"}, {"text": "rs17388568", "type": "Mutation", "identifier": "rs17388568", "lemma": "Mutation@rs17388568"}, {"text": "Graves' disease", "type": "Disease", "identifier": "MESH:D006111", "lemma": "Disease@MESH:D006111"}, {"text": "pancreatic", "type": "Disease", "identifier": "MESH:D010195", "lemma": "Disease@MESH:D010195"}, {"text": "Juvenile Diabetes", "type": "Disease", "identifier": "MESH:D003922", "lemma": "Disease@MESH:D003922"}, {"text": "Inflammation Laboratory's JDRF", "type": "Disease", "identifier": "MESH:D007249", "lemma": "Disease@MESH:D007249"}, {"text": "thyrotropin receptor", "type": "Gene", "identifier": "7253", "lemma": "Gene@7253"}, {"text": "thyroglobulin", "type": "Gene", "identifier": "7038", "lemma": "Gene@7038"}, {"text": "goiter", "type": "Disease", "identifier": "MESH:D006042", "lemma": "Disease@MESH:D006042"}, {"text": "thyroid eye disease", "type": "Disease", "identifier": "MESH:D013959", "lemma": "Disease@MESH:D013959"}, {"text": "hyperthyroidism", "type": "Disease", "identifier": "MESH:D006980", "lemma": "Disease@MESH:D006980"}, {"text": "NRP1", "type": "Gene", "identifier": "8829", "lemma": "Gene@8829"}, {"text": "rs2666236", "type": "Mutation", "identifier": "rs2666236", "lemma": "Mutation@rs2666236"}, {"text": "mpg", "type": "Gene", "identifier": "4350", "lemma": "Gene@4350"}, {"text": "RIG-I", "type": "Gene", "identifier": "23586", "lemma": "Gene@23586"}, {"text": "multiple sclerosis", "type": "Disease", "identifier": "MESH:D009103", "lemma": "Disease@MESH:D009103"}, {"text": "rs3129934", "type": "Mutation", "identifier": "rs3129934", "lemma": "Mutation@rs3129934"}, {"text": "PHTF1", "type": "Gene", "identifier": "10745", "lemma": "Gene@10745"}, {"text": "rs6679677", "type": "Mutation", "identifier": "rs6679677", "lemma": "Mutation@rs6679677"}, {"text": "rs2476601", "type": "Mutation", "identifier": "rs2476601", "lemma": "Mutation@rs2476601"}, {"text": "rs2292239", "type": "Mutation", "identifier": "rs2292239", "lemma": "Mutation@rs2292239"}, {"text": "rs11171739", "type": "Mutation", "identifier": "rs11171739", "lemma": "Mutation@rs11171739"}, {"text": "rs3741208", "type": "Mutation", "identifier": "rs3741208", "lemma": "Mutation@rs3741208"}, {"text": "C12orf30", "type": "Gene", "identifier": "80018", "lemma": "Gene@80018"}, {"text": "DQX1", "type": "Gene", "identifier": "165545", "lemma": "Gene@165545"}, {"text": "PIK3C2B", "type": "Gene", "identifier": "5287", "lemma": "Gene@5287"}, {"text": "RBM17", "type": "Gene", "identifier": "84991", "lemma": "Gene@84991"}, {"text": "CLEC2D", "type": "Gene", "identifier": "29121", "lemma": "Gene@29121"}, {"text": "rs7722135", "type": "Mutation", "identifier": "rs7722135", "lemma": "Mutation@rs7722135"}, {"text": "rs3764021", "type": "Mutation", "identifier": "rs3764021", "lemma": "Mutation@rs3764021"}, {"text": "d", "type": "Mutation", "identifier": "d", "lemma": "Mutation@d"}, {"text": "rs3087243", "type": "Mutation", "identifier": "rs3087243", "lemma": "Mutation@rs3087243"}, {"text": "rs6546909", "type": "Mutation", "identifier": "rs6546909", "lemma": "Mutation@rs6546909"}, {"text": "rs12251307", "type": "Mutation", "identifier": "rs12251307", "lemma": "Mutation@rs12251307"}, {"text": "rs12061474", "type": "Mutation", "identifier": "rs12061474", "lemma": "Mutation@rs12061474"}, {"text": "ZMYM4", "type": "Gene", "identifier": "9202", "lemma": "Gene@9202"}, {"text": "LBP", "type": "Gene", "identifier": "3929", "lemma": "Gene@3929"}, {"text": "WWOX", "type": "Gene", "identifier": "51741", "lemma": "Gene@51741"}, {"text": "rs7499843", "type": "Mutation", "identifier": "rs7499843", "lemma": "Mutation@rs7499843"}, {"text": "rs2232613", "type": "Mutation", "identifier": "rs2232613", "lemma": "Mutation@rs2232613"}, {"text": "rs12094543", "type": "Mutation", "identifier": "rs12094543", "lemma": "Mutation@rs12094543"}, {"text": "rs6017667", "type": "Mutation", "identifier": "rs6017667", "lemma": "Mutation@rs6017667"}, {"text": "MAF              1", "type": "Gene", "identifier": "84232", "lemma": "Gene@84232"}, {"text": "SPINT4", "type": "Gene", "identifier": "391253", "lemma": "Gene@391253"}, {"text": "PDE4A", "type": "Gene", "identifier": "5141", "lemma": "Gene@5141"}, {"text": "A497E", "type": "Mutation", "identifier": "rs1051738", "lemma": "Mutation@rs1051738"}, {"text": "rs3732765", "type": "Mutation", "identifier": "rs3732765", "lemma": "Mutation@rs3732765"}, {"text": "R75Q", "type": "Mutation", "identifier": "p.R75Q", "lemma": "Mutation@p.R75Q"}, {"text": "rs689", "type": "Mutation", "identifier": "rs689", "lemma": "Mutation@rs689"}, {"text": "rs11594656", "type": "Mutation", "identifier": "rs11594656", "lemma": "Mutation@rs11594656"}, {"text": "ss52580109", "type": "Mutation", "identifier": "ss52580109", "lemma": "Mutation@ss52580109"}]}