{"entities": [{"text": "Alzheimer Disease", "type": "Disease", "identifier": "MESH:D000544", "lemma": "Disease@MESH:D000544"}, {"text": "Folate-Pathway Abnormalities", "type": "Disease", "identifier": "MESH:C562799", "lemma": "Disease@MESH:C562799"}, {"text": "APOE", "type": "Gene", "identifier": "348", "lemma": "Gene@348"}, {"text": "MTHFD1L", "type": "Gene", "identifier": "25902", "lemma": "Gene@25902"}, {"text": "rs2075650", "type": "Mutation", "identifier": "rs2075650", "lemma": "Mutation@rs2075650"}, {"text": "rs11754661", "type": "Mutation", "identifier": "rs11754661", "lemma": "Mutation@rs11754661"}, {"text": "rs803424", "type": "Mutation", "identifier": "rs803424", "lemma": "Mutation@rs803424"}, {"text": "rs2073067", "type": "Mutation", "identifier": "rs2073067", "lemma": "Mutation@rs2073067"}, {"text": "rs2072064", "type": "Mutation", "identifier": "rs2072064", "lemma": "Mutation@rs2072064"}, {"text": "rs17349743", "type": "Mutation", "identifier": "rs17349743", "lemma": "Mutation@rs17349743"}, {"text": "rs803422", "type": "Mutation", "identifier": "rs803422", "lemma": "Mutation@rs803422"}, {"text": "PS1", "type": "Gene", "identifier": "5663", "lemma": "Gene@5663"}, {"text": "PS2", "type": "Gene", "identifier": "338412", "lemma": "Gene@338412"}, {"text": "neurodegenerative disorder", "type": "Disease", "identifier": "MESH:D019636", "lemma": "Disease@MESH:D019636"}, {"text": "memory and cognitive impairment", "type": "Disease", "identifier": "MESH:D003072", "lemma": "Disease@MESH:D003072"}, {"text": "dementia", "type": "Disease", "identifier": "MESH:D003704", "lemma": "Disease@MESH:D003704"}, {"text": "GAB2", "type": "Gene", "identifier": "9846", "lemma": "Gene@9846"}, {"text": "tau", "type": "Gene", "identifier": "4137", "lemma": "Gene@4137"}, {"text": "PCDH11X", "type": "Gene", "identifier": "27328", "lemma": "Gene@27328"}, {"text": "CLU", "type": "Gene", "identifier": "1191", "lemma": "Gene@1191"}, {"text": "CR1", "type": "Gene", "identifier": "1378", "lemma": "Gene@1378"}, {"text": "PICALM", "type": "Gene", "identifier": "8301", "lemma": "Gene@8301"}, {"text": "P<10-5", "type": "Gene", "identifier": "1012", "lemma": "Gene@1012"}, {"text": "P<10-4", "type": "Gene", "identifier": "4820", "lemma": "Gene@4820"}, {"text": "rs429358", "type": "Mutation", "identifier": "rs429358", "lemma": "Mutation@rs429358"}, {"text": "rs7412", "type": "Mutation", "identifier": "rs7412", "lemma": "Mutation@rs7412"}, {"text": "rs11610206", "type": "Mutation", "identifier": "rs11610206", "lemma": "Mutation@rs11610206"}, {"text": "Freq", "type": "Gene", "identifier": "23413", "lemma": "Gene@23413"}, {"text": "TOMM40", "type": "Gene", "identifier": "10452", "lemma": "Gene@10452"}, {"text": "PVRL2", "type": "Gene", "identifier": "5819", "lemma": "Gene@5819"}, {"text": "RDH13", "type": "Gene", "identifier": "112724", "lemma": "Gene@112724"}, {"text": "GRIA4", "type": "Gene", "identifier": "2893", "lemma": "Gene@2893"}, {"text": "rs405509", "type": "Mutation", "identifier": "rs405509", "lemma": "Mutation@rs405509"}, {"text": "rs8106922", "type": "Mutation", "identifier": "rs8106922", "lemma": "Mutation@rs8106922"}, {"text": "rs157580", "type": "Mutation", "identifier": "rs157580", "lemma": "Mutation@rs157580"}, {"text": "rs439401", "type": "Mutation", "identifier": "rs439401", "lemma": "Mutation@rs439401"}, {"text": "rs6859", "type": "Mutation", "identifier": "rs6859", "lemma": "Mutation@rs6859"}, {"text": "rs10402271", "type": "Mutation", "identifier": "rs10402271", "lemma": "Mutation@rs10402271"}, {"text": "rs6509916", "type": "Mutation", "identifier": "rs6509916", "lemma": "Mutation@rs6509916"}, {"text": "rs509512", "type": "Mutation", "identifier": "rs509512", "lemma": "Mutation@rs509512"}, {"text": "rs679670", "type": "Mutation", "identifier": "rs679670", "lemma": "Mutation@rs679670"}, {"text": "rs11757561", "type": "Mutation", "identifier": "rs11757561", "lemma": "Mutation@rs11757561"}, {"text": "rs2073066", "type": "Mutation", "identifier": "rs2073066", "lemma": "Mutation@rs2073066"}, {"text": "rs13201018", "type": "Mutation", "identifier": "rs13201018", "lemma": "Mutation@rs13201018"}, {"text": "rs11754461", "type": "Mutation", "identifier": "rs11754461", "lemma": "Mutation@rs11754461"}, {"text": "rs2839947", "type": "Mutation", "identifier": "rs2839947", "lemma": "Mutation@rs2839947"}, {"text": "rs7765521", "type": "Mutation", "identifier": "rs7765521", "lemma": "Mutation@rs7765521"}, {"text": "rs12195069", "type": "Mutation", "identifier": "rs12195069", "lemma": "Mutation@rs12195069"}, {"text": "rs4676049", "type": "Mutation", "identifier": "rs4676049", "lemma": "Mutation@rs4676049"}, {"text": "rs17034806", "type": "Mutation", "identifier": "rs17034806", "lemma": "Mutation@rs17034806"}, {"text": "Parkinson", "type": "Disease", "identifier": "MESH:D010302", "lemma": "Disease@MESH:D010302"}, {"text": "eclampsia", "type": "Disease", "identifier": "MESH:D004461", "lemma": "Disease@MESH:D004461"}, {"text": "diabetic complications", "type": "Disease", "identifier": "MESH:D048909", "lemma": "Disease@MESH:D048909"}, {"text": "heart disease", "type": "Disease", "identifier": "MESH:D006331", "lemma": "Disease@MESH:D006331"}, {"text": "coronary artery disease", "type": "Disease", "identifier": "MESH:D003324", "lemma": "Disease@MESH:D003324"}, {"text": "toxicity", "type": "Disease", "identifier": "MESH:D064420", "lemma": "Disease@MESH:D064420"}, {"text": "Mthfd1l", "type": "Gene", "identifier": "270685", "lemma": "Gene@270685"}, {"text": "rs11136000", "type": "Mutation", "identifier": "rs11136000", "lemma": "Mutation@rs11136000"}, {"text": "diabetes", "type": "Disease", "identifier": "MESH:D003920", "lemma": "Disease@MESH:D003920"}, {"text": "vascular dementia", "type": "Disease", "identifier": "MESH:D015140", "lemma": "Disease@MESH:D015140"}, {"text": "death", "type": "Disease", "identifier": "MESH:D003643", "lemma": "Disease@MESH:D003643"}, {"text": "Neurological Disorders", "type": "Disease", "identifier": "MESH:D009422", "lemma": "Disease@MESH:D009422"}, {"text": "Stroke", "type": "Disease", "identifier": "MESH:D020521", "lemma": "Disease@MESH:D020521"}, {"text": "amyloid precursor protein", "type": "Gene", "identifier": "351", "lemma": "Gene@351"}, {"text": "familial Alzheimer disease", "type": "Disease", "identifier": "MESH:C566298", "lemma": "Disease@MESH:C566298"}, {"text": "common diseases", "type": "Disease", "identifier": "MESH:D003139", "lemma": "Disease@MESH:D003139"}, {"text": "Hyperhomocysteinemia", "type": "Disease", "identifier": "MESH:D020138", "lemma": "Disease@MESH:D020138"}, {"text": "Brain infarction", "type": "Disease", "identifier": "MESH:D020520", "lemma": "Disease@MESH:D020520"}, {"text": "homocysteine neurotoxicity", "type": "Disease", "identifier": "MESH:D020258", "lemma": "Disease@MESH:D020258"}, {"text": "deficiency", "type": "Disease", "identifier": "MESH:D007153", "lemma": "Disease@MESH:D007153"}, {"text": "SNCA", "type": "Gene", "identifier": "6622", "lemma": "Gene@6622"}, {"text": "Parkinson disease", "type": "Disease", "identifier": "MESH:D010300", "lemma": "Disease@MESH:D010300"}, {"text": "UBQLN1", "type": "Gene", "identifier": "29979", "lemma": "Gene@29979"}]}