{"entities": [{"text": "Alzheimer's Disease", "type": "Disease", "identifier": "MESH:D000544", "lemma": "Disease@MESH:D000544"}, {"text": "APOE", "type": "Gene", "identifier": "348", "lemma": "Gene@348"}, {"text": "CHRNA7", "type": "Gene", "identifier": "1139", "lemma": "Gene@1139"}, {"text": "neurodegenerative disease", "type": "Disease", "identifier": "MESH:D019636", "lemma": "Disease@MESH:D019636"}, {"text": "loss of memory, cognitive impairment", "type": "Disease", "identifier": "MESH:D003072", "lemma": "Disease@MESH:D003072"}, {"text": "death", "type": "Disease", "identifier": "MESH:D003643", "lemma": "Disease@MESH:D003643"}, {"text": "dementia", "type": "Disease", "identifier": "MESH:D003704", "lemma": "Disease@MESH:D003704"}, {"text": "gliosis", "type": "Disease", "identifier": "MESH:D005911", "lemma": "Disease@MESH:D005911"}, {"text": "amyloid-beta", "type": "Gene", "identifier": "351", "lemma": "Gene@351"}, {"text": "presenilin-1", "type": "Gene", "identifier": "5663", "lemma": "Gene@5663"}, {"text": "presenilin-2", "type": "Gene", "identifier": "5664", "lemma": "Gene@5664"}, {"text": "GAB2", "type": "Gene", "identifier": "9846", "lemma": "Gene@9846"}, {"text": "GOLPH2", "type": "Gene", "identifier": "51280", "lemma": "Gene@51280"}, {"text": "ATP8B4", "type": "Gene", "identifier": "79895", "lemma": "Gene@79895"}, {"text": "SLC27A2", "type": "Gene", "identifier": "11001", "lemma": "Gene@11001"}, {"text": "PCDH11X", "type": "Gene", "identifier": "27328", "lemma": "Gene@27328"}, {"text": "rs11159647", "type": "Mutation", "identifier": "rs11159647", "lemma": "Mutation@rs11159647"}, {"text": "Joseph", "type": "Disease", "identifier": "MESH:D017827", "lemma": "Disease@MESH:D017827"}, {"text": "rs2373115", "type": "Mutation", "identifier": "rs2373115", "lemma": "Mutation@rs2373115"}, {"text": "BAF", "type": "Gene", "identifier": "8815", "lemma": "Gene@8815"}, {"text": "TOMM40", "type": "Gene", "identifier": "10452", "lemma": "Gene@10452"}, {"text": "schizophrenia", "type": "Disease", "identifier": "MESH:D012559", "lemma": "Disease@MESH:D012559"}, {"text": "epilepsy", "type": "Disease", "identifier": "MESH:D004827", "lemma": "Disease@MESH:D004827"}, {"text": "neuropsychiatric diseases", "type": "Disease", "identifier": "MESH:D001523", "lemma": "Disease@MESH:D001523"}, {"text": "MAF", "type": "Gene", "identifier": "4094", "lemma": "Gene@4094"}, {"text": "TTLL7", "type": "Gene", "identifier": "79739", "lemma": "Gene@79739"}, {"text": "PAX2", "type": "Gene", "identifier": "5076", "lemma": "Gene@5076"}, {"text": "SASH1", "type": "Gene", "identifier": "23328", "lemma": "Gene@23328"}, {"text": "PDXDC2", "type": "Gene", "identifier": "283970", "lemma": "Gene@283970"}, {"text": "SSBP3", "type": "Gene", "identifier": "23648", "lemma": "Gene@23648"}, {"text": "ZCCHC2", "type": "Gene", "identifier": "54877", "lemma": "Gene@54877"}, {"text": "DBC1", "type": "Gene", "identifier": "57805", "lemma": "Gene@57805"}, {"text": "bladder cancer", "type": "Disease", "identifier": "MESH:D001749", "lemma": "Disease@MESH:D001749"}, {"text": "meningioma", "type": "Disease", "identifier": "MESH:D008577", "lemma": "Disease@MESH:D008577"}, {"text": "rs2075650", "type": "Mutation", "identifier": "rs2075650", "lemma": "Mutation@rs2075650"}, {"text": "rs690705", "type": "Mutation", "identifier": "rs690705", "lemma": "Mutation@rs690705"}, {"text": "rs7539409", "type": "Mutation", "identifier": "rs7539409", "lemma": "Mutation@rs7539409"}, {"text": "rs4509693", "type": "Mutation", "identifier": "rs4509693", "lemma": "Mutation@rs4509693"}, {"text": "rs157580", "type": "Mutation", "identifier": "rs157580", "lemma": "Mutation@rs157580"}, {"text": "rs9390537", "type": "Mutation", "identifier": "rs9390537", "lemma": "Mutation@rs9390537"}, {"text": "rs4530856", "type": "Mutation", "identifier": "rs4530856", "lemma": "Mutation@rs4530856"}, {"text": "rs9659297", "type": "Mutation", "identifier": "rs9659297", "lemma": "Mutation@rs9659297"}, {"text": "rs1915678", "type": "Mutation", "identifier": "rs1915678", "lemma": "Mutation@rs1915678"}, {"text": "rs998109", "type": "Mutation", "identifier": "rs998109", "lemma": "Mutation@rs998109"}, {"text": "rs6697414", "type": "Mutation", "identifier": "rs6697414", "lemma": "Mutation@rs6697414"}, {"text": "rs11583706", "type": "Mutation", "identifier": "rs11583706", "lemma": "Mutation@rs11583706"}, {"text": "rs10747407", "type": "Mutation", "identifier": "rs10747407", "lemma": "Mutation@rs10747407"}, {"text": "rs10484049", "type": "Mutation", "identifier": "rs10484049", "lemma": "Mutation@rs10484049"}, {"text": "rs11152349", "type": "Mutation", "identifier": "rs11152349", "lemma": "Mutation@rs11152349"}, {"text": "rs11200713", "type": "Mutation", "identifier": "rs11200713", "lemma": "Mutation@rs11200713"}, {"text": "rs4075205", "type": "Mutation", "identifier": "rs4075205", "lemma": "Mutation@rs4075205"}, {"text": "rs1360806", "type": "Mutation", "identifier": "rs1360806", "lemma": "Mutation@rs1360806"}, {"text": "rs2267106", "type": "Mutation", "identifier": "rs2267106", "lemma": "Mutation@rs2267106"}, {"text": "DAPK1", "type": "Gene", "identifier": "1612", "lemma": "Gene@1612"}, {"text": "UBQLN1", "type": "Gene", "identifier": "29979", "lemma": "Gene@29979"}, {"text": "ABCA1", "type": "Gene", "identifier": "19", "lemma": "Gene@19"}, {"text": "SORL1", "type": "Gene", "identifier": "6653", "lemma": "Gene@6653"}, {"text": "CHRNB2", "type": "Gene", "identifier": "1141", "lemma": "Gene@1141"}, {"text": "CST3", "type": "Gene", "identifier": "1471", "lemma": "Gene@1471"}, {"text": "ESR1", "type": "Gene", "identifier": "2099", "lemma": "Gene@2099"}, {"text": "GALP", "type": "Gene", "identifier": "85569", "lemma": "Gene@85569"}, {"text": "TNK1", "type": "Gene", "identifier": "8711", "lemma": "Gene@8711"}, {"text": "PCK1", "type": "Gene", "identifier": "5105", "lemma": "Gene@5105"}, {"text": "NEDD9", "type": "Gene", "identifier": "4739", "lemma": "Gene@4739"}, {"text": "rs3118866", "type": "Mutation", "identifier": "rs3118866", "lemma": "Mutation@rs3118866"}, {"text": "rs2482424", "type": "Mutation", "identifier": "rs2482424", "lemma": "Mutation@rs2482424"}, {"text": "rs1503415", "type": "Mutation", "identifier": "rs1503415", "lemma": "Mutation@rs1503415"}, {"text": "rs1709183", "type": "Mutation", "identifier": "rs1709183", "lemma": "Mutation@rs1709183"}, {"text": "rs3815018", "type": "Mutation", "identifier": "rs3815018", "lemma": "Mutation@rs3815018"}, {"text": "rs4801298", "type": "Mutation", "identifier": "rs4801298", "lemma": "Mutation@rs4801298"}, {"text": "GSK3beta", "type": "Gene", "identifier": "2931", "lemma": "Gene@2931"}, {"text": "bipolar disorder", "type": "Disease", "identifier": "MESH:D001714", "lemma": "Disease@MESH:D001714"}, {"text": "autism", "type": "Disease", "identifier": "MESH:D001321", "lemma": "Disease@MESH:D001321"}, {"text": "CNTNAP2", "type": "Gene", "identifier": "26047", "lemma": "Gene@26047"}, {"text": "idiopathic generalized epilepsy", "type": "Disease", "identifier": "MESH:C562694", "lemma": "Disease@MESH:C562694"}, {"text": "mental retardation", "type": "Disease", "identifier": "MESH:D008607", "lemma": "Disease@MESH:D008607"}, {"text": "CHRNA4", "type": "Gene", "identifier": "1137", "lemma": "Gene@1137"}, {"text": "beta 2", "type": "Gene", "identifier": "170589", "lemma": "Gene@170589"}, {"text": "alpha 4", "type": "Gene", "identifier": "28898", "lemma": "Gene@28898"}, {"text": "Parkinson's disease", "type": "Disease", "identifier": "MESH:D010300", "lemma": "Disease@MESH:D010300"}]}