{"entities": [{"text": "breast cancer", "type": "Disease", "identifier": "MESH:D001943", "lemma": "Disease@MESH:D001943"}, {"text": "SLC4A7", "type": "Gene", "identifier": "9497", "lemma": "Gene@9497"}, {"text": "NEK10", "type": "Gene", "identifier": "152110", "lemma": "Gene@152110"}, {"text": "COX11", "type": "Gene", "identifier": "1353", "lemma": "Gene@1353"}, {"text": "rs4973768", "type": "Mutation", "identifier": "rs4973768", "lemma": "Mutation@rs4973768"}, {"text": "rs6504950", "type": "Mutation", "identifier": "rs6504950", "lemma": "Mutation@rs6504950"}, {"text": "FGFR2", "type": "Gene", "identifier": "2263", "lemma": "Gene@2263"}, {"text": "cancers", "type": "Disease", "identifier": "MESH:D009369", "lemma": "Disease@MESH:D009369"}, {"text": "rs4132417", "type": "Mutation", "identifier": "rs4132417", "lemma": "Mutation@rs4132417"}, {"text": "ER", "type": "Gene", "identifier": "2099", "lemma": "Gene@2099"}, {"text": "P < 10-4", "type": "Gene", "identifier": "4820", "lemma": "Gene@4820"}, {"text": "P < 10-5", "type": "Gene", "identifier": "4790", "lemma": "Gene@4790"}, {"text": "rs1357245", "type": "Mutation", "identifier": "rs1357245", "lemma": "Mutation@rs1357245"}, {"text": "rs2307032", "type": "Mutation", "identifier": "rs2307032", "lemma": "Mutation@rs2307032"}, {"text": "NEK2", "type": "Gene", "identifier": "4751", "lemma": "Gene@4751"}, {"text": "NEK6", "type": "Gene", "identifier": "10783", "lemma": "Gene@10783"}, {"text": "NEK7", "type": "Gene", "identifier": "140609", "lemma": "Gene@140609"}, {"text": "NEK9", "type": "Gene", "identifier": "91754", "lemma": "Gene@91754"}, {"text": "NEK1", "type": "Gene", "identifier": "4750", "lemma": "Gene@4750"}, {"text": "NEK8", "type": "Gene", "identifier": "284086", "lemma": "Gene@284086"}, {"text": "polycystic kidney disease", "type": "Disease", "identifier": "MESH:D007690", "lemma": "Disease@MESH:D007690"}, {"text": "STXBP4", "type": "Gene", "identifier": "252983", "lemma": "Gene@252983"}, {"text": "GLUT4", "type": "Gene", "identifier": "6517", "lemma": "Gene@6517"}, {"text": "TOM1L1", "type": "Gene", "identifier": "10040", "lemma": "Gene@10040"}, {"text": "rs6504960", "type": "Mutation", "identifier": "rs6504960", "lemma": "Mutation@rs6504960"}, {"text": "carcinoma-in-situ", "type": "Disease", "identifier": "MESH:D002278", "lemma": "Disease@MESH:D002278"}, {"text": "P < 10-7", "type": "Gene", "identifier": "5933", "lemma": "Gene@5933"}, {"text": "MAF", "type": "Gene", "identifier": "4094", "lemma": "Gene@4094"}, {"text": "MAFb", "type": "Gene", "identifier": "9935", "lemma": "Gene@9935"}]}