{"entities": [{"text": "breast cancer", "type": "Disease", "identifier": "MESH:D001943", "lemma": "Disease@MESH:D001943"}, {"text": "FGFR2", "type": "Gene", "identifier": "2263", "lemma": "Gene@2263"}, {"text": "TNRC9", "type": "Gene", "identifier": "27324", "lemma": "Gene@27324"}, {"text": "MAP3K1", "type": "Gene", "identifier": "4214", "lemma": "Gene@4214"}, {"text": "LSP1", "type": "Gene", "identifier": "4046", "lemma": "Gene@4046"}, {"text": "P<10-7", "type": "Gene", "identifier": "5933", "lemma": "Gene@5933"}, {"text": "familial aggregation", "type": "Disease", "identifier": "MESH:D020914", "lemma": "Disease@MESH:D020914"}, {"text": "BRCA1", "type": "Gene", "identifier": "672", "lemma": "Gene@672"}, {"text": "BRCA2", "type": "Gene", "identifier": "675", "lemma": "Gene@675"}, {"text": "CHEK2", "type": "Gene", "identifier": "11200", "lemma": "Gene@11200"}, {"text": "ATM", "type": "Gene", "identifier": "472", "lemma": "Gene@472"}, {"text": "BRIP1", "type": "Gene", "identifier": "83990", "lemma": "Gene@83990"}, {"text": "PALB2", "type": "Gene", "identifier": "79728", "lemma": "Gene@79728"}, {"text": "CASP8", "type": "Gene", "identifier": "841", "lemma": "Gene@841"}, {"text": "P<10-5", "type": "Gene", "identifier": "4790", "lemma": "Gene@4790"}, {"text": "rs2981582", "type": "Mutation", "identifier": "rs2981582", "lemma": "Mutation@rs2981582"}, {"text": "MIER3", "type": "Gene", "identifier": "166968", "lemma": "Gene@166968"}, {"text": "H19", "type": "Gene", "identifier": "283120", "lemma": "Gene@283120"}, {"text": "IGF2", "type": "Gene", "identifier": "3481", "lemma": "Gene@3481"}, {"text": "rs16901979", "type": "Mutation", "identifier": "rs16901979", "lemma": "Mutation@rs16901979"}, {"text": "rs2107425", "type": "Mutation", "identifier": "rs2107425", "lemma": "Mutation@rs2107425"}, {"text": "rs8051542", "type": "Mutation", "identifier": "rs8051542", "lemma": "Mutation@rs8051542"}, {"text": "carcinoma in situ", "type": "Disease", "identifier": "MESH:D002278", "lemma": "Disease@MESH:D002278"}, {"text": "rs12443621", "type": "Mutation", "identifier": "rs12443621", "lemma": "Mutation@rs12443621"}, {"text": "rs889312", "type": "Mutation", "identifier": "rs889312", "lemma": "Mutation@rs889312"}, {"text": "rs3817198", "type": "Mutation", "identifier": "rs3817198", "lemma": "Mutation@rs3817198"}, {"text": "rs13281615", "type": "Mutation", "identifier": "rs13281615", "lemma": "Mutation@rs13281615"}, {"text": "rs6983267", "type": "Mutation", "identifier": "rs6983267", "lemma": "Mutation@rs6983267"}, {"text": "rs1447295", "type": "Mutation", "identifier": "rs1447295", "lemma": "Mutation@rs1447295"}, {"text": "prostate cancer", "type": "Disease", "identifier": "MESH:D011471", "lemma": "Disease@MESH:D011471"}, {"text": "rs4666451", "type": "Mutation", "identifier": "rs4666451", "lemma": "Mutation@rs4666451"}, {"text": "rs981782", "type": "Mutation", "identifier": "rs981782", "lemma": "Mutation@rs981782"}, {"text": "rs30099", "type": "Mutation", "identifier": "rs30099", "lemma": "Mutation@rs30099"}, {"text": "rs7895676", "type": "Mutation", "identifier": "rs7895676", "lemma": "Mutation@rs7895676"}, {"text": "rs10736303", "type": "Mutation", "identifier": "rs10736303", "lemma": "Mutation@rs10736303"}, {"text": "cancer", "type": "Disease", "identifier": "MESH:D009369", "lemma": "Disease@MESH:D009369"}, {"text": "rs35054928", "type": "Mutation", "identifier": "rs35054928", "lemma": "Mutation@rs35054928"}, {"text": "rs2981578", "type": "Mutation", "identifier": "rs2981578", "lemma": "Mutation@rs2981578"}, {"text": "rs3095604", "type": "Mutation", "identifier": "rs3095604", "lemma": "Mutation@rs3095604"}, {"text": "rs3803662", "type": "Mutation", "identifier": "rs3803662", "lemma": "Mutation@rs3803662"}, {"text": "rs4784227", "type": "Mutation", "identifier": "rs4784227", "lemma": "Mutation@rs4784227"}, {"text": "rs1362548", "type": "Mutation", "identifier": "rs1362548", "lemma": "Mutation@rs1362548"}, {"text": "rs17271951", "type": "Mutation", "identifier": "rs17271951", "lemma": "Mutation@rs17271951"}, {"text": "D302H", "type": "Mutation", "identifier": "rs1045485", "lemma": "Mutation@rs1045485"}, {"text": "rs35012336", "type": "Mutation", "identifier": "rs35012336", "lemma": "Mutation@rs35012336"}, {"text": "rs4752569", "type": "Mutation", "identifier": "rs4752569", "lemma": "Mutation@rs4752569"}, {"text": "rs33971856", "type": "Mutation", "identifier": "rs33971856", "lemma": "Mutation@rs33971856"}, {"text": "rs35393331", "type": "Mutation", "identifier": "rs35393331", "lemma": "Mutation@rs35393331"}, {"text": "rs34032268", "type": "Mutation", "identifier": "rs34032268", "lemma": "Mutation@rs34032268"}, {"text": "rs2912778", "type": "Mutation", "identifier": "rs2912778", "lemma": "Mutation@rs2912778"}, {"text": "rs2912781", "type": "Mutation", "identifier": "rs2912781", "lemma": "Mutation@rs2912781"}, {"text": "breast and ovarian-cancer", "type": "Disease", "identifier": "MESH:D010051", "lemma": "Disease@MESH:D010051"}, {"text": "BRCA2-interacting protein", "type": "Gene", "identifier": "54967", "lemma": "Gene@54967"}, {"text": "1100delC", "type": "Mutation", "identifier": "rs555607708", "lemma": "Mutation@rs555607708"}, {"text": "ataxia-telangiectasia", "type": "Disease", "identifier": "MESH:D001260", "lemma": "Disease@MESH:D001260"}, {"text": "Fanconi anemia", "type": "Disease", "identifier": "MESH:D005199", "lemma": "Disease@MESH:D005199"}, {"text": "Flg, 2", "type": "Gene", "identifier": "388698", "lemma": "Gene@388698"}, {"text": "fibroblast growth factor receptor 3", "type": "Gene", "identifier": "2261", "lemma": "Gene@2261"}, {"text": "colorectal cancers", "type": "Disease", "identifier": "MESH:D015179", "lemma": "Disease@MESH:D015179"}, {"text": "Ptprj", "type": "Gene", "identifier": "19271", "lemma": "Gene@19271"}, {"text": "rs10510097", "type": "Mutation", "identifier": "rs10510097", "lemma": "Mutation@rs10510097"}]}