{"entities": [{"text": "diabetes", "type": "Disease", "identifier": "MESH:D003920", "lemma": "Disease@MESH:D003920"}, {"text": "JAZF1", "type": "Gene", "identifier": "221895", "lemma": "Gene@221895"}, {"text": "CDC123", "type": "Gene", "identifier": "8872", "lemma": "Gene@8872"}, {"text": "CAMK1D", "type": "Gene", "identifier": "57118", "lemma": "Gene@57118"}, {"text": "TSPAN8", "type": "Gene", "identifier": "7103", "lemma": "Gene@7103"}, {"text": "LGR5", "type": "Gene", "identifier": "8549", "lemma": "Gene@8549"}, {"text": "THADA", "type": "Gene", "identifier": "63892", "lemma": "Gene@63892"}, {"text": "ADAMTS9", "type": "Gene", "identifier": "56999", "lemma": "Gene@56999"}, {"text": "NOTCH2", "type": "Gene", "identifier": "4853", "lemma": "Gene@4853"}, {"text": "type 2 diabetes", "type": "Disease", "identifier": "MESH:D003924", "lemma": "Disease@MESH:D003924"}, {"text": "TCF7L2", "type": "Gene", "identifier": "6934", "lemma": "Gene@6934"}, {"text": "FTO", "type": "Gene", "identifier": "79068", "lemma": "Gene@79068"}, {"text": "obesity", "type": "Disease", "identifier": "MESH:D009765", "lemma": "Disease@MESH:D009765"}, {"text": "PPARG", "type": "Gene", "identifier": "5468", "lemma": "Gene@5468"}, {"text": "rs7903146", "type": "Mutation", "identifier": "rs7903146", "lemma": "Mutation@rs7903146"}, {"text": "p<10-4", "type": "Gene", "identifier": "4820", "lemma": "Gene@4820"}, {"text": "p<10-5", "type": "Gene", "identifier": "4790", "lemma": "Gene@4790"}, {"text": "NR2C2", "type": "Gene", "identifier": "7182", "lemma": "Gene@7182"}, {"text": "Nr2c2", "type": "Gene", "identifier": "22026", "lemma": "Gene@22026"}, {"text": "IGF1", "type": "Gene", "identifier": "16000", "lemma": "Gene@16000"}, {"text": "TCF2", "type": "Gene", "identifier": "6928", "lemma": "Gene@6928"}, {"text": "prostate cancer", "type": "Disease", "identifier": "MESH:D011471", "lemma": "Disease@MESH:D011471"}, {"text": "postnatal hypoglycaemia", "type": "Disease", "identifier": "MESH:D019052", "lemma": "Disease@MESH:D019052"}, {"text": "growth retardation", "type": "Disease", "identifier": "MESH:D006130", "lemma": "Disease@MESH:D006130"}, {"text": "rs864745", "type": "Mutation", "identifier": "rs864745", "lemma": "Mutation@rs864745"}, {"text": "CDC123", "type": "Gene", "identifier": "850912", "lemma": "Gene@850912"}, {"text": "CDKAL1", "type": "Gene", "identifier": "54901", "lemma": "Gene@54901"}, {"text": "CDKN2A", "type": "Gene", "identifier": "1029", "lemma": "Gene@1029"}, {"text": "rs12779790", "type": "Mutation", "identifier": "rs12779790", "lemma": "Mutation@rs12779790"}, {"text": "carcinomas of the colon", "type": "Disease", "identifier": "MESH:D015179", "lemma": "Disease@MESH:D015179"}, {"text": "rs7961581", "type": "Mutation", "identifier": "rs7961581", "lemma": "Mutation@rs7961581"}, {"text": "rs7578597", "type": "Mutation", "identifier": "rs7578597", "lemma": "Mutation@rs7578597"}, {"text": "thyroid adenomas", "type": "Disease", "identifier": "MESH:D013964", "lemma": "Disease@MESH:D013964"}, {"text": "Rs4607103", "type": "Mutation", "identifier": "Rs4607103", "lemma": "Mutation@Rs4607103"}, {"text": "ADAM30", "type": "Gene", "identifier": "11085", "lemma": "Gene@11085"}, {"text": "NOTCH-2", "type": "Gene", "identifier": "18129", "lemma": "Gene@18129"}, {"text": "Rs2641348", "type": "Mutation", "identifier": "Rs2641348", "lemma": "Mutation@Rs2641348"}, {"text": "branching pancreatic", "type": "Disease", "identifier": "MESH:D010195", "lemma": "Disease@MESH:D010195"}, {"text": "rs10923931", "type": "Mutation", "identifier": "rs10923931", "lemma": "Mutation@rs10923931"}, {"text": "L359P", "type": "Mutation", "identifier": "rs2641348", "lemma": "Mutation@rs2641348"}, {"text": "dermcidin", "type": "Gene", "identifier": "117159", "lemma": "Gene@117159"}, {"text": "VEGFA", "type": "Gene", "identifier": "7422", "lemma": "Gene@7422"}, {"text": "SYN2", "type": "Gene", "identifier": "6854", "lemma": "Gene@6854"}, {"text": "rs1153188", "type": "Mutation", "identifier": "rs1153188", "lemma": "Mutation@rs1153188"}, {"text": "Pro12Ala", "type": "Mutation", "identifier": "rs1801282", "lemma": "Mutation@rs1801282"}, {"text": "rs17036101", "type": "Mutation", "identifier": "rs17036101", "lemma": "Mutation@rs17036101"}, {"text": "KCNJ11", "type": "Gene", "identifier": "3767", "lemma": "Gene@3767"}, {"text": "glucose homeostasis", "type": "Disease", "identifier": "MESH:D018149", "lemma": "Disease@MESH:D018149"}, {"text": "IGF2BP2", "type": "Gene", "identifier": "10644", "lemma": "Gene@10644"}, {"text": "HHEX", "type": "Gene", "identifier": "3087", "lemma": "Gene@3087"}, {"text": "IDE", "type": "Gene", "identifier": "3416", "lemma": "Gene@3416"}, {"text": "SLC30A8", "type": "Gene", "identifier": "169026", "lemma": "Gene@169026"}, {"text": "WFS1", "type": "Gene", "identifier": "7466", "lemma": "Gene@7466"}, {"text": "RS1", "type": "Gene", "identifier": "6247", "lemma": "Gene@6247"}, {"text": "rs4607103", "type": "Mutation", "identifier": "rs4607103", "lemma": "Mutation@rs4607103"}, {"text": "rs9472138", "type": "Mutation", "identifier": "rs9472138", "lemma": "Mutation@rs9472138"}, {"text": "rs10490072", "type": "Mutation", "identifier": "rs10490072", "lemma": "Mutation@rs10490072"}, {"text": "insulin", "type": "Gene", "identifier": "3630", "lemma": "Gene@3630"}, {"text": "A 100K", "type": "Mutation", "identifier": "p.A100K", "lemma": "Mutation@p.A100K"}, {"text": "chronic disease", "type": "Disease", "identifier": "MESH:D002908", "lemma": "Disease@MESH:D002908"}, {"text": "TAK1", "type": "Gene", "identifier": "6885", "lemma": "Gene@6885"}, {"text": "eIF2gamma", "type": "Gene", "identifier": "1968", "lemma": "Gene@1968"}, {"text": "thyroid tumors", "type": "Disease", "identifier": "MESH:D013959", "lemma": "Disease@MESH:D013959"}, {"text": "rs2793831", "type": "Mutation", "identifier": "rs2793831", "lemma": "Mutation@rs2793831"}, {"text": "rs2934381", "type": "Mutation", "identifier": "rs2934381", "lemma": "Mutation@rs2934381"}]}