{"entities": [{"text": "Alzheimer Disease", "type": "Disease", "identifier": "MESH:D000544", "lemma": "Disease@MESH:D000544"}, {"text": "reelin", "type": "Gene", "identifier": "19699", "lemma": "Gene@19699"}, {"text": "dementia", "type": "Disease", "identifier": "MESH:D003704", "lemma": "Disease@MESH:D003704"}, {"text": "cognitive decline", "type": "Disease", "identifier": "MESH:D003072", "lemma": "Disease@MESH:D003072"}, {"text": "IBS", "type": "Disease", "identifier": "MESH:D043183", "lemma": "Disease@MESH:D043183"}, {"text": "CA1", "type": "Gene", "identifier": "12346", "lemma": "Gene@12346"}, {"text": "neuritic plaque burden", "type": "Disease", "identifier": "MESH:D058225", "lemma": "Disease@MESH:D058225"}, {"text": "rs4298437", "type": "Mutation", "identifier": "rs4298437", "lemma": "Mutation@rs4298437"}, {"text": "rs6943822", "type": "Mutation", "identifier": "rs6943822", "lemma": "Mutation@rs6943822"}, {"text": "vacuolar lesions", "type": "Disease", "identifier": "MESH:C536522", "lemma": "Disease@MESH:C536522"}, {"text": "granulovacuolar degeneration", "type": "Disease", "identifier": "MESH:C564974", "lemma": "Disease@MESH:C564974"}, {"text": "degeneration", "type": "Disease", "identifier": "MESH:D009410", "lemma": "Disease@MESH:D009410"}, {"text": "RELN", "type": "Gene", "identifier": "5649", "lemma": "Gene@5649"}, {"text": "microtubule-associated protein", "type": "Gene", "identifier": "54141", "lemma": "Gene@54141"}, {"text": "beta-amyloid precursor protein", "type": "Gene", "identifier": "11820", "lemma": "Gene@11820"}, {"text": "presenilin-1", "type": "Gene", "identifier": "19164", "lemma": "Gene@19164"}, {"text": "HDAC4", "type": "Gene", "identifier": "208727", "lemma": "Gene@208727"}, {"text": "SLC5A9", "type": "Gene", "identifier": "230612", "lemma": "Gene@230612"}, {"text": "TMEM65", "type": "Gene", "identifier": "74868", "lemma": "Gene@74868"}, {"text": "neurodegenerative disorders", "type": "Disease", "identifier": "MESH:D019636", "lemma": "Disease@MESH:D019636"}, {"text": "Alzheimer disease pathology and cerebral infarctions", "type": "Disease", "identifier": "MESH:D002544", "lemma": "Disease@MESH:D002544"}, {"text": "amyloid precursor protein", "type": "Gene", "identifier": "351", "lemma": "Gene@351"}, {"text": "schizophrenia", "type": "Disease", "identifier": "MESH:D012559", "lemma": "Disease@MESH:D012559"}, {"text": "VLDL receptor", "type": "Gene", "identifier": "22359", "lemma": "Gene@22359"}, {"text": "disabled-1", "type": "Gene", "identifier": "13131", "lemma": "Gene@13131"}, {"text": "Apolipoprotein E", "type": "Gene", "identifier": "11816", "lemma": "Gene@11816"}, {"text": "glycogen synthase kinase-3beta", "type": "Gene", "identifier": "56637", "lemma": "Gene@56637"}, {"text": "rheumatoid arthritis", "type": "Disease", "identifier": "MESH:D001172", "lemma": "Disease@MESH:D001172"}, {"text": "rs11782819", "type": "Mutation", "identifier": "rs11782819", "lemma": "Mutation@rs11782819"}, {"text": "rs9530579", "type": "Mutation", "identifier": "rs9530579", "lemma": "Mutation@rs9530579"}, {"text": "rs6734151", "type": "Mutation", "identifier": "rs6734151", "lemma": "Mutation@rs6734151"}, {"text": "rs1481650", "type": "Mutation", "identifier": "rs1481650", "lemma": "Mutation@rs1481650"}, {"text": "rs4790069", "type": "Mutation", "identifier": "rs4790069", "lemma": "Mutation@rs4790069"}, {"text": "rs10956170", "type": "Mutation", "identifier": "rs10956170", "lemma": "Mutation@rs10956170"}, {"text": "rs3791523", "type": "Mutation", "identifier": "rs3791523", "lemma": "Mutation@rs3791523"}, {"text": "rs894520", "type": "Mutation", "identifier": "rs894520", "lemma": "Mutation@rs894520"}, {"text": "OGFOD1", "type": "Gene", "identifier": "270086", "lemma": "Gene@270086"}, {"text": "RBBP6", "type": "Gene", "identifier": "19647", "lemma": "Gene@19647"}, {"text": "SCNN1B", "type": "Gene", "identifier": "20277", "lemma": "Gene@20277"}, {"text": "rs4457311", "type": "Mutation", "identifier": "rs4457311", "lemma": "Mutation@rs4457311"}, {"text": "rs4784670", "type": "Mutation", "identifier": "rs4784670", "lemma": "Mutation@rs4784670"}, {"text": "rs2833546", "type": "Mutation", "identifier": "rs2833546", "lemma": "Mutation@rs2833546"}, {"text": "rs10498214", "type": "Mutation", "identifier": "rs10498214", "lemma": "Mutation@rs10498214"}, {"text": "rs11205449", "type": "Mutation", "identifier": "rs11205449", "lemma": "Mutation@rs11205449"}, {"text": "rs11649538", "type": "Mutation", "identifier": "rs11649538", "lemma": "Mutation@rs11649538"}, {"text": "rs152745", "type": "Mutation", "identifier": "rs152745", "lemma": "Mutation@rs152745"}, {"text": "Freq", "type": "Gene", "identifier": "14299", "lemma": "Gene@14299"}]}