{"entities": [{"text": "genetic variations", "type": "Disease", "identifier": "MESH:D030342", "lemma": "Disease@MESH:D030342"}, {"text": "breast cancer", "type": "Disease", "identifier": "MESH:D001943", "lemma": "Disease@MESH:D001943"}, {"text": "POSH", "type": "Gene", "identifier": "57630", "lemma": "Gene@57630"}, {"text": "ARRDC3", "type": "Gene", "identifier": "57561", "lemma": "Gene@57561"}, {"text": "PBX1", "type": "Gene", "identifier": "5087", "lemma": "Gene@5087"}, {"text": "RORalpha", "type": "Gene", "identifier": "6095", "lemma": "Gene@6095"}, {"text": "NTN1", "type": "Gene", "identifier": "9423", "lemma": "Gene@9423"}, {"text": "SYT6", "type": "Gene", "identifier": "148281", "lemma": "Gene@148281"}, {"text": "BRCA1", "type": "Gene", "identifier": "672", "lemma": "Gene@672"}, {"text": "tumours", "type": "Disease", "identifier": "MESH:D009369", "lemma": "Disease@MESH:D009369"}, {"text": "HER-2", "type": "Gene", "identifier": "2064", "lemma": "Gene@2064"}, {"text": "BRCA1/2", "type": "Gene", "identifier": "672;675", "lemma": "Gene@672;675"}, {"text": "BRCA2", "type": "Gene", "identifier": "675", "lemma": "Gene@675"}, {"text": "death", "type": "Disease", "identifier": "MESH:D003643", "lemma": "Disease@MESH:D003643"}, {"text": "rs421379", "type": "Mutation", "identifier": "rs421379", "lemma": "Mutation@rs421379"}, {"text": "rs3884558", "type": "Mutation", "identifier": "rs3884558", "lemma": "Mutation@rs3884558"}, {"text": "rs3785982", "type": "Mutation", "identifier": "rs3785982", "lemma": "Mutation@rs3785982"}, {"text": "Leukaemia", "type": "Disease", "identifier": "MESH:D007938", "lemma": "Disease@MESH:D007938"}, {"text": "rs2774307", "type": "Mutation", "identifier": "rs2774307", "lemma": "Mutation@rs2774307"}, {"text": "rs1387389", "type": "Mutation", "identifier": "rs1387389", "lemma": "Mutation@rs1387389"}, {"text": "RAB34", "type": "Gene", "identifier": "83871", "lemma": "Gene@83871"}, {"text": "ABCD1", "type": "Gene", "identifier": "215", "lemma": "Gene@215"}, {"text": "rs9934948", "type": "Mutation", "identifier": "rs9934948", "lemma": "Mutation@rs9934948"}, {"text": "rs3784099", "type": "Mutation", "identifier": "rs3784099", "lemma": "Mutation@rs3784099"}, {"text": "b-4", "type": "Gene", "identifier": "930", "lemma": "Gene@930"}, {"text": "ITGb4", "type": "Gene", "identifier": "3691", "lemma": "Gene@3691"}, {"text": "Myocyte-specific enhancer factor 2", "type": "Gene", "identifier": "4205", "lemma": "Gene@4205"}, {"text": "MEF2C", "type": "Gene", "identifier": "4208", "lemma": "Gene@4208"}, {"text": "Notch1", "type": "Gene", "identifier": "4851", "lemma": "Gene@4851"}, {"text": "Notch", "type": "Gene", "identifier": "31293", "lemma": "Gene@31293"}, {"text": "aggressive tumour", "type": "Disease", "identifier": "MESH:D001523", "lemma": "Disease@MESH:D001523"}, {"text": "prostate cancer", "type": "Disease", "identifier": "MESH:D011471", "lemma": "Disease@MESH:D011471"}, {"text": "invasive tumour", "type": "Disease", "identifier": "MESH:D009361", "lemma": "Disease@MESH:D009361"}, {"text": "POU2F1", "type": "Gene", "identifier": "5451", "lemma": "Gene@5451"}, {"text": "TGIF1", "type": "Gene", "identifier": "7050", "lemma": "Gene@7050"}, {"text": "HMGA1/2", "type": "Gene", "identifier": "3159;8091", "lemma": "Gene@3159;8091"}, {"text": "CDX2", "type": "Gene", "identifier": "1045", "lemma": "Gene@1045"}, {"text": "CREB1/2", "type": "Gene", "identifier": "1385;468", "lemma": "Gene@1385;468"}, {"text": "HMGA1", "type": "Gene", "identifier": "3159", "lemma": "Gene@3159"}, {"text": "VBP1", "type": "Gene", "identifier": "7411", "lemma": "Gene@7411"}, {"text": "E4F1", "type": "Gene", "identifier": "1877", "lemma": "Gene@1877"}, {"text": "ERalpha", "type": "Gene", "identifier": "2099", "lemma": "Gene@2099"}, {"text": "hormone receptor", "type": "Gene", "identifier": "3164", "lemma": "Gene@3164"}, {"text": "TERT", "type": "Gene", "identifier": "7015", "lemma": "Gene@7015"}, {"text": "CLPTM1L", "type": "Gene", "identifier": "81037", "lemma": "Gene@81037"}, {"text": "obesity", "type": "Disease", "identifier": "MESH:D009765", "lemma": "Disease@MESH:D009765"}, {"text": "NAD(P)H:quinone oxidoreductase 1", "type": "Gene", "identifier": "1728", "lemma": "Gene@1728"}, {"text": "P187S", "type": "Mutation", "identifier": "rs1800566", "lemma": "Mutation@rs1800566"}, {"text": "Mef2", "type": "Gene", "identifier": "36032", "lemma": "Gene@36032"}, {"text": "JNK", "type": "Gene", "identifier": "44801", "lemma": "Gene@44801"}, {"text": "SEMA3F", "type": "Gene", "identifier": "6405", "lemma": "Gene@6405"}, {"text": "Pemp", "type": "Gene", "identifier": "4354", "lemma": "Gene@4354"}, {"text": "Number ofbreastcancerdeaths              TotalnumberofBreastcancerpatients", "type": "Disease", "identifier": "MESH:D007674", "lemma": "Disease@MESH:D007674"}, {"text": "rs971398", "type": "Mutation", "identifier": "rs971398", "lemma": "Mutation@rs971398"}, {"text": "rs10220397", "type": "Mutation", "identifier": "rs10220397", "lemma": "Mutation@rs10220397"}, {"text": "rs12523819", "type": "Mutation", "identifier": "rs12523819", "lemma": "Mutation@rs12523819"}, {"text": "rs303850", "type": "Mutation", "identifier": "rs303850", "lemma": "Mutation@rs303850"}, {"text": "rs7910841", "type": "Mutation", "identifier": "rs7910841", "lemma": "Mutation@rs7910841"}, {"text": "rs1513848", "type": "Mutation", "identifier": "rs1513848", "lemma": "Mutation@rs1513848"}]}