{"entities": [{"text": "breast cancer", "type": "Disease", "identifier": "MESH:D001943", "lemma": "Disease@MESH:D001943"}, {"text": "LSP1", "type": "Gene", "identifier": "4046", "lemma": "Gene@4046"}, {"text": "rs909116", "type": "Mutation", "identifier": "rs909116", "lemma": "Mutation@rs909116"}, {"text": "rs3757318", "type": "Mutation", "identifier": "rs3757318", "lemma": "Mutation@rs3757318"}, {"text": "rs1562430", "type": "Mutation", "identifier": "rs1562430", "lemma": "Mutation@rs1562430"}, {"text": "cancer", "type": "Disease", "identifier": "MESH:D009369", "lemma": "Disease@MESH:D009369"}, {"text": "CASP8", "type": "Gene", "identifier": "841", "lemma": "Gene@841"}, {"text": "D302H", "type": "Mutation", "identifier": "rs1045485", "lemma": "Mutation@rs1045485"}, {"text": "FGFR2", "type": "Gene", "identifier": "2263", "lemma": "Gene@2263"}, {"text": "TOX3", "type": "Gene", "identifier": "27324", "lemma": "Gene@27324"}, {"text": "P < 10-4", "type": "Gene", "identifier": "4820", "lemma": "Gene@4820"}, {"text": "rs2981579", "type": "Mutation", "identifier": "rs2981579", "lemma": "Mutation@rs2981579"}, {"text": "rs10941679", "type": "Mutation", "identifier": "rs10941679", "lemma": "Mutation@rs10941679"}, {"text": "rs13281615", "type": "Mutation", "identifier": "rs13281615", "lemma": "Mutation@rs13281615"}, {"text": "rs7716600", "type": "Mutation", "identifier": "rs7716600", "lemma": "Mutation@rs7716600"}, {"text": "rs3803662", "type": "Mutation", "identifier": "rs3803662", "lemma": "Mutation@rs3803662"}, {"text": "ESR1", "type": "Gene", "identifier": "2099", "lemma": "Gene@2099"}, {"text": "C6orf97", "type": "Gene", "identifier": "80129", "lemma": "Gene@80129"}, {"text": "rs2046210", "type": "Mutation", "identifier": "rs2046210", "lemma": "Mutation@rs2046210"}, {"text": "rs6900157", "type": "Mutation", "identifier": "rs6900157", "lemma": "Mutation@rs6900157"}, {"text": "rs10931936", "type": "Mutation", "identifier": "rs10931936", "lemma": "Mutation@rs10931936"}, {"text": "rs624797", "type": "Mutation", "identifier": "rs624797", "lemma": "Mutation@rs624797"}, {"text": "rs614367", "type": "Mutation", "identifier": "rs614367", "lemma": "Mutation@rs614367"}, {"text": "rs1011970", "type": "Mutation", "identifier": "rs1011970", "lemma": "Mutation@rs1011970"}, {"text": "rs10995190", "type": "Mutation", "identifier": "rs10995190", "lemma": "Mutation@rs10995190"}, {"text": "rs704010", "type": "Mutation", "identifier": "rs704010", "lemma": "Mutation@rs704010"}, {"text": "rs2380205", "type": "Mutation", "identifier": "rs2380205", "lemma": "Mutation@rs2380205"}, {"text": "rs6610204", "type": "Mutation", "identifier": "rs6610204", "lemma": "Mutation@rs6610204"}, {"text": "CDKN2A", "type": "Gene", "identifier": "1029", "lemma": "Gene@1029"}, {"text": "CDKN2B", "type": "Gene", "identifier": "1030", "lemma": "Gene@1030"}, {"text": "CDKN2BAS", "type": "Gene", "identifier": "100048912", "lemma": "Gene@100048912"}, {"text": "melanoma", "type": "Disease", "identifier": "MESH:D008545", "lemma": "Disease@MESH:D008545"}, {"text": "pancreatic cancer", "type": "Disease", "identifier": "MESH:D010190", "lemma": "Disease@MESH:D010190"}, {"text": "glioma", "type": "Disease", "identifier": "MESH:D005910", "lemma": "Disease@MESH:D005910"}, {"text": "rs10757278", "type": "Mutation", "identifier": "rs10757278", "lemma": "Mutation@rs10757278"}, {"text": "diabetes", "type": "Disease", "identifier": "MESH:D003920", "lemma": "Disease@MESH:D003920"}, {"text": "coronary heart disease", "type": "Disease", "identifier": "MESH:D003324", "lemma": "Disease@MESH:D003324"}, {"text": "basal cell carcinoma", "type": "Disease", "identifier": "MESH:D002280", "lemma": "Disease@MESH:D002280"}, {"text": "MYEOV", "type": "Gene", "identifier": "26579", "lemma": "Gene@26579"}, {"text": "CCND1", "type": "Gene", "identifier": "595", "lemma": "Gene@595"}, {"text": "ORAOV1", "type": "Gene", "identifier": "220064", "lemma": "Gene@220064"}, {"text": "FGF19", "type": "Gene", "identifier": "9965", "lemma": "Gene@9965"}, {"text": "FGF4", "type": "Gene", "identifier": "2249", "lemma": "Gene@2249"}, {"text": "FGF3", "type": "Gene", "identifier": "2248", "lemma": "Gene@2248"}, {"text": "oral cancer", "type": "Disease", "identifier": "MESH:D009062", "lemma": "Disease@MESH:D009062"}, {"text": "myeloma", "type": "Disease", "identifier": "MESH:D009101", "lemma": "Disease@MESH:D009101"}, {"text": "ZNF365", "type": "Gene", "identifier": "22891", "lemma": "Gene@22891"}, {"text": "ANKRD16", "type": "Gene", "identifier": "54522", "lemma": "Gene@54522"}, {"text": "FBXO18", "type": "Gene", "identifier": "84893", "lemma": "Gene@84893"}, {"text": "ZMIZ1", "type": "Gene", "identifier": "57178", "lemma": "Gene@57178"}, {"text": "rs10995271", "type": "Mutation", "identifier": "rs10995271", "lemma": "Mutation@rs10995271"}, {"text": "nephrolithiasis", "type": "Disease", "identifier": "MESH:D053040", "lemma": "Disease@MESH:D053040"}, {"text": "Crohn's disease", "type": "Disease", "identifier": "MESH:D003424", "lemma": "Disease@MESH:D003424"}, {"text": "BRCA1", "type": "Gene", "identifier": "672", "lemma": "Gene@672"}, {"text": "BRCA2", "type": "Gene", "identifier": "675", "lemma": "Gene@675"}, {"text": "POSH", "type": "Gene", "identifier": "57630", "lemma": "Gene@57630"}, {"text": "NBS", "type": "Disease", "identifier": "MESH:D049932", "lemma": "Disease@MESH:D049932"}, {"text": "rs1866823", "type": "Mutation", "identifier": "rs1866823", "lemma": "Mutation@rs1866823"}, {"text": "rs2246873", "type": "Mutation", "identifier": "rs2246873", "lemma": "Mutation@rs2246873"}, {"text": "MAF", "type": "Gene", "identifier": "4094", "lemma": "Gene@4094"}, {"text": "P < 10-5", "type": "Gene", "identifier": "4790", "lemma": "Gene@4790"}, {"text": "RAD51L1", "type": "Gene", "identifier": "5890", "lemma": "Gene@5890"}, {"text": "rs13387042", "type": "Mutation", "identifier": "rs13387042", "lemma": "Mutation@rs13387042"}, {"text": "RTEL1", "type": "Gene", "identifier": "51750", "lemma": "Gene@51750"}, {"text": "atherosclerosis", "type": "Disease", "identifier": "MESH:D050197", "lemma": "Disease@MESH:D050197"}, {"text": "ARF", "type": "Disease", "identifier": "MESH:D058186", "lemma": "Disease@MESH:D058186"}, {"text": "rs2981578", "type": "Mutation", "identifier": "rs2981578", "lemma": "Mutation@rs2981578"}, {"text": "rs2981582", "type": "Mutation", "identifier": "rs2981582", "lemma": "Mutation@rs2981582"}, {"text": "MAP3K1", "type": "Gene", "identifier": "4214", "lemma": "Gene@4214"}, {"text": "COX11", "type": "Gene", "identifier": "1353", "lemma": "Gene@1353"}, {"text": "SLC4A7", "type": "Gene", "identifier": "9497", "lemma": "Gene@9497"}, {"text": "rs11249433", "type": "Mutation", "identifier": "rs11249433", "lemma": "Mutation@rs11249433"}, {"text": "rs889312", "type": "Mutation", "identifier": "rs889312", "lemma": "Mutation@rs889312"}, {"text": "rs3817198", "type": "Mutation", "identifier": "rs3817198", "lemma": "Mutation@rs3817198"}, {"text": "rs8009944", "type": "Mutation", "identifier": "rs8009944", "lemma": "Mutation@rs8009944"}, {"text": "rs9790879", "type": "Mutation", "identifier": "rs9790879", "lemma": "Mutation@rs9790879"}, {"text": "rs999737", "type": "Mutation", "identifier": "rs999737", "lemma": "Mutation@rs999737"}, {"text": "rs7222197", "type": "Mutation", "identifier": "rs7222197", "lemma": "Mutation@rs7222197"}, {"text": "rs6504950", "type": "Mutation", "identifier": "rs6504950", "lemma": "Mutation@rs6504950"}, {"text": "rs4973768", "type": "Mutation", "identifier": "rs4973768", "lemma": "Mutation@rs4973768"}, {"text": "rs17468277", "type": "Mutation", "identifier": "rs17468277", "lemma": "Mutation@rs17468277"}, {"text": "rs1156287", "type": "Mutation", "identifier": "rs1156287", "lemma": "Mutation@rs1156287"}, {"text": "Rs4973768", "type": "Mutation", "identifier": "Rs4973768", "lemma": "Mutation@Rs4973768"}, {"text": "MAFb", "type": "Gene", "identifier": "9935", "lemma": "Gene@9935"}]}