{"entities": [{"text": "breast cancer", "type": "Disease", "identifier": "MESH:D001943", "lemma": "Disease@MESH:D001943"}, {"text": "EDNRA", "type": "Gene", "identifier": "1909", "lemma": "Gene@1909"}, {"text": "ROPN1L", "type": "Gene", "identifier": "83853", "lemma": "Gene@83853"}, {"text": "C16orf61", "type": "Gene", "identifier": "56942", "lemma": "Gene@56942"}, {"text": "ZNF577", "type": "Gene", "identifier": "84765", "lemma": "Gene@84765"}, {"text": "BRCA1", "type": "Gene", "identifier": "672", "lemma": "Gene@672"}, {"text": "BRCA2", "type": "Gene", "identifier": "675", "lemma": "Gene@675"}, {"text": "CHEK2", "type": "Gene", "identifier": "11200", "lemma": "Gene@11200"}, {"text": "PALB2", "type": "Gene", "identifier": "79728", "lemma": "Gene@79728"}, {"text": "ATM", "type": "Gene", "identifier": "472", "lemma": "Gene@472"}, {"text": "tumor", "type": "Disease", "identifier": "MESH:D009369", "lemma": "Disease@MESH:D009369"}, {"text": "invasive ductal carcinomas", "type": "Disease", "identifier": "MESH:D018270", "lemma": "Disease@MESH:D018270"}, {"text": "rs1092913", "type": "Mutation", "identifier": "rs1092913", "lemma": "Mutation@rs1092913"}, {"text": "rs1981867", "type": "Mutation", "identifier": "rs1981867", "lemma": "Mutation@rs1981867"}, {"text": "rs10411161", "type": "Mutation", "identifier": "rs10411161", "lemma": "Mutation@rs10411161"}, {"text": "rs3848562", "type": "Mutation", "identifier": "rs3848562", "lemma": "Mutation@rs3848562"}, {"text": "rs11878583", "type": "Mutation", "identifier": "rs11878583", "lemma": "Mutation@rs11878583"}, {"text": "rs1429142", "type": "Mutation", "identifier": "rs1429142", "lemma": "Mutation@rs1429142"}, {"text": "FGFR2", "type": "Gene", "identifier": "2263", "lemma": "Gene@2263"}, {"text": "rs3803662", "type": "Mutation", "identifier": "rs3803662", "lemma": "Mutation@rs3803662"}, {"text": "ZBRK1", "type": "Gene", "identifier": "59348", "lemma": "Gene@59348"}, {"text": "zinc finger protein 365", "type": "Gene", "identifier": "22891", "lemma": "Gene@22891"}, {"text": "rs10995190", "type": "Mutation", "identifier": "rs10995190", "lemma": "Mutation@rs10995190"}, {"text": "endothelin-1", "type": "Gene", "identifier": "1906", "lemma": "Gene@1906"}, {"text": "metastases", "type": "Disease", "identifier": "MESH:D009362", "lemma": "Disease@MESH:D009362"}, {"text": "ovarian carcinoma", "type": "Disease", "identifier": "MESH:D010051", "lemma": "Disease@MESH:D010051"}, {"text": "A-kinase anchoring protein", "type": "Gene", "identifier": "11214", "lemma": "Gene@11214"}, {"text": "pancreatic cancer", "type": "Disease", "identifier": "MESH:D010190", "lemma": "Disease@MESH:D010190"}, {"text": "pancreatic", "type": "Disease", "identifier": "MESH:D010195", "lemma": "Disease@MESH:D010195"}, {"text": "1100delC", "type": "Mutation", "identifier": "rs555607708", "lemma": "Mutation@rs555607708"}, {"text": "breast and prostate cancer", "type": "Disease", "identifier": "MESH:D011471", "lemma": "Disease@MESH:D011471"}, {"text": "BRCA2-interacting protein", "type": "Gene", "identifier": "54967", "lemma": "Gene@54967"}, {"text": "MAP3K1", "type": "Gene", "identifier": "4214", "lemma": "Gene@4214"}, {"text": "ataxia-telangiectasia", "type": "Disease", "identifier": "MESH:D001260", "lemma": "Disease@MESH:D001260"}, {"text": "RAD51L1", "type": "Gene", "identifier": "5890", "lemma": "Gene@5890"}]}