{"entities": [{"text": "AMD", "type": "Disease", "identifier": "MESH:D006009", "lemma": "Disease@MESH:D006009"}, {"text": "geographic atrophy", "type": "Disease", "identifier": "MESH:D057092", "lemma": "Disease@MESH:D057092"}, {"text": "ARMS2", "type": "Gene", "identifier": "387715", "lemma": "Gene@387715"}, {"text": "HTRA1", "type": "Gene", "identifier": "5654", "lemma": "Gene@5654"}, {"text": "rs10490924", "type": "Mutation", "identifier": "rs10490924", "lemma": "Mutation@rs10490924"}, {"text": "atrophy", "type": "Disease", "identifier": "MESH:D001284", "lemma": "Disease@MESH:D001284"}, {"text": "vision loss", "type": "Disease", "identifier": "MESH:D014786", "lemma": "Disease@MESH:D014786"}, {"text": "hypertension", "type": "Disease", "identifier": "MESH:D006973", "lemma": "Disease@MESH:D006973"}, {"text": "FRK", "type": "Gene", "identifier": "2444", "lemma": "Gene@2444"}, {"text": "COL10A1", "type": "Gene", "identifier": "1300", "lemma": "Gene@1300"}, {"text": "VEGFA", "type": "Gene", "identifier": "7422", "lemma": "Gene@7422"}, {"text": "Myocardial Infarction", "type": "Disease", "identifier": "MESH:D009203", "lemma": "Disease@MESH:D009203"}, {"text": "GAIN Schizophrenia", "type": "Disease", "identifier": "MESH:D012559", "lemma": "Disease@MESH:D012559"}, {"text": "Maculopathy", "type": "Disease", "identifier": "MESH:D008268", "lemma": "Disease@MESH:D008268"}, {"text": "sub-pigment epithelial hemorrhage", "type": "Disease", "identifier": "MESH:C537835", "lemma": "Disease@MESH:C537835"}, {"text": "hemorrhagic retinal detachments", "type": "Disease", "identifier": "MESH:D012163", "lemma": "Disease@MESH:D012163"}, {"text": "fibrosis", "type": "Disease", "identifier": "MESH:D005355", "lemma": "Disease@MESH:D005355"}, {"text": "KCTD10", "type": "Gene", "identifier": "83892", "lemma": "Gene@83892"}, {"text": "NFATC2", "type": "Gene", "identifier": "4773", "lemma": "Gene@4773"}, {"text": "QSER1", "type": "Gene", "identifier": "79832", "lemma": "Gene@79832"}, {"text": "LILRA4", "type": "Gene", "identifier": "23547", "lemma": "Gene@23547"}, {"text": "NUDT4", "type": "Gene", "identifier": "11163", "lemma": "Gene@11163"}, {"text": "RASA1", "type": "Gene", "identifier": "5921", "lemma": "Gene@5921"}, {"text": "ADARB2", "type": "Gene", "identifier": "105", "lemma": "Gene@105"}, {"text": "UTP18", "type": "Gene", "identifier": "51096", "lemma": "Gene@51096"}, {"text": "rs4755455", "type": "Mutation", "identifier": "rs4755455", "lemma": "Mutation@rs4755455"}, {"text": "C2", "type": "Gene", "identifier": "717", "lemma": "Gene@717"}, {"text": "CETP", "type": "Gene", "identifier": "1071", "lemma": "Gene@1071"}, {"text": "TIMP3", "type": "Gene", "identifier": "7078", "lemma": "Gene@7078"}, {"text": "CFH", "type": "Gene", "identifier": "3075", "lemma": "Gene@3075"}, {"text": "CFB", "type": "Gene", "identifier": "629", "lemma": "Gene@629"}, {"text": "PECI", "type": "Gene", "identifier": "10455", "lemma": "Gene@10455"}, {"text": "SOD2", "type": "Gene", "identifier": "6648", "lemma": "Gene@6648"}, {"text": "MBP", "type": "Gene", "identifier": "4155", "lemma": "Gene@4155"}, {"text": "C8orf42", "type": "Gene", "identifier": "157695", "lemma": "Gene@157695"}, {"text": "rs2842992", "type": "Mutation", "identifier": "rs2842992", "lemma": "Mutation@rs2842992"}, {"text": "rs582301", "type": "Mutation", "identifier": "rs582301", "lemma": "Mutation@rs582301"}, {"text": "rs722782", "type": "Mutation", "identifier": "rs722782", "lemma": "Mutation@rs722782"}, {"text": "rs1789110", "type": "Mutation", "identifier": "rs1789110", "lemma": "Mutation@rs1789110"}, {"text": "CFI", "type": "Gene", "identifier": "3426", "lemma": "Gene@3426"}, {"text": "TRIB1", "type": "Gene", "identifier": "10221", "lemma": "Gene@10221"}, {"text": "BRUNOL4", "type": "Gene", "identifier": "56853", "lemma": "Gene@56853"}, {"text": "TRA2A", "type": "Gene", "identifier": "29896", "lemma": "Gene@29896"}, {"text": "ADAM19", "type": "Gene", "identifier": "8728", "lemma": "Gene@8728"}, {"text": "rs8091635", "type": "Mutation", "identifier": "rs8091635", "lemma": "Mutation@rs8091635"}, {"text": "rs35691538", "type": "Mutation", "identifier": "rs35691538", "lemma": "Mutation@rs35691538"}, {"text": "rs10262213", "type": "Mutation", "identifier": "rs10262213", "lemma": "Mutation@rs10262213"}, {"text": "rs59795197", "type": "Mutation", "identifier": "rs59795197", "lemma": "Mutation@rs59795197"}, {"text": "LIPC", "type": "Gene", "identifier": "3990", "lemma": "Gene@3990"}, {"text": "ABCA1", "type": "Gene", "identifier": "19", "lemma": "Gene@19"}, {"text": "COL8A1", "type": "Gene", "identifier": "1295", "lemma": "Gene@1295"}, {"text": "transforming growth factor-beta", "type": "Gene", "identifier": "7040", "lemma": "Gene@7040"}, {"text": "rs4711751", "type": "Mutation", "identifier": "rs4711751", "lemma": "Mutation@rs4711751"}, {"text": "gpc", "type": "Gene", "identifier": "2995", "lemma": "Gene@2995"}, {"text": "insufficient", "type": "Disease", "identifier": "MESH:D000309", "lemma": "Disease@MESH:D000309"}, {"text": "rs56209061", "type": "Mutation", "identifier": "rs56209061", "lemma": "Mutation@rs56209061"}, {"text": "cardiovascular disease", "type": "Disease", "identifier": "MESH:D002318", "lemma": "Disease@MESH:D002318"}, {"text": "Complement C3", "type": "Gene", "identifier": "718", "lemma": "Gene@718"}, {"text": "Y402H", "type": "Mutation", "identifier": "rs10801555", "lemma": "Mutation@rs10801555"}, {"text": "serine protease", "type": "Gene", "identifier": "50908", "lemma": "Gene@50908"}, {"text": "HTRA1", "type": "Gene", "identifier": "56213", "lemma": "Gene@56213"}, {"text": "polypoidal choroidal vasculopathy", "type": "Disease", "identifier": "MESH:D002833", "lemma": "Disease@MESH:D002833"}, {"text": "serine protease", "type": "Gene", "identifier": "2147", "lemma": "Gene@2147"}, {"text": "RPE", "type": "Gene", "identifier": "6120", "lemma": "Gene@6120"}, {"text": "Freq", "type": "Gene", "identifier": "23413", "lemma": "Gene@23413"}, {"text": "rs2230199", "type": "Mutation", "identifier": "rs2230199", "lemma": "Mutation@rs2230199"}, {"text": "rs9332739", "type": "Mutation", "identifier": "rs9332739", "lemma": "Mutation@rs9332739"}, {"text": "rs11697536", "type": "Mutation", "identifier": "rs11697536", "lemma": "Mutation@rs11697536"}, {"text": "rs4794243", "type": "Mutation", "identifier": "rs4794243", "lemma": "Mutation@rs4794243"}, {"text": "rs9621532", "type": "Mutation", "identifier": "rs9621532", "lemma": "Mutation@rs9621532"}, {"text": "rs1999930", "type": "Mutation", "identifier": "rs1999930", "lemma": "Mutation@rs1999930"}, {"text": "rs1883025", "type": "Mutation", "identifier": "rs1883025", "lemma": "Mutation@rs1883025"}, {"text": "rs10468017", "type": "Mutation", "identifier": "rs10468017", "lemma": "Mutation@rs10468017"}, {"text": "rs13095226", "type": "Mutation", "identifier": "rs13095226", "lemma": "Mutation@rs13095226"}, {"text": "rs3764261", "type": "Mutation", "identifier": "rs3764261", "lemma": "Mutation@rs3764261"}, {"text": "rs7973431", "type": "Mutation", "identifier": "rs7973431", "lemma": "Mutation@rs7973431"}, {"text": "rs34167775", "type": "Mutation", "identifier": "rs34167775", "lemma": "Mutation@rs34167775"}, {"text": "rs1108738", "type": "Mutation", "identifier": "rs1108738", "lemma": "Mutation@rs1108738"}, {"text": "rs1061170", "type": "Mutation", "identifier": "rs1061170", "lemma": "Mutation@rs1061170"}, {"text": "rs641153", "type": "Mutation", "identifier": "rs641153", "lemma": "Mutation@rs641153"}, {"text": "rs62367737", "type": "Mutation", "identifier": "rs62367737", "lemma": "Mutation@rs62367737"}, {"text": "rs10405172", "type": "Mutation", "identifier": "rs10405172", "lemma": "Mutation@rs10405172"}, {"text": "rs10033900", "type": "Mutation", "identifier": "rs10033900", "lemma": "Mutation@rs10033900"}, {"text": "P              OR              P", "type": "Disease", "identifier": "MESH:C000656865", "lemma": "Disease@MESH:C000656865"}, {"text": "rs163494", "type": "Mutation", "identifier": "rs163494", "lemma": "Mutation@rs163494"}]}