{"entities": [{"text": "diabetes", "type": "Disease", "identifier": "MESH:D003920", "lemma": "Disease@MESH:D003920"}, {"text": "CDKAL1", "type": "Gene", "identifier": "54901", "lemma": "Gene@54901"}, {"text": "CDKN2A", "type": "Gene", "identifier": "1029", "lemma": "Gene@1029"}, {"text": "CDKN2B", "type": "Gene", "identifier": "1030", "lemma": "Gene@1030"}, {"text": "IGF2BP2", "type": "Gene", "identifier": "10644", "lemma": "Gene@10644"}, {"text": "HHEX", "type": "Gene", "identifier": "3087", "lemma": "Gene@3087"}, {"text": "IDE", "type": "Gene", "identifier": "3416", "lemma": "Gene@3416"}, {"text": "SLC30A8", "type": "Gene", "identifier": "169026", "lemma": "Gene@169026"}, {"text": "pancreatic", "type": "Disease", "identifier": "MESH:D010195", "lemma": "Disease@MESH:D010195"}, {"text": "PPARG", "type": "Gene", "identifier": "5468", "lemma": "Gene@5468"}, {"text": "KCNJ11", "type": "Gene", "identifier": "3767", "lemma": "Gene@3767"}, {"text": "TCF7L2", "type": "Gene", "identifier": "6934", "lemma": "Gene@6934"}, {"text": "type 2 diabetes", "type": "Disease", "identifier": "MESH:D003924", "lemma": "Disease@MESH:D003924"}, {"text": "rs7901695", "type": "Mutation", "identifier": "rs7901695", "lemma": "Mutation@rs7901695"}, {"text": "RS1", "type": "Gene", "identifier": "6247", "lemma": "Gene@6247"}, {"text": "FTO", "type": "Gene", "identifier": "79068", "lemma": "Gene@79068"}, {"text": "cyclin-dependent kinase 5 [CDK5] regulatory subunit associated protein 1-like 1", "type": "Gene", "identifier": "1020;54901", "lemma": "Gene@1020;54901"}, {"text": "CDK5 regulatory subunit associated protein 1", "type": "Gene", "identifier": "51654", "lemma": "Gene@51654"}, {"text": "CDK5", "type": "Gene", "identifier": "1020", "lemma": "Gene@1020"}, {"text": "p35", "type": "Gene", "identifier": "8851", "lemma": "Gene@8851"}, {"text": "insulin", "type": "Gene", "identifier": "3630", "lemma": "Gene@3630"}, {"text": "rs10946398", "type": "Mutation", "identifier": "rs10946398", "lemma": "Mutation@rs10946398"}, {"text": "rs7754840", "type": "Mutation", "identifier": "rs7754840", "lemma": "Mutation@rs7754840"}, {"text": "obesity", "type": "Disease", "identifier": "MESH:D009765", "lemma": "Disease@MESH:D009765"}, {"text": "Rs8050136", "type": "Mutation", "identifier": "Rs8050136", "lemma": "Mutation@Rs8050136"}, {"text": "rs9465871", "type": "Mutation", "identifier": "rs9465871", "lemma": "Mutation@rs9465871"}, {"text": "rs471253", "type": "Mutation", "identifier": "rs471253", "lemma": "Mutation@rs471253"}, {"text": "pancreatic islet", "type": "Disease", "identifier": "MESH:C535838", "lemma": "Disease@MESH:C535838"}, {"text": "KIF11", "type": "Gene", "identifier": "3832", "lemma": "Gene@3832"}, {"text": "rs5015480", "type": "Mutation", "identifier": "rs5015480", "lemma": "Mutation@rs5015480"}, {"text": "rs1111875", "type": "Mutation", "identifier": "rs1111875", "lemma": "Mutation@rs1111875"}, {"text": "rs2383208", "type": "Mutation", "identifier": "rs2383208", "lemma": "Mutation@rs2383208"}, {"text": "rs564398", "type": "Mutation", "identifier": "rs564398", "lemma": "Mutation@rs564398"}, {"text": "rs10811661", "type": "Mutation", "identifier": "rs10811661", "lemma": "Mutation@rs10811661"}, {"text": "CDK4", "type": "Gene", "identifier": "1019", "lemma": "Gene@1019"}, {"text": "Cdkn2a", "type": "Gene", "identifier": "12578", "lemma": "Gene@12578"}, {"text": "Cdkn2b", "type": "Gene", "identifier": "12579", "lemma": "Gene@12579"}, {"text": "islet hypoplasia", "type": "Disease", "identifier": "MESH:D007340", "lemma": "Disease@MESH:D007340"}, {"text": "tumour", "type": "Disease", "identifier": "MESH:D009369", "lemma": "Disease@MESH:D009369"}, {"text": "insulin-like growth factor 2", "type": "Gene", "identifier": "3481", "lemma": "Gene@3481"}, {"text": "rs4402960", "type": "Mutation", "identifier": "rs4402960", "lemma": "Mutation@rs4402960"}, {"text": "VEGFA", "type": "Gene", "identifier": "7422", "lemma": "Gene@7422"}, {"text": "rs9369425", "type": "Mutation", "identifier": "rs9369425", "lemma": "Mutation@rs9369425"}, {"text": "rs13266634", "type": "Mutation", "identifier": "rs13266634", "lemma": "Mutation@rs13266634"}, {"text": "rs1801282", "type": "Mutation", "identifier": "rs1801282", "lemma": "Mutation@rs1801282"}, {"text": "rs8050136", "type": "Mutation", "identifier": "rs8050136", "lemma": "Mutation@rs8050136"}, {"text": "rs5215", "type": "Mutation", "identifier": "rs5215", "lemma": "Mutation@rs5215"}]}