{"entities": [{"text": "Breast Cancer", "type": "Disease", "identifier": "MESH:D001943", "lemma": "Disease@MESH:D001943"}, {"text": "FGFR2", "type": "Gene", "identifier": "2263", "lemma": "Gene@2263"}, {"text": "TOX3", "type": "Gene", "identifier": "27324", "lemma": "Gene@27324"}, {"text": "rs3803662", "type": "Mutation", "identifier": "rs3803662", "lemma": "Mutation@rs3803662"}, {"text": "rs2981578", "type": "Mutation", "identifier": "rs2981578", "lemma": "Mutation@rs2981578"}, {"text": "carcinogenesis", "type": "Disease", "identifier": "MESH:D063646", "lemma": "Disease@MESH:D063646"}, {"text": "rs12922061", "type": "Mutation", "identifier": "rs12922061", "lemma": "Mutation@rs12922061"}, {"text": "malignancy", "type": "Disease", "identifier": "MESH:D009369", "lemma": "Disease@MESH:D009369"}, {"text": "death", "type": "Disease", "identifier": "MESH:D003643", "lemma": "Disease@MESH:D003643"}, {"text": "BRCA1", "type": "Gene", "identifier": "672", "lemma": "Gene@672"}, {"text": "BRCA2", "type": "Gene", "identifier": "675", "lemma": "Gene@675"}, {"text": "ATM", "type": "Gene", "identifier": "472", "lemma": "Gene@472"}, {"text": "TP53", "type": "Gene", "identifier": "7157", "lemma": "Gene@7157"}, {"text": "CHEK2", "type": "Gene", "identifier": "11200", "lemma": "Gene@11200"}, {"text": "PTEN", "type": "Gene", "identifier": "5728", "lemma": "Gene@5728"}, {"text": "CDH1", "type": "Gene", "identifier": "999", "lemma": "Gene@999"}, {"text": "STK11", "type": "Gene", "identifier": "6794", "lemma": "Gene@6794"}, {"text": "PALB2", "type": "Gene", "identifier": "79728", "lemma": "Gene@79728"}, {"text": "breast diseases", "type": "Disease", "identifier": "MESH:D001941", "lemma": "Disease@MESH:D001941"}, {"text": "polygenic disease", "type": "Disease", "identifier": "MESH:D004194", "lemma": "Disease@MESH:D004194"}, {"text": "inherited cancer", "type": "Disease", "identifier": "MESH:D009386", "lemma": "Disease@MESH:D009386"}, {"text": "Midosuji Rotary Club", "type": "Disease", "identifier": "MESH:D009759", "lemma": "Disease@MESH:D009759"}, {"text": "CHB cluster", "type": "Disease", "identifier": "MESH:D003027", "lemma": "Disease@MESH:D003027"}, {"text": "MAF", "type": "Gene", "identifier": "4094", "lemma": "Gene@4094"}, {"text": "ESR1", "type": "Gene", "identifier": "2099", "lemma": "Gene@2099"}, {"text": "ZNF365", "type": "Gene", "identifier": "22891", "lemma": "Gene@22891"}, {"text": "rs6557161", "type": "Mutation", "identifier": "rs6557161", "lemma": "Mutation@rs6557161"}, {"text": "rs10509168", "type": "Mutation", "identifier": "rs10509168", "lemma": "Mutation@rs10509168"}, {"text": "RAF", "type": "Gene", "identifier": "22882", "lemma": "Gene@22882"}, {"text": "MRPS30", "type": "Gene", "identifier": "10884", "lemma": "Gene@10884"}, {"text": "RPL17p33", "type": "Gene", "identifier": "646909", "lemma": "Gene@646909"}, {"text": "ATF7IP", "type": "Gene", "identifier": "55729", "lemma": "Gene@55729"}, {"text": "MYC", "type": "Gene", "identifier": "4609", "lemma": "Gene@4609"}, {"text": "rs1219648", "type": "Mutation", "identifier": "rs1219648", "lemma": "Mutation@rs1219648"}, {"text": "rs4415084", "type": "Mutation", "identifier": "rs4415084", "lemma": "Mutation@rs4415084"}, {"text": "rs672888", "type": "Mutation", "identifier": "rs672888", "lemma": "Mutation@rs672888"}, {"text": "rs7465364", "type": "Mutation", "identifier": "rs7465364", "lemma": "Mutation@rs7465364"}, {"text": "rs17221259", "type": "Mutation", "identifier": "rs17221259", "lemma": "Mutation@rs17221259"}, {"text": "rs2046210", "type": "Mutation", "identifier": "rs2046210", "lemma": "Mutation@rs2046210"}, {"text": "rs13281615", "type": "Mutation", "identifier": "rs13281615", "lemma": "Mutation@rs13281615"}, {"text": "rs10822013", "type": "Mutation", "identifier": "rs10822013", "lemma": "Mutation@rs10822013"}, {"text": "rs9693444", "type": "Mutation", "identifier": "rs9693444", "lemma": "Mutation@rs9693444"}, {"text": "rs12422552", "type": "Mutation", "identifier": "rs12422552", "lemma": "Mutation@rs12422552"}, {"text": "Oct-1", "type": "Gene", "identifier": "5451", "lemma": "Gene@5451"}, {"text": "Runx2", "type": "Gene", "identifier": "860", "lemma": "Gene@860"}, {"text": "RBL2", "type": "Gene", "identifier": "5934", "lemma": "Gene@5934"}, {"text": "breast cancer metastasis", "type": "Disease", "identifier": "MESH:D009362", "lemma": "Disease@MESH:D009362"}, {"text": "BRCA1/2", "type": "Gene", "identifier": "672;675", "lemma": "Gene@672;675"}, {"text": "breast or ovarian cancer", "type": "Disease", "identifier": "MESH:D010051", "lemma": "Disease@MESH:D010051"}, {"text": "ataxia-telangiectasia", "type": "Disease", "identifier": "MESH:D001260", "lemma": "Disease@MESH:D001260"}, {"text": "1100delC", "type": "Mutation", "identifier": "rs555607708", "lemma": "Mutation@rs555607708"}, {"text": "Cowden disease", "type": "Disease", "identifier": "MESH:D006223", "lemma": "Disease@MESH:D006223"}, {"text": "lobular breast cancers", "type": "Disease", "identifier": "MESH:D013274", "lemma": "Disease@MESH:D013274"}, {"text": "familial breast and pancreatic cancer", "type": "Disease", "identifier": "MESH:D010190", "lemma": "Disease@MESH:D010190"}, {"text": "RAD51L1", "type": "Gene", "identifier": "5890", "lemma": "Gene@5890"}, {"text": "TERT", "type": "Gene", "identifier": "7015", "lemma": "Gene@7015"}, {"text": "CLPTM1L", "type": "Gene", "identifier": "81037", "lemma": "Gene@81037"}, {"text": "SIAH2", "type": "Gene", "identifier": "6478", "lemma": "Gene@6478"}]}