{"entities": [{"text": "Non-Small Cell Lung Cancer", "type": "Disease", "identifier": "MESH:D002289", "lemma": "Disease@MESH:D002289"}, {"text": "cancer", "type": "Disease", "identifier": "MESH:D009369", "lemma": "Disease@MESH:D009369"}, {"text": "cell lung cancer", "type": "Disease", "identifier": "MESH:D008175", "lemma": "Disease@MESH:D008175"}, {"text": "CTNNB1", "type": "Gene", "identifier": "1499", "lemma": "Gene@1499"}, {"text": "SNW1", "type": "Gene", "identifier": "22938", "lemma": "Gene@22938"}, {"text": "ALKBH1", "type": "Gene", "identifier": "8846", "lemma": "Gene@8846"}, {"text": "NRXN3", "type": "Gene", "identifier": "9369", "lemma": "Gene@9369"}, {"text": "rs12000445", "type": "Mutation", "identifier": "rs12000445", "lemma": "Mutation@rs12000445"}, {"text": "rs969088", "type": "Mutation", "identifier": "rs969088", "lemma": "Mutation@rs969088"}, {"text": "rs7629386", "type": "Mutation", "identifier": "rs7629386", "lemma": "Mutation@rs7629386"}, {"text": "rs41997", "type": "Mutation", "identifier": "rs41997", "lemma": "Mutation@rs41997"}, {"text": "rs3850370", "type": "Mutation", "identifier": "rs3850370", "lemma": "Mutation@rs3850370"}, {"text": "death", "type": "Disease", "identifier": "MESH:D003643", "lemma": "Disease@MESH:D003643"}, {"text": "squamous cell carcinoma and adenocarcinoma", "type": "Disease", "identifier": "MESH:D002294", "lemma": "Disease@MESH:D002294"}, {"text": "P < 10-4; Fig. 1", "type": "Gene", "identifier": "4820;259307", "lemma": "Gene@4820;259307"}, {"text": "S5B", "type": "Gene", "identifier": "5711", "lemma": "Gene@5711"}, {"text": "rs1878022", "type": "Mutation", "identifier": "rs1878022", "lemma": "Mutation@rs1878022"}, {"text": "Texas MD Anderson Cancer", "type": "Disease", "identifier": "MESH:C535460", "lemma": "Disease@MESH:C535460"}, {"text": "rs10937823", "type": "Mutation", "identifier": "rs10937823", "lemma": "Mutation@rs10937823"}, {"text": "vitamin D receptor", "type": "Gene", "identifier": "7421", "lemma": "Gene@7421"}, {"text": "TGF-beta1", "type": "Gene", "identifier": "7040", "lemma": "Gene@7040"}, {"text": "ALKBH3", "type": "Gene", "identifier": "221120", "lemma": "Gene@221120"}, {"text": "ALKBH2", "type": "Gene", "identifier": "121642", "lemma": "Gene@121642"}, {"text": "lung adenocarcinoma", "type": "Disease", "identifier": "MESH:D000077192", "lemma": "Disease@MESH:D000077192"}, {"text": "Wnt", "type": "Gene", "identifier": "7471", "lemma": "Gene@7471"}, {"text": "Cadherin 9", "type": "Gene", "identifier": "1007", "lemma": "Gene@1007"}, {"text": "cadherin", "type": "Gene", "identifier": "999;1012;1007", "lemma": "Gene@999;1012;1007"}, {"text": "CDH1", "type": "Gene", "identifier": "999", "lemma": "Gene@999"}, {"text": "CDH13", "type": "Gene", "identifier": "1012", "lemma": "Gene@1012"}, {"text": "Hu-antigen B", "type": "Gene", "identifier": "1993", "lemma": "Gene@1993"}, {"text": "CFTR", "type": "Gene", "identifier": "1080", "lemma": "Gene@1080"}, {"text": "ST7", "type": "Gene", "identifier": "7982", "lemma": "Gene@7982"}, {"text": "fibrosis", "type": "Disease", "identifier": "MESH:D005355", "lemma": "Disease@MESH:D005355"}, {"text": "colon carcinomas", "type": "Disease", "identifier": "MESH:D015179", "lemma": "Disease@MESH:D015179"}, {"text": "N(alpha)-acetyltransfer-ase 38", "type": "Gene", "identifier": "84316", "lemma": "Gene@84316"}, {"text": "rs7799229", "type": "Mutation", "identifier": "rs7799229", "lemma": "Mutation@rs7799229"}, {"text": "XPD", "type": "Gene", "identifier": "2068", "lemma": "Gene@2068"}, {"text": "XRCC1", "type": "Gene", "identifier": "7515", "lemma": "Gene@7515"}, {"text": "VEGF", "type": "Gene", "identifier": "7422", "lemma": "Gene@7422"}, {"text": "toxicity", "type": "Disease", "identifier": "MESH:D064420", "lemma": "Disease@MESH:D064420"}, {"text": "bone morphogenetic protein 4", "type": "Gene", "identifier": "652", "lemma": "Gene@652"}, {"text": "prostate cancer", "type": "Disease", "identifier": "MESH:D011471", "lemma": "Disease@MESH:D011471"}, {"text": "aggressive primary breast cancer", "type": "Disease", "identifier": "MESH:D001943", "lemma": "Disease@MESH:D001943"}, {"text": "Lsm2-8", "type": "Gene", "identifier": "57819;27258;25804;23658;11157;51690;51691", "lemma": "Gene@57819;27258;25804;23658;11157;51690;51691"}, {"text": "carcinomas", "type": "Disease", "identifier": "MESH:D002277", "lemma": "Disease@MESH:D002277"}, {"text": "Adenocarcinoma", "type": "Disease", "identifier": "MESH:D000230", "lemma": "Disease@MESH:D000230"}, {"text": "rs494905", "type": "Mutation", "identifier": "rs494905", "lemma": "Mutation@rs494905"}, {"text": "rs7589111", "type": "Mutation", "identifier": "rs7589111", "lemma": "Mutation@rs7589111"}, {"text": "rs12067801", "type": "Mutation", "identifier": "rs12067801", "lemma": "Mutation@rs12067801"}, {"text": "rs9516673", "type": "Mutation", "identifier": "rs9516673", "lemma": "Mutation@rs9516673"}, {"text": "rs17019595", "type": "Mutation", "identifier": "rs17019595", "lemma": "Mutation@rs17019595"}, {"text": "Deaths              MST", "type": "Disease", "identifier": "MESH:C563551", "lemma": "Disease@MESH:C563551"}, {"text": "rs4980976", "type": "Mutation", "identifier": "rs4980976", "lemma": "Mutation@rs4980976"}, {"text": "rs2109664", "type": "Mutation", "identifier": "rs2109664", "lemma": "Mutation@rs2109664"}]}