{"entities": [{"text": "Alzheimer's Disease", "type": "Disease", "identifier": "MESH:D000544", "lemma": "Disease@MESH:D000544"}, {"text": "APOE", "type": "Gene", "identifier": "348", "lemma": "Gene@348"}, {"text": "TOMM40", "type": "Gene", "identifier": "10452", "lemma": "Gene@10452"}, {"text": "neurological disorder", "type": "Disease", "identifier": "MESH:D009422", "lemma": "Disease@MESH:D009422"}, {"text": "beta-amyloid peptide", "type": "Gene", "identifier": "351", "lemma": "Gene@351"}, {"text": "PSEN1", "type": "Gene", "identifier": "5663", "lemma": "Gene@5663"}, {"text": "PSEN2", "type": "Gene", "identifier": "5664", "lemma": "Gene@5664"}, {"text": "loss of cognitive abilities and memory impairment", "type": "Disease", "identifier": "MESH:D003072", "lemma": "Disease@MESH:D003072"}, {"text": "neurodegenerative disorder", "type": "Disease", "identifier": "MESH:D019636", "lemma": "Disease@MESH:D019636"}, {"text": "neuronal death", "type": "Disease", "identifier": "MESH:D009410", "lemma": "Disease@MESH:D009410"}, {"text": "bridging integrator 1", "type": "Gene", "identifier": "274", "lemma": "Gene@274"}, {"text": "clusterin", "type": "Gene", "identifier": "1191", "lemma": "Gene@1191"}, {"text": "ATP-binding cassette sub-family A member 7", "type": "Gene", "identifier": "10347", "lemma": "Gene@10347"}, {"text": "CR1", "type": "Gene", "identifier": "1378", "lemma": "Gene@1378"}, {"text": "phosphatidylinositol binding clathrin assembly protein", "type": "Gene", "identifier": "8301", "lemma": "Gene@8301"}, {"text": "SN", "type": "Gene", "identifier": "10991", "lemma": "Gene@10991"}, {"text": "APOC1", "type": "Gene", "identifier": "341", "lemma": "Gene@341"}, {"text": "PVRL2", "type": "Gene", "identifier": "5819", "lemma": "Gene@5819"}, {"text": "B-cell CLL/lymphoma 3", "type": "Gene", "identifier": "602", "lemma": "Gene@602"}, {"text": "membrane-spanning 4-domains, subfamily A, member 3", "type": "Gene", "identifier": "932", "lemma": "Gene@932"}, {"text": "FANCD2", "type": "Gene", "identifier": "2177", "lemma": "Gene@2177"}, {"text": "BCAM", "type": "Gene", "identifier": "4059", "lemma": "Gene@4059"}, {"text": "rs528823", "type": "Mutation", "identifier": "rs528823", "lemma": "Mutation@rs528823"}, {"text": "rs405509", "type": "Mutation", "identifier": "rs405509", "lemma": "Mutation@rs405509"}, {"text": "rs13178362", "type": "Mutation", "identifier": "rs13178362", "lemma": "Mutation@rs13178362"}, {"text": "rs249167", "type": "Mutation", "identifier": "rs249167", "lemma": "Mutation@rs249167"}, {"text": "Fanconi anemia", "type": "Disease", "identifier": "MESH:D005199", "lemma": "Disease@MESH:D005199"}, {"text": "rs1552244", "type": "Mutation", "identifier": "rs1552244", "lemma": "Mutation@rs1552244"}, {"text": "rs9849434", "type": "Mutation", "identifier": "rs9849434", "lemma": "Mutation@rs9849434"}, {"text": "rs2075650", "type": "Mutation", "identifier": "rs2075650", "lemma": "Mutation@rs2075650"}, {"text": "rs157580", "type": "Mutation", "identifier": "rs157580", "lemma": "Mutation@rs157580"}, {"text": "rs6859", "type": "Mutation", "identifier": "rs6859", "lemma": "Mutation@rs6859"}, {"text": "rs10402271", "type": "Mutation", "identifier": "rs10402271", "lemma": "Mutation@rs10402271"}, {"text": "rs8106922", "type": "Mutation", "identifier": "rs8106922", "lemma": "Mutation@rs8106922"}, {"text": "rs249166", "type": "Mutation", "identifier": "rs249166", "lemma": "Mutation@rs249166"}, {"text": "rs3852861", "type": "Mutation", "identifier": "rs3852861", "lemma": "Mutation@rs3852861"}, {"text": "rs249153", "type": "Mutation", "identifier": "rs249153", "lemma": "Mutation@rs249153"}, {"text": "rs474951", "type": "Mutation", "identifier": "rs474951", "lemma": "Mutation@rs474951"}, {"text": "rs439401", "type": "Mutation", "identifier": "rs439401", "lemma": "Mutation@rs439401"}, {"text": "rs8103315", "type": "Mutation", "identifier": "rs8103315", "lemma": "Mutation@rs8103315"}, {"text": "rs10405693", "type": "Mutation", "identifier": "rs10405693", "lemma": "Mutation@rs10405693"}, {"text": "EXOC3L2", "type": "Gene", "identifier": "90332", "lemma": "Gene@90332"}, {"text": "FANCD2OS", "type": "Gene", "identifier": "115795", "lemma": "Gene@115795"}, {"text": "rs10422797", "type": "Mutation", "identifier": "rs10422797", "lemma": "Mutation@rs10422797"}, {"text": "rs1871047", "type": "Mutation", "identifier": "rs1871047", "lemma": "Mutation@rs1871047"}, {"text": "rs440277", "type": "Mutation", "identifier": "rs440277", "lemma": "Mutation@rs440277"}, {"text": "rs714948", "type": "Mutation", "identifier": "rs714948", "lemma": "Mutation@rs714948"}, {"text": "rs377702", "type": "Mutation", "identifier": "rs377702", "lemma": "Mutation@rs377702"}, {"text": "rs346763", "type": "Mutation", "identifier": "rs346763", "lemma": "Mutation@rs346763"}, {"text": "BP SNP A1 A2 N P", "type": "Disease", "identifier": "MESH:C537089", "lemma": "Disease@MESH:C537089"}, {"text": "rs2927438", "type": "Mutation", "identifier": "rs2927438", "lemma": "Mutation@rs2927438"}, {"text": "GNAZ", "type": "Gene", "identifier": "2781", "lemma": "Gene@2781"}, {"text": "GIP", "type": "Gene", "identifier": "2695", "lemma": "Gene@2695"}, {"text": "SN2", "type": "Gene", "identifier": "92745", "lemma": "Gene@92745"}, {"text": "dual specificity phosphatase 23", "type": "Gene", "identifier": "54935", "lemma": "Gene@54935"}, {"text": "3'-phosphoadenosine 5'-phosphosulfate synthase 1", "type": "Gene", "identifier": "9061", "lemma": "Gene@9061"}, {"text": "PIK3C2G", "type": "Gene", "identifier": "5288", "lemma": "Gene@5288"}, {"text": "rs4857008", "type": "Mutation", "identifier": "rs4857008", "lemma": "Mutation@rs4857008"}, {"text": "rs1129923", "type": "Mutation", "identifier": "rs1129923", "lemma": "Mutation@rs1129923"}, {"text": "rs10841025", "type": "Mutation", "identifier": "rs10841025", "lemma": "Mutation@rs10841025"}, {"text": "rs9890008", "type": "Mutation", "identifier": "rs9890008", "lemma": "Mutation@rs9890008"}, {"text": "memory impairment", "type": "Disease", "identifier": "MESH:D008569", "lemma": "Disease@MESH:D008569"}, {"text": "rs9569", "type": "Mutation", "identifier": "rs9569", "lemma": "Mutation@rs9569"}, {"text": "GRIN2A", "type": "Gene", "identifier": "2903", "lemma": "Gene@2903"}, {"text": "GRIN2B", "type": "Gene", "identifier": "2904", "lemma": "Gene@2904"}, {"text": "GRID2", "type": "Gene", "identifier": "2895", "lemma": "Gene@2895"}, {"text": "GRIA1", "type": "Gene", "identifier": "2890", "lemma": "Gene@2890"}, {"text": "GRIA2", "type": "Gene", "identifier": "2891", "lemma": "Gene@2891"}, {"text": "GRM1", "type": "Gene", "identifier": "2911", "lemma": "Gene@2911"}, {"text": "GRM3", "type": "Gene", "identifier": "2913", "lemma": "Gene@2913"}, {"text": "GRM7", "type": "Gene", "identifier": "2917", "lemma": "Gene@2917"}, {"text": "GRM8", "type": "Gene", "identifier": "2918", "lemma": "Gene@2918"}, {"text": "CAMK2A", "type": "Gene", "identifier": "815", "lemma": "Gene@815"}, {"text": "AKAP5", "type": "Gene", "identifier": "9495", "lemma": "Gene@9495"}, {"text": "SHANK1", "type": "Gene", "identifier": "50944", "lemma": "Gene@50944"}, {"text": "SHANK2", "type": "Gene", "identifier": "22941", "lemma": "Gene@22941"}, {"text": "LPHN3", "type": "Gene", "identifier": "23284", "lemma": "Gene@23284"}, {"text": "SLC9A9", "type": "Gene", "identifier": "285195", "lemma": "Gene@285195"}, {"text": "LSP1", "type": "Gene", "identifier": "4046", "lemma": "Gene@4046"}, {"text": "ITPR1", "type": "Gene", "identifier": "3708", "lemma": "Gene@3708"}, {"text": "ATP2B2", "type": "Gene", "identifier": "491", "lemma": "Gene@491"}, {"text": "BAI3", "type": "Gene", "identifier": "577", "lemma": "Gene@577"}, {"text": "PIAS1", "type": "Gene", "identifier": "8554", "lemma": "Gene@8554"}, {"text": "CAMK2", "type": "Gene", "identifier": "816", "lemma": "Gene@816"}, {"text": "CA3", "type": "Gene", "identifier": "761", "lemma": "Gene@761"}, {"text": "CA2", "type": "Gene", "identifier": "760", "lemma": "Gene@760"}, {"text": "CA4", "type": "Gene", "identifier": "762", "lemma": "Gene@762"}, {"text": "hypothalamus", "type": "Disease", "identifier": "MESH:D007029", "lemma": "Disease@MESH:D007029"}, {"text": "CA1", "type": "Gene", "identifier": "759", "lemma": "Gene@759"}, {"text": "ARH", "type": "Gene", "identifier": "26119", "lemma": "Gene@26119"}, {"text": "Cgb", "type": "Gene", "identifier": "93659", "lemma": "Gene@93659"}, {"text": "MS4A6A", "type": "Gene", "identifier": "64231", "lemma": "Gene@64231"}, {"text": "MS4A4E", "type": "Gene", "identifier": "643680", "lemma": "Gene@643680"}, {"text": "rs610932", "type": "Mutation", "identifier": "rs610932", "lemma": "Mutation@rs610932"}, {"text": "rs1562990", "type": "Mutation", "identifier": "rs1562990", "lemma": "Mutation@rs1562990"}, {"text": "rs670139", "type": "Mutation", "identifier": "rs670139", "lemma": "Mutation@rs670139"}, {"text": "rs983392", "type": "Mutation", "identifier": "rs983392", "lemma": "Mutation@rs983392"}, {"text": "rs4938933", "type": "Mutation", "identifier": "rs4938933", "lemma": "Mutation@rs4938933"}, {"text": "rs4820537", "type": "Mutation", "identifier": "rs4820537", "lemma": "Mutation@rs4820537"}, {"text": "neurotoxic insults", "type": "Disease", "identifier": "MESH:D020258", "lemma": "Disease@MESH:D020258"}, {"text": "depression", "type": "Disease", "identifier": "MESH:D000275", "lemma": "Disease@MESH:D000275"}, {"text": "dementia", "type": "Disease", "identifier": "MESH:D003704", "lemma": "Disease@MESH:D003704"}, {"text": "EPHA1", "type": "Gene", "identifier": "2041", "lemma": "Gene@2041"}, {"text": "CD33", "type": "Gene", "identifier": "945", "lemma": "Gene@945"}, {"text": "CD2AP", "type": "Gene", "identifier": "23607", "lemma": "Gene@23607"}, {"text": "multiple sclerosis", "type": "Disease", "identifier": "MESH:D009103", "lemma": "Disease@MESH:D009103"}, {"text": "GAB2", "type": "Gene", "identifier": "9846", "lemma": "Gene@9846"}, {"text": "CUGBP2", "type": "Gene", "identifier": "10659", "lemma": "Gene@10659"}, {"text": "Statistical Computing Vienna Austria", "type": "Disease", "identifier": "MESH:C564884", "lemma": "Disease@MESH:C564884"}, {"text": "lung cancer", "type": "Disease", "identifier": "MESH:D008175", "lemma": "Disease@MESH:D008175"}, {"text": "cross-hair of synaptopathies", "type": "Disease", "identifier": "MESH:C537866", "lemma": "Disease@MESH:C537866"}, {"text": "cerebral white matter lesions", "type": "Disease", "identifier": "MESH:D056784", "lemma": "Disease@MESH:D056784"}, {"text": "Glutamate dysfunction", "type": "Disease", "identifier": "MESH:C537425", "lemma": "Disease@MESH:C537425"}, {"text": "PSD-95", "type": "Gene", "identifier": "1742", "lemma": "Gene@1742"}]}