{"entities": [{"text": "type 2 diabetes", "type": "Disease", "identifier": "MESH:D003924", "lemma": "Disease@MESH:D003924"}, {"text": "diabetes", "type": "Disease", "identifier": "MESH:D003920", "lemma": "Disease@MESH:D003920"}, {"text": "CDKN2A/B", "type": "Gene", "identifier": "1029;1030", "lemma": "Gene@1029;1030"}, {"text": "rs10229583", "type": "Mutation", "identifier": "rs10229583", "lemma": "Mutation@rs10229583"}, {"text": "PAX4", "type": "Gene", "identifier": "5078", "lemma": "Gene@5078"}, {"text": "impaired glucose tolerance", "type": "Disease", "identifier": "MESH:D018149", "lemma": "Disease@MESH:D018149"}, {"text": "deficient insulin secretion and decreased insulin", "type": "Disease", "identifier": "MESH:D007333", "lemma": "Disease@MESH:D007333"}, {"text": "KCNQ1", "type": "Gene", "identifier": "3784", "lemma": "Gene@3784"}, {"text": "SD", "type": "Disease", "identifier": "MESH:D029461", "lemma": "Disease@MESH:D029461"}, {"text": "HK1", "type": "Gene", "identifier": "3098", "lemma": "Gene@3098"}, {"text": "HK2", "type": "Gene", "identifier": "3099", "lemma": "Gene@3099"}, {"text": "eczema", "type": "Disease", "identifier": "MESH:D004485", "lemma": "Disease@MESH:D004485"}, {"text": "non-hypertensive", "type": "Disease", "identifier": "MESH:D006973", "lemma": "Disease@MESH:D006973"}, {"text": "epilepsy", "type": "Disease", "identifier": "MESH:D004827", "lemma": "Disease@MESH:D004827"}, {"text": "TRPS1", "type": "Gene", "identifier": "7227", "lemma": "Gene@7227"}, {"text": "COL13A1", "type": "Gene", "identifier": "1305", "lemma": "Gene@1305"}, {"text": "P2RX7", "type": "Gene", "identifier": "5027", "lemma": "Gene@5027"}, {"text": "rs11065450", "type": "Mutation", "identifier": "rs11065450", "lemma": "Mutation@rs11065450"}, {"text": "rs57703465", "type": "Mutation", "identifier": "rs57703465", "lemma": "Mutation@rs57703465"}, {"text": "rs684201", "type": "Mutation", "identifier": "rs684201", "lemma": "Mutation@rs684201"}, {"text": "rs2395272", "type": "Mutation", "identifier": "rs2395272", "lemma": "Mutation@rs2395272"}, {"text": "rs2737250", "type": "Mutation", "identifier": "rs2737250", "lemma": "Mutation@rs2737250"}, {"text": "rs208290", "type": "Mutation", "identifier": "rs208290", "lemma": "Mutation@rs208290"}, {"text": "rs11065441", "type": "Mutation", "identifier": "rs11065441", "lemma": "Mutation@rs11065441"}, {"text": "rs3858158", "type": "Mutation", "identifier": "rs3858158", "lemma": "Mutation@rs3858158"}, {"text": "rs2721960", "type": "Mutation", "identifier": "rs2721960", "lemma": "Mutation@rs2721960"}, {"text": "rs10849851", "type": "Mutation", "identifier": "rs10849851", "lemma": "Mutation@rs10849851"}, {"text": "rs10811661", "type": "Mutation", "identifier": "rs10811661", "lemma": "Mutation@rs10811661"}, {"text": "error bars", "type": "Disease", "identifier": "MESH:D001260", "lemma": "Disease@MESH:D001260"}, {"text": "SND1", "type": "Gene", "identifier": "27044", "lemma": "Gene@27044"}, {"text": "hypersensitive", "type": "Disease", "identifier": "MESH:D004342", "lemma": "Disease@MESH:D004342"}, {"text": "pancreatic beta", "type": "Disease", "identifier": "MESH:D010195", "lemma": "Disease@MESH:D010195"}, {"text": "GRM8", "type": "Gene", "identifier": "2918", "lemma": "Gene@2918"}, {"text": "ARF5", "type": "Gene", "identifier": "381", "lemma": "Gene@381"}, {"text": "C7orf54", "type": "Gene", "identifier": "27099", "lemma": "Gene@27099"}, {"text": "C7orf68", "type": "Gene", "identifier": "29923", "lemma": "Gene@29923"}, {"text": "rs1440971", "type": "Mutation", "identifier": "rs1440971", "lemma": "Mutation@rs1440971"}, {"text": "GCC1", "type": "Gene", "identifier": "79571", "lemma": "Gene@79571"}, {"text": "PDX1", "type": "Gene", "identifier": "3651", "lemma": "Gene@3651"}, {"text": "PAX4", "type": "Gene", "identifier": "18506", "lemma": "Gene@18506"}, {"text": "HNF4a", "type": "Gene", "identifier": "3172", "lemma": "Gene@3172"}, {"text": "HNF1a", "type": "Gene", "identifier": "6927", "lemma": "Gene@6927"}, {"text": "TCF2", "type": "Gene", "identifier": "6928", "lemma": "Gene@6928"}, {"text": "R121W", "type": "Mutation", "identifier": "rs114202595", "lemma": "Mutation@rs114202595"}, {"text": "MTNR1B", "type": "Gene", "identifier": "4544", "lemma": "Gene@4544"}, {"text": "rs6467136", "type": "Mutation", "identifier": "rs6467136", "lemma": "Mutation@rs6467136"}, {"text": "rs231362", "type": "Mutation", "identifier": "rs231362", "lemma": "Mutation@rs231362"}, {"text": "ARF5", "type": "Gene", "identifier": "79117", "lemma": "Gene@79117"}, {"text": "GIPR", "type": "Gene", "identifier": "2696", "lemma": "Gene@2696"}, {"text": "TCF7L2", "type": "Gene", "identifier": "6934", "lemma": "Gene@6934"}, {"text": "DGKB", "type": "Gene", "identifier": "1607", "lemma": "Gene@1607"}, {"text": "MADD", "type": "Gene", "identifier": "8567", "lemma": "Gene@8567"}, {"text": "CRY2", "type": "Gene", "identifier": "1408", "lemma": "Gene@1408"}, {"text": "GLIS3", "type": "Gene", "identifier": "169792", "lemma": "Gene@169792"}, {"text": "PROX1", "type": "Gene", "identifier": "5629", "lemma": "Gene@5629"}, {"text": "SLC30A8", "type": "Gene", "identifier": "169026", "lemma": "Gene@169026"}, {"text": "IGF1", "type": "Gene", "identifier": "3479", "lemma": "Gene@3479"}, {"text": "glucose metabolism", "type": "Disease", "identifier": "MESH:D044882", "lemma": "Disease@MESH:D044882"}, {"text": "PPARG", "type": "Gene", "identifier": "5468", "lemma": "Gene@5468"}, {"text": "KCNJ11", "type": "Gene", "identifier": "3767", "lemma": "Gene@3767"}, {"text": "CDKAL1", "type": "Gene", "identifier": "54901", "lemma": "Gene@54901"}, {"text": "CDKN2A", "type": "Gene", "identifier": "1029", "lemma": "Gene@1029"}, {"text": "CDKN2B", "type": "Gene", "identifier": "1030", "lemma": "Gene@1030"}, {"text": "IDE", "type": "Gene", "identifier": "3416", "lemma": "Gene@3416"}, {"text": "KIF11", "type": "Gene", "identifier": "3832", "lemma": "Gene@3832"}, {"text": "HHEX", "type": "Gene", "identifier": "3087", "lemma": "Gene@3087"}, {"text": "IGF2BP2", "type": "Gene", "identifier": "10644", "lemma": "Gene@10644"}, {"text": "FTO", "type": "Gene", "identifier": "79068", "lemma": "Gene@79068"}, {"text": "obesity", "type": "Disease", "identifier": "MESH:D009765", "lemma": "Disease@MESH:D009765"}, {"text": "G6PC2", "type": "Gene", "identifier": "57818", "lemma": "Gene@57818"}, {"text": "GCK", "type": "Gene", "identifier": "2645", "lemma": "Gene@2645"}, {"text": "GRK5", "type": "Gene", "identifier": "2869", "lemma": "Gene@2869"}, {"text": "RASGRP1", "type": "Gene", "identifier": "10125", "lemma": "Gene@10125"}, {"text": "PAX4", "type": "Gene", "identifier": "83630", "lemma": "Gene@83630"}, {"text": "hematologic malignancies", "type": "Disease", "identifier": "MESH:D019337", "lemma": "Disease@MESH:D019337"}, {"text": "Nkx2.2", "type": "Gene", "identifier": "4821", "lemma": "Gene@4821"}, {"text": "ketosis-prone diabetes", "type": "Disease", "identifier": "MESH:D003922", "lemma": "Disease@MESH:D003922"}, {"text": "ADP-ribosylation factor 4", "type": "Gene", "identifier": "378", "lemma": "Gene@378"}, {"text": "BETA2", "type": "Gene", "identifier": "4760", "lemma": "Gene@4760"}]}