{"entities": [{"text": "diabetes", "type": "Disease", "identifier": "MESH:D003920", "lemma": "Disease@MESH:D003920"}, {"text": "CREBBP", "type": "Gene", "identifier": "1387", "lemma": "Gene@1387"}, {"text": "type 2 diabetes", "type": "Disease", "identifier": "MESH:D003924", "lemma": "Disease@MESH:D003924"}, {"text": "metabolic disease", "type": "Disease", "identifier": "MESH:D008659", "lemma": "Disease@MESH:D008659"}, {"text": "familial aggregation of the disease", "type": "Disease", "identifier": "MESH:C566800", "lemma": "Disease@MESH:C566800"}, {"text": "ZMIZ1", "type": "Gene", "identifier": "57178", "lemma": "Gene@57178"}, {"text": "ANK1", "type": "Gene", "identifier": "286", "lemma": "Gene@286"}, {"text": "KLHDC5", "type": "Gene", "identifier": "57542", "lemma": "Gene@57542"}, {"text": "HMG20A", "type": "Gene", "identifier": "10363", "lemma": "Gene@10363"}, {"text": "GRB14", "type": "Gene", "identifier": "2888", "lemma": "Gene@2888"}, {"text": "MC4R", "type": "Gene", "identifier": "4160", "lemma": "Gene@4160"}, {"text": "CILP2", "type": "Gene", "identifier": "148113", "lemma": "Gene@148113"}, {"text": "insulin", "type": "Gene", "identifier": "3630", "lemma": "Gene@3630"}, {"text": "A1C", "type": "Mutation", "identifier": "rs1419327205", "lemma": "Mutation@rs1419327205"}, {"text": "glucose homeostasis", "type": "Disease", "identifier": "MESH:D018149", "lemma": "Disease@MESH:D018149"}, {"text": "hereditary anemias", "type": "Disease", "identifier": "MESH:D000740", "lemma": "Disease@MESH:D000740"}, {"text": "DUSP9", "type": "Gene", "identifier": "1852", "lemma": "Gene@1852"}, {"text": "dichotomous disease", "type": "Disease", "identifier": "MESH:D004194", "lemma": "Disease@MESH:D004194"}, {"text": "ANKRD55", "type": "Gene", "identifier": "79722", "lemma": "Gene@79722"}, {"text": "DGI", "type": "Gene", "identifier": "1828", "lemma": "Gene@1828"}, {"text": "KCNQ1", "type": "Gene", "identifier": "3784", "lemma": "Gene@3784"}, {"text": "CDKN2A/B", "type": "Gene", "identifier": "1029;1030", "lemma": "Gene@1029;1030"}, {"text": "CDKN2B-AS1", "type": "Gene", "identifier": "100048912", "lemma": "Gene@100048912"}, {"text": "DGKB", "type": "Gene", "identifier": "1607", "lemma": "Gene@1607"}, {"text": "P < 10-5", "type": "Gene", "identifier": "4790", "lemma": "Gene@4790"}, {"text": "rs17168486", "type": "Mutation", "identifier": "rs17168486", "lemma": "Mutation@rs17168486"}, {"text": "rs231361", "type": "Mutation", "identifier": "rs231361", "lemma": "Mutation@rs231361"}, {"text": "rs944801", "type": "Mutation", "identifier": "rs944801", "lemma": "Mutation@rs944801"}, {"text": "rs163184", "type": "Mutation", "identifier": "rs163184", "lemma": "Mutation@rs163184"}, {"text": "rs11873305", "type": "Mutation", "identifier": "rs11873305", "lemma": "Mutation@rs11873305"}, {"text": "rs10811661", "type": "Mutation", "identifier": "rs10811661", "lemma": "Mutation@rs10811661"}, {"text": "rs12970134", "type": "Mutation", "identifier": "rs12970134", "lemma": "Mutation@rs12970134"}, {"text": "rs6960043", "type": "Mutation", "identifier": "rs6960043", "lemma": "Mutation@rs6960043"}, {"text": "PROX1", "type": "Gene", "identifier": "5629", "lemma": "Gene@5629"}, {"text": "KLF14", "type": "Gene", "identifier": "136259", "lemma": "Gene@136259"}, {"text": "rs340874", "type": "Mutation", "identifier": "rs340874", "lemma": "Mutation@rs340874"}, {"text": "rs972283", "type": "Mutation", "identifier": "rs972283", "lemma": "Mutation@rs972283"}, {"text": "rs17712208", "type": "Mutation", "identifier": "rs17712208", "lemma": "Mutation@rs17712208"}, {"text": "CCND2", "type": "Gene", "identifier": "894", "lemma": "Gene@894"}, {"text": "GIPR", "type": "Gene", "identifier": "2696", "lemma": "Gene@2696"}, {"text": "BCL11A", "type": "Gene", "identifier": "53335", "lemma": "Gene@53335"}, {"text": "MTNR1B", "type": "Gene", "identifier": "4544", "lemma": "Gene@4544"}, {"text": "ADCY5", "type": "Gene", "identifier": "111", "lemma": "Gene@111"}, {"text": "GCK", "type": "Gene", "identifier": "2645", "lemma": "Gene@2645"}, {"text": "GCKR", "type": "Gene", "identifier": "2646", "lemma": "Gene@2646"}, {"text": "TCF7L2", "type": "Gene", "identifier": "6934", "lemma": "Gene@6934"}, {"text": "SLC30A8", "type": "Gene", "identifier": "169026", "lemma": "Gene@169026"}, {"text": "C2CD4A", "type": "Gene", "identifier": "145741", "lemma": "Gene@145741"}, {"text": "ARAP1", "type": "Gene", "identifier": "116985", "lemma": "Gene@116985"}, {"text": "IGF2BP2", "type": "Gene", "identifier": "10644", "lemma": "Gene@10644"}, {"text": "CDKAL1", "type": "Gene", "identifier": "54901", "lemma": "Gene@54901"}, {"text": "ZBED3", "type": "Gene", "identifier": "84327", "lemma": "Gene@84327"}, {"text": "MAP3K1", "type": "Gene", "identifier": "4214", "lemma": "Gene@4214"}, {"text": "BCAR1", "type": "Gene", "identifier": "9564", "lemma": "Gene@9564"}, {"text": "GLIS3", "type": "Gene", "identifier": "169792", "lemma": "Gene@169792"}, {"text": "RAD51L1", "type": "Gene", "identifier": "5890", "lemma": "Gene@5890"}, {"text": "C6orf173", "type": "Gene", "identifier": "387103", "lemma": "Gene@387103"}, {"text": "COBL", "type": "Gene", "identifier": "23242", "lemma": "Gene@23242"}, {"text": "C10orf59", "type": "Gene", "identifier": "55328", "lemma": "Gene@55328"}, {"text": "type 1 diabetes", "type": "Disease", "identifier": "MESH:D003922", "lemma": "Disease@MESH:D003922"}, {"text": "ATP13A1", "type": "Gene", "identifier": "57130", "lemma": "Gene@57130"}, {"text": "LINGO1", "type": "Gene", "identifier": "84894", "lemma": "Gene@84894"}, {"text": "TM6SF2", "type": "Gene", "identifier": "53345", "lemma": "Gene@53345"}, {"text": "rs10401969", "type": "Mutation", "identifier": "rs10401969", "lemma": "Mutation@rs10401969"}, {"text": "P < 10-4", "type": "Gene", "identifier": "4820", "lemma": "Gene@4820"}, {"text": "KCNJ11", "type": "Gene", "identifier": "3767", "lemma": "Gene@3767"}, {"text": "ABCC8", "type": "Gene", "identifier": "6833", "lemma": "Gene@6833"}, {"text": "HNF1A", "type": "Gene", "identifier": "6927", "lemma": "Gene@6927"}, {"text": "HNF1B", "type": "Gene", "identifier": "6928", "lemma": "Gene@6928"}, {"text": "HNF4A", "type": "Gene", "identifier": "3172", "lemma": "Gene@3172"}, {"text": "PLAGL1", "type": "Gene", "identifier": "5325", "lemma": "Gene@5325"}, {"text": "PPARG", "type": "Gene", "identifier": "5468", "lemma": "Gene@5468"}, {"text": "NOTCH2", "type": "Gene", "identifier": "4853", "lemma": "Gene@4853"}, {"text": "ETS1", "type": "Gene", "identifier": "2113", "lemma": "Gene@2113"}, {"text": "SERTAD1", "type": "Gene", "identifier": "29950", "lemma": "Gene@29950"}, {"text": "FOXO1", "type": "Gene", "identifier": "2308", "lemma": "Gene@2308"}, {"text": "PPARGC1A", "type": "Gene", "identifier": "10891", "lemma": "Gene@10891"}, {"text": "GRB10", "type": "Gene", "identifier": "2887", "lemma": "Gene@2887"}, {"text": "MAFA", "type": "Gene", "identifier": "389692", "lemma": "Gene@389692"}, {"text": "rs7931302", "type": "Mutation", "identifier": "rs7931302", "lemma": "Mutation@rs7931302"}, {"text": "LEPR", "type": "Gene", "identifier": "3953", "lemma": "Gene@3953"}, {"text": "MYC", "type": "Gene", "identifier": "4609", "lemma": "Gene@4609"}, {"text": "GATA6", "type": "Gene", "identifier": "2627", "lemma": "Gene@2627"}, {"text": "DLL4", "type": "Gene", "identifier": "54567", "lemma": "Gene@54567"}, {"text": "leptin obesity", "type": "Disease", "identifier": "MESH:D009765", "lemma": "Disease@MESH:D009765"}, {"text": "adiponectin", "type": "Gene", "identifier": "9370", "lemma": "Gene@9370"}, {"text": "leptin", "type": "Gene", "identifier": "3952", "lemma": "Gene@3952"}, {"text": "TNF-alpha", "type": "Gene", "identifier": "7124", "lemma": "Gene@7124"}, {"text": "IRS1", "type": "Gene", "identifier": "3667", "lemma": "Gene@3667"}, {"text": "RELA", "type": "Gene", "identifier": "5970", "lemma": "Gene@5970"}, {"text": "RXRG", "type": "Gene", "identifier": "6258", "lemma": "Gene@6258"}, {"text": "ACSL1", "type": "Gene", "identifier": "2180", "lemma": "Gene@2180"}, {"text": "CAMKK1", "type": "Gene", "identifier": "84254", "lemma": "Gene@84254"}, {"text": "AKT2", "type": "Gene", "identifier": "208", "lemma": "Gene@208"}, {"text": "CDK", "type": "Gene", "identifier": "1019;1021", "lemma": "Gene@1019;1021"}, {"text": "CDKN1C", "type": "Gene", "identifier": "1028", "lemma": "Gene@1028"}, {"text": "CDKN2C", "type": "Gene", "identifier": "1031", "lemma": "Gene@1031"}, {"text": "CCNE2", "type": "Gene", "identifier": "9134", "lemma": "Gene@9134"}, {"text": "CCNA2", "type": "Gene", "identifier": "890", "lemma": "Gene@890"}, {"text": "CDK4", "type": "Gene", "identifier": "1019", "lemma": "Gene@1019"}, {"text": "CDK6", "type": "Gene", "identifier": "1021", "lemma": "Gene@1021"}, {"text": "pancreatic", "type": "Disease", "identifier": "MESH:D010195", "lemma": "Disease@MESH:D010195"}, {"text": "IBS", "type": "Disease", "identifier": "MESH:D043183", "lemma": "Disease@MESH:D043183"}, {"text": "GRAIL", "type": "Gene", "identifier": "79589", "lemma": "Gene@79589"}, {"text": "hyper-geometric", "type": "Disease", "identifier": "MESH:D053307", "lemma": "Disease@MESH:D053307"}, {"text": "UBE2E2", "type": "Gene", "identifier": "7325", "lemma": "Gene@7325"}, {"text": "rheumatoid arthritis", "type": "Disease", "identifier": "MESH:D001172", "lemma": "Disease@MESH:D001172"}, {"text": "myocardial infarction", "type": "Disease", "identifier": "MESH:D009203", "lemma": "Disease@MESH:D009203"}, {"text": "genetic disorders", "type": "Disease", "identifier": "MESH:D030342", "lemma": "Disease@MESH:D030342"}, {"text": "insufficiency", "type": "Disease", "identifier": "MESH:D000309", "lemma": "Disease@MESH:D000309"}, {"text": "hyperplasia", "type": "Disease", "identifier": "MESH:D006965", "lemma": "Disease@MESH:D006965"}, {"text": "rs459193", "type": "Mutation", "identifier": "rs459193", "lemma": "Mutation@rs459193"}, {"text": "rs10842994", "type": "Mutation", "identifier": "rs10842994", "lemma": "Mutation@rs10842994"}, {"text": "rs12571751", "type": "Mutation", "identifier": "rs12571751", "lemma": "Mutation@rs12571751"}, {"text": "rs2796441", "type": "Mutation", "identifier": "rs2796441", "lemma": "Mutation@rs2796441"}, {"text": "rs7177055", "type": "Mutation", "identifier": "rs7177055", "lemma": "Mutation@rs7177055"}, {"text": "rs7202877", "type": "Mutation", "identifier": "rs7202877", "lemma": "Mutation@rs7202877"}, {"text": "rs516946", "type": "Mutation", "identifier": "rs516946", "lemma": "Mutation@rs516946"}, {"text": "rs13389219", "type": "Mutation", "identifier": "rs13389219", "lemma": "Mutation@rs13389219"}, {"text": "rs243088", "type": "Mutation", "identifier": "rs243088", "lemma": "Mutation@rs243088"}, {"text": "rs3923113", "type": "Mutation", "identifier": "rs3923113", "lemma": "Mutation@rs3923113"}, {"text": "rs11063069", "type": "Mutation", "identifier": "rs11063069", "lemma": "Mutation@rs11063069"}, {"text": "rs8108269", "type": "Mutation", "identifier": "rs8108269", "lemma": "Mutation@rs8108269"}]}