{"entities": [{"text": "lung cancer", "type": "Disease", "identifier": "MESH:D008175", "lemma": "Disease@MESH:D008175"}, {"text": "C7orf54", "type": "Gene", "identifier": "27099", "lemma": "Gene@27099"}, {"text": "cancer", "type": "Disease", "identifier": "MESH:D009369", "lemma": "Disease@MESH:D009369"}, {"text": "rs13383928", "type": "Mutation", "identifier": "rs13383928", "lemma": "Mutation@rs13383928"}, {"text": "GSTM1", "type": "Gene", "identifier": "2944", "lemma": "Gene@2944"}, {"text": "GSTT1", "type": "Gene", "identifier": "2952", "lemma": "Gene@2952"}, {"text": "MPO", "type": "Gene", "identifier": "4353", "lemma": "Gene@4353"}, {"text": "CYP1A1", "type": "Gene", "identifier": "1543", "lemma": "Gene@1543"}, {"text": "CYP2E1", "type": "Gene", "identifier": "1571", "lemma": "Gene@1571"}, {"text": "manganese superoxide dismutase", "type": "Gene", "identifier": "6648", "lemma": "Gene@6648"}, {"text": "pleural lung fibrosis", "type": "Disease", "identifier": "MESH:D005355", "lemma": "Disease@MESH:D005355"}, {"text": "malignant mesothelioma", "type": "Disease", "identifier": "MESH:C562839", "lemma": "Disease@MESH:C562839"}, {"text": "lung diseases", "type": "Disease", "identifier": "MESH:D008171", "lemma": "Disease@MESH:D008171"}, {"text": "carcinogenesis", "type": "Disease", "identifier": "MESH:D063646", "lemma": "Disease@MESH:D063646"}, {"text": "inflammation", "type": "Disease", "identifier": "MESH:D007249", "lemma": "Disease@MESH:D007249"}, {"text": "NSCLC", "type": "Disease", "identifier": "MESH:D002289", "lemma": "Disease@MESH:D002289"}, {"text": "adenocarcinoma", "type": "Disease", "identifier": "MESH:D000230", "lemma": "Disease@MESH:D000230"}, {"text": "bOR", "type": "Gene", "identifier": "55143", "lemma": "Gene@55143"}, {"text": "PTHR2", "type": "Gene", "identifier": "5746", "lemma": "Gene@5746"}, {"text": "MAFa", "type": "Gene", "identifier": "389692", "lemma": "Gene@389692"}, {"text": "PLCB4", "type": "Gene", "identifier": "5332", "lemma": "Gene@5332"}, {"text": "SPRED1", "type": "Gene", "identifier": "161742", "lemma": "Gene@161742"}, {"text": "TCTEX1D1", "type": "Gene", "identifier": "200132", "lemma": "Gene@200132"}, {"text": "LRRC4", "type": "Gene", "identifier": "64101", "lemma": "Gene@64101"}, {"text": "KIF5B", "type": "Gene", "identifier": "3799", "lemma": "Gene@3799"}, {"text": "INPP5D", "type": "Gene", "identifier": "3635", "lemma": "Gene@3635"}, {"text": "C9orf52", "type": "Gene", "identifier": "158219", "lemma": "Gene@158219"}, {"text": "TRIM9", "type": "Gene", "identifier": "114088", "lemma": "Gene@114088"}, {"text": "SND1", "type": "Gene", "identifier": "27044", "lemma": "Gene@27044"}, {"text": "C12orf58", "type": "Gene", "identifier": "79738", "lemma": "Gene@79738"}, {"text": "rs9635542", "type": "Mutation", "identifier": "rs9635542", "lemma": "Mutation@rs9635542"}, {"text": "rs10993705", "type": "Mutation", "identifier": "rs10993705", "lemma": "Mutation@rs10993705"}, {"text": "rs6056505", "type": "Mutation", "identifier": "rs6056505", "lemma": "Mutation@rs6056505"}, {"text": "rs10520058", "type": "Mutation", "identifier": "rs10520058", "lemma": "Mutation@rs10520058"}, {"text": "rs502376", "type": "Mutation", "identifier": "rs502376", "lemma": "Mutation@rs502376"}, {"text": "rs6467157", "type": "Mutation", "identifier": "rs6467157", "lemma": "Mutation@rs6467157"}, {"text": "rs4749711", "type": "Mutation", "identifier": "rs4749711", "lemma": "Mutation@rs4749711"}, {"text": "rs10174028", "type": "Mutation", "identifier": "rs10174028", "lemma": "Mutation@rs10174028"}, {"text": "rs1179766", "type": "Mutation", "identifier": "rs1179766", "lemma": "Mutation@rs1179766"}, {"text": "rs6962635", "type": "Mutation", "identifier": "rs6962635", "lemma": "Mutation@rs6962635"}, {"text": "rs12345299", "type": "Mutation", "identifier": "rs12345299", "lemma": "Mutation@rs12345299"}, {"text": "rs6953231", "type": "Mutation", "identifier": "rs6953231", "lemma": "Mutation@rs6953231"}, {"text": "rs3007165", "type": "Mutation", "identifier": "rs3007165", "lemma": "Mutation@rs3007165"}, {"text": "rs4432598", "type": "Mutation", "identifier": "rs4432598", "lemma": "Mutation@rs4432598"}, {"text": "rs2037248", "type": "Mutation", "identifier": "rs2037248", "lemma": "Mutation@rs2037248"}, {"text": "rs12706823", "type": "Mutation", "identifier": "rs12706823", "lemma": "Mutation@rs12706823"}, {"text": "rs10200271", "type": "Mutation", "identifier": "rs10200271", "lemma": "Mutation@rs10200271"}, {"text": "rs4835011", "type": "Mutation", "identifier": "rs4835011", "lemma": "Mutation@rs4835011"}, {"text": "rs17151466", "type": "Mutation", "identifier": "rs17151466", "lemma": "Mutation@rs17151466"}, {"text": "MAF", "type": "Gene", "identifier": "4094", "lemma": "Gene@4094"}, {"text": "LRRC51 11q13.4  Leucine rich transmembrane and O -methyltransferase domain containing   5", "type": "Gene", "identifier": "220074", "lemma": "Gene@220074"}, {"text": "FBXL11 11q13.2 Lysine (K)-specific demethylase 2A 13 3", "type": "Gene", "identifier": "22992", "lemma": "Gene@22992"}, {"text": "Neuroguidin", "type": "Gene", "identifier": "25983", "lemma": "Gene@25983"}, {"text": "TADA1L", "type": "Gene", "identifier": "117143", "lemma": "Gene@117143"}, {"text": "ARHGEF15", "type": "Gene", "identifier": "22899", "lemma": "Gene@22899"}, {"text": "p13", "type": "Gene", "identifier": "440926", "lemma": "Gene@440926"}, {"text": "GEF", "type": "Gene", "identifier": "9181", "lemma": "Gene@9181"}, {"text": "RNF121", "type": "Gene", "identifier": "55298", "lemma": "Gene@55298"}, {"text": "C11orf51", "type": "Gene", "identifier": "25906", "lemma": "Gene@25906"}, {"text": "C11orf59", "type": "Gene", "identifier": "55004", "lemma": "Gene@55004"}, {"text": "SNPs Pa", "type": "Disease", "identifier": "MESH:D011471", "lemma": "Disease@MESH:D011471"}, {"text": "PACAP", "type": "Gene", "identifier": "116", "lemma": "Gene@116"}, {"text": "Type I diabetes", "type": "Disease", "identifier": "MESH:D003922", "lemma": "Disease@MESH:D003922"}, {"text": "diabetes mellitus", "type": "Disease", "identifier": "MESH:D003920", "lemma": "Disease@MESH:D003920"}, {"text": "rheumatoid arthritis", "type": "Disease", "identifier": "MESH:D001172", "lemma": "Disease@MESH:D001172"}, {"text": "protein kinase B", "type": "Gene", "identifier": "2185", "lemma": "Gene@2185"}, {"text": "NUMA1", "type": "Gene", "identifier": "4926", "lemma": "Gene@4926"}, {"text": "glioma", "type": "Disease", "identifier": "MESH:D005910", "lemma": "Disease@MESH:D005910"}, {"text": "Crohn's disease", "type": "Disease", "identifier": "MESH:D003424", "lemma": "Disease@MESH:D003424"}, {"text": "autoimmune disease", "type": "Disease", "identifier": "MESH:D001327", "lemma": "Disease@MESH:D001327"}, {"text": "coronavirus infection", "type": "Disease", "identifier": "MESH:D018352", "lemma": "Disease@MESH:D018352"}, {"text": "type 2 diabetes", "type": "Disease", "identifier": "MESH:D003924", "lemma": "Disease@MESH:D003924"}, {"text": "breast cancer", "type": "Disease", "identifier": "MESH:D001943", "lemma": "Disease@MESH:D001943"}, {"text": "Faf1", "type": "Gene", "identifier": "14084", "lemma": "Gene@14084"}, {"text": "tumor necrosis factor-alpha", "type": "Gene", "identifier": "21926", "lemma": "Gene@21926"}, {"text": "mesotheliomas", "type": "Disease", "identifier": "MESH:D008654", "lemma": "Disease@MESH:D008654"}, {"text": "iNOS", "type": "Gene", "identifier": "51477", "lemma": "Gene@51477"}, {"text": "infection", "type": "Disease", "identifier": "MESH:D007239", "lemma": "Disease@MESH:D007239"}, {"text": "common diseases", "type": "Disease", "identifier": "MESH:D003139", "lemma": "Disease@MESH:D003139"}, {"text": "CD95", "type": "Gene", "identifier": "355", "lemma": "Gene@355"}, {"text": "NF-kappaB", "type": "Gene", "identifier": "18033", "lemma": "Gene@18033"}, {"text": "TNF-alpha", "type": "Gene", "identifier": "7124", "lemma": "Gene@7124"}, {"text": "NF-kappaB", "type": "Gene", "identifier": "4790", "lemma": "Gene@4790"}, {"text": "cytotoxicity", "type": "Disease", "identifier": "MESH:D064420", "lemma": "Disease@MESH:D064420"}, {"text": "CD163", "type": "Gene", "identifier": "9332", "lemma": "Gene@9332"}, {"text": "peripheral blood T", "type": "Disease", "identifier": "MESH:D007022", "lemma": "Disease@MESH:D007022"}]}