{"entities": [{"text": "BIN1", "type": "Gene", "identifier": "274", "lemma": "Gene@274"}, {"text": "CLU", "type": "Gene", "identifier": "1191", "lemma": "Gene@1191"}, {"text": "CUGBP2", "type": "Gene", "identifier": "10659", "lemma": "Gene@10659"}, {"text": "Alzheimer's Disease", "type": "Disease", "identifier": "MESH:D000544", "lemma": "Disease@MESH:D000544"}, {"text": "APOE", "type": "Gene", "identifier": "348", "lemma": "Gene@348"}, {"text": "PICALM", "type": "Gene", "identifier": "8301", "lemma": "Gene@8301"}, {"text": "EXOC3L2", "type": "Gene", "identifier": "90332", "lemma": "Gene@90332"}, {"text": "dementia", "type": "Disease", "identifier": "MESH:D003704", "lemma": "Disease@MESH:D003704"}, {"text": "late-onset disease", "type": "Disease", "identifier": "MESH:D000067562", "lemma": "Disease@MESH:D000067562"}, {"text": "age", "type": "Gene", "identifier": "5973", "lemma": "Gene@5973"}, {"text": "amyloid precursor protein", "type": "Gene", "identifier": "351", "lemma": "Gene@351"}, {"text": "presenilin 1", "type": "Gene", "identifier": "5663", "lemma": "Gene@5663"}, {"text": "presenilin 2", "type": "Gene", "identifier": "5664", "lemma": "Gene@5664"}, {"text": "cognitive impairment", "type": "Disease", "identifier": "MESH:D003072", "lemma": "Disease@MESH:D003072"}, {"text": "died", "type": "Disease", "identifier": "MESH:D003643", "lemma": "Disease@MESH:D003643"}, {"text": "lactase", "type": "Gene", "identifier": "3938", "lemma": "Gene@3938"}, {"text": "GRAIL", "type": "Gene", "identifier": "79589", "lemma": "Gene@79589"}, {"text": "PC1", "type": "Gene", "identifier": "7163", "lemma": "Gene@7163"}, {"text": "PC2", "type": "Gene", "identifier": "5311", "lemma": "Gene@5311"}, {"text": "PC4", "type": "Gene", "identifier": "3854", "lemma": "Gene@3854"}, {"text": "TOMM40", "type": "Gene", "identifier": "10452", "lemma": "Gene@10452"}, {"text": "Freq", "type": "Gene", "identifier": "23413", "lemma": "Gene@23413"}, {"text": "APOC1", "type": "Gene", "identifier": "341", "lemma": "Gene@341"}, {"text": "APOC4", "type": "Gene", "identifier": "346", "lemma": "Gene@346"}, {"text": "PVRL2", "type": "Gene", "identifier": "5819", "lemma": "Gene@5819"}, {"text": "KIF13B", "type": "Gene", "identifier": "23303", "lemma": "Gene@23303"}, {"text": "XCL1", "type": "Gene", "identifier": "6375", "lemma": "Gene@6375"}, {"text": "ZBTB10", "type": "Gene", "identifier": "65986", "lemma": "Gene@65986"}, {"text": "PITRM1", "type": "Gene", "identifier": "10531", "lemma": "Gene@10531"}, {"text": "Hispanic+WU+ADNI CCun+Hispanic+WU+ADNI", "type": "Disease", "identifier": "MESH:C567479", "lemma": "Disease@MESH:C567479"}, {"text": "breast cancer", "type": "Disease", "identifier": "MESH:D001943", "lemma": "Disease@MESH:D001943"}, {"text": "Inherited Disease", "type": "Disease", "identifier": "MESH:D030342", "lemma": "Disease@MESH:D030342"}, {"text": "neurodegeneration", "type": "Disease", "identifier": "MESH:D019636", "lemma": "Disease@MESH:D019636"}, {"text": "NRC", "type": "Gene", "identifier": "23054", "lemma": "Gene@23054"}, {"text": "Arteriosclerotic Psychoses", "type": "Disease", "identifier": "MESH:D011605", "lemma": "Disease@MESH:D011605"}, {"text": "Familial Alzheimers-Disease", "type": "Disease", "identifier": "MESH:C566298", "lemma": "Disease@MESH:C566298"}, {"text": "UBQLN1", "type": "Gene", "identifier": "29979", "lemma": "Gene@29979"}, {"text": "DAPK1", "type": "Gene", "identifier": "1612", "lemma": "Gene@1612"}, {"text": "GAB2", "type": "Gene", "identifier": "9846", "lemma": "Gene@9846"}, {"text": "PCDH11X", "type": "Gene", "identifier": "27328", "lemma": "Gene@27328"}, {"text": "TRPC4AP", "type": "Gene", "identifier": "26133", "lemma": "Gene@26133"}, {"text": "Atrophy", "type": "Disease", "identifier": "MESH:D001284", "lemma": "Disease@MESH:D001284"}, {"text": "P-selectin", "type": "Gene", "identifier": "6403", "lemma": "Gene@6403"}, {"text": "Tau", "type": "Gene", "identifier": "4137", "lemma": "Gene@4137"}, {"text": "p53", "type": "Gene", "identifier": "7157", "lemma": "Gene@7157"}, {"text": "Estrogen Receptor Beta", "type": "Gene", "identifier": "2100", "lemma": "Gene@2100"}, {"text": "Vascular Dementia", "type": "Disease", "identifier": "MESH:D015140", "lemma": "Disease@MESH:D015140"}, {"text": "PreP", "type": "Gene", "identifier": "5550", "lemma": "Gene@5550"}]}