{"entities": [{"text": "pancreatic cancer", "type": "Disease", "identifier": "MESH:D010190", "lemma": "Disease@MESH:D010190"}, {"text": "rs763780", "type": "Mutation", "identifier": "rs763780", "lemma": "Mutation@rs763780"}, {"text": "rs7771466", "type": "Mutation", "identifier": "rs7771466", "lemma": "Mutation@rs7771466"}, {"text": "tumors", "type": "Disease", "identifier": "MESH:D009369", "lemma": "Disease@MESH:D009369"}, {"text": "Leukemia", "type": "Disease", "identifier": "MESH:D007938", "lemma": "Disease@MESH:D007938"}, {"text": "toxicity", "type": "Disease", "identifier": "MESH:D064420", "lemma": "Disease@MESH:D064420"}, {"text": "IBS", "type": "Disease", "identifier": "MESH:D043183", "lemma": "Disease@MESH:D043183"}, {"text": "lung cancer", "type": "Disease", "identifier": "MESH:D008175", "lemma": "Disease@MESH:D008175"}, {"text": "multiple myeloma", "type": "Disease", "identifier": "MESH:D009101", "lemma": "Disease@MESH:D009101"}, {"text": "rs11644322", "type": "Mutation", "identifier": "rs11644322", "lemma": "Mutation@rs11644322"}, {"text": "prostate cancer", "type": "Disease", "identifier": "MESH:D011471", "lemma": "Disease@MESH:D011471"}, {"text": "NFkappaB", "type": "Gene", "identifier": "4790", "lemma": "Gene@4790"}, {"text": "rs10883617", "type": "Mutation", "identifier": "rs10883617", "lemma": "Mutation@rs10883617"}, {"text": "colorectal cancer", "type": "Disease", "identifier": "MESH:D015179", "lemma": "Disease@MESH:D015179"}, {"text": "asthma", "type": "Disease", "identifier": "MESH:D001249", "lemma": "Disease@MESH:D001249"}, {"text": "dyspepsia", "type": "Disease", "identifier": "MESH:D004415", "lemma": "Disease@MESH:D004415"}, {"text": "inflammation", "type": "Disease", "identifier": "MESH:D007249", "lemma": "Disease@MESH:D007249"}, {"text": "ulcerative colitis", "type": "Disease", "identifier": "MESH:D003093", "lemma": "Disease@MESH:D003093"}, {"text": "lung adenocarcinoma", "type": "Disease", "identifier": "MESH:D000077192", "lemma": "Disease@MESH:D000077192"}, {"text": "APC", "type": "Disease", "identifier": "MESH:D011125", "lemma": "Disease@MESH:D011125"}, {"text": "pancreatic carcinoma", "type": "Disease", "identifier": "MESH:C562463", "lemma": "Disease@MESH:C562463"}, {"text": "colon and breast cancer", "type": "Disease", "identifier": "MESH:D001943", "lemma": "Disease@MESH:D001943"}, {"text": "SD", "type": "Disease", "identifier": "MESH:D029461", "lemma": "Disease@MESH:D029461"}, {"text": "G              4", "type": "Gene", "identifier": "57827", "lemma": "Gene@57827"}, {"text": "G              6", "type": "Gene", "identifier": "1192", "lemma": "Gene@1192"}, {"text": "LOC440704", "type": "Gene", "identifier": "440704", "lemma": "Gene@440704"}, {"text": "LOC643072", "type": "Gene", "identifier": "643072", "lemma": "Gene@643072"}, {"text": "rs814951", "type": "Mutation", "identifier": "rs814951", "lemma": "Mutation@rs814951"}, {"text": "rs179619", "type": "Mutation", "identifier": "rs179619", "lemma": "Mutation@rs179619"}, {"text": "rs2900174", "type": "Mutation", "identifier": "rs2900174", "lemma": "Mutation@rs2900174"}, {"text": "rs1808458", "type": "Mutation", "identifier": "rs1808458", "lemma": "Mutation@rs1808458"}, {"text": "rs10736526", "type": "Mutation", "identifier": "rs10736526", "lemma": "Mutation@rs10736526"}, {"text": "rs306104", "type": "Mutation", "identifier": "rs306104", "lemma": "Mutation@rs306104"}, {"text": "rs10489997", "type": "Mutation", "identifier": "rs10489997", "lemma": "Mutation@rs10489997"}, {"text": "rs7149097", "type": "Mutation", "identifier": "rs7149097", "lemma": "Mutation@rs7149097"}, {"text": "rs2550731", "type": "Mutation", "identifier": "rs2550731", "lemma": "Mutation@rs2550731"}, {"text": "rs12361312", "type": "Mutation", "identifier": "rs12361312", "lemma": "Mutation@rs12361312"}, {"text": "rs3744311", "type": "Mutation", "identifier": "rs3744311", "lemma": "Mutation@rs3744311"}, {"text": "rs11062040", "type": "Mutation", "identifier": "rs11062040", "lemma": "Mutation@rs11062040"}, {"text": "rs1910236", "type": "Mutation", "identifier": "rs1910236", "lemma": "Mutation@rs1910236"}, {"text": "rs490332", "type": "Mutation", "identifier": "rs490332", "lemma": "Mutation@rs490332"}, {"text": "rs7712169", "type": "Mutation", "identifier": "rs7712169", "lemma": "Mutation@rs7712169"}, {"text": "rs4785367", "type": "Mutation", "identifier": "rs4785367", "lemma": "Mutation@rs4785367"}]}