{"entities": [{"text": "Alzheimer's disease", "type": "Disease", "identifier": "MESH:D000544", "lemma": "Disease@MESH:D000544"}, {"text": "neurological disorder", "type": "Disease", "identifier": "MESH:D009422", "lemma": "Disease@MESH:D009422"}, {"text": "CHARGE", "type": "Disease", "identifier": "MESH:D058747", "lemma": "Disease@MESH:D058747"}, {"text": "rs9381040", "type": "Mutation", "identifier": "rs9381040", "lemma": "Mutation@rs9381040"}, {"text": "p.Arg47His", "type": "Mutation", "identifier": "rs75932628", "lemma": "Mutation@rs75932628"}, {"text": "sclerosis and Parkinson disease", "type": "Disease", "identifier": "MESH:D010300", "lemma": "Disease@MESH:D010300"}, {"text": "hypertension", "type": "Disease", "identifier": "MESH:D006973", "lemma": "Disease@MESH:D006973"}, {"text": "dyskinesia", "type": "Disease", "identifier": "MESH:D004409", "lemma": "Disease@MESH:D004409"}, {"text": "toxicity", "type": "Disease", "identifier": "MESH:D064420", "lemma": "Disease@MESH:D064420"}, {"text": "mental retardation", "type": "Disease", "identifier": "MESH:D008607", "lemma": "Disease@MESH:D008607"}, {"text": "epilepsy", "type": "Disease", "identifier": "MESH:D004827", "lemma": "Disease@MESH:D004827"}, {"text": "cerebral malformation", "type": "Disease", "identifier": "MESH:D000014", "lemma": "Disease@MESH:D000014"}, {"text": "inflammation", "type": "Disease", "identifier": "MESH:D007249", "lemma": "Disease@MESH:D007249"}, {"text": "cognitive impairment", "type": "Disease", "identifier": "MESH:D003072", "lemma": "Disease@MESH:D003072"}, {"text": "IBD", "type": "Disease", "identifier": "MESH:D015212", "lemma": "Disease@MESH:D015212"}, {"text": "multiple sclerosis", "type": "Disease", "identifier": "MESH:D009103", "lemma": "Disease@MESH:D009103"}, {"text": "neurodegenerative diseases", "type": "Disease", "identifier": "MESH:D019636", "lemma": "Disease@MESH:D019636"}, {"text": "skin pigmentation", "type": "Disease", "identifier": "MESH:D010859", "lemma": "Disease@MESH:D010859"}, {"text": "neuronal cell death", "type": "Disease", "identifier": "MESH:D009410", "lemma": "Disease@MESH:D009410"}, {"text": "Leukemia", "type": "Disease", "identifier": "MESH:D007938", "lemma": "Disease@MESH:D007938"}, {"text": "haploinsufficiency", "type": "Disease", "identifier": "MESH:D058495", "lemma": "Disease@MESH:D058495"}, {"text": "lung cancer", "type": "Disease", "identifier": "MESH:D008175", "lemma": "Disease@MESH:D008175"}, {"text": "rs6656401", "type": "Mutation", "identifier": "rs6656401", "lemma": "Mutation@rs6656401"}, {"text": "rs6733839", "type": "Mutation", "identifier": "rs6733839", "lemma": "Mutation@rs6733839"}, {"text": "rs10948363", "type": "Mutation", "identifier": "rs10948363", "lemma": "Mutation@rs10948363"}, {"text": "rs11771145", "type": "Mutation", "identifier": "rs11771145", "lemma": "Mutation@rs11771145"}, {"text": "rs9331896", "type": "Mutation", "identifier": "rs9331896", "lemma": "Mutation@rs9331896"}, {"text": "rs983392", "type": "Mutation", "identifier": "rs983392", "lemma": "Mutation@rs983392"}, {"text": "rs10792832", "type": "Mutation", "identifier": "rs10792832", "lemma": "Mutation@rs10792832"}, {"text": "rs4147929", "type": "Mutation", "identifier": "rs4147929", "lemma": "Mutation@rs4147929"}, {"text": "rs3865444", "type": "Mutation", "identifier": "rs3865444", "lemma": "Mutation@rs3865444"}, {"text": "rs9271192", "type": "Mutation", "identifier": "rs9271192", "lemma": "Mutation@rs9271192"}, {"text": "rs28834970", "type": "Mutation", "identifier": "rs28834970", "lemma": "Mutation@rs28834970"}, {"text": "rs11218343", "type": "Mutation", "identifier": "rs11218343", "lemma": "Mutation@rs11218343"}, {"text": "rs10498633", "type": "Mutation", "identifier": "rs10498633", "lemma": "Mutation@rs10498633"}, {"text": "rs8093731", "type": "Mutation", "identifier": "rs8093731", "lemma": "Mutation@rs8093731"}, {"text": "rs35349669", "type": "Mutation", "identifier": "rs35349669", "lemma": "Mutation@rs35349669"}, {"text": "rs190982", "type": "Mutation", "identifier": "rs190982", "lemma": "Mutation@rs190982"}, {"text": "rs2718058", "type": "Mutation", "identifier": "rs2718058", "lemma": "Mutation@rs2718058"}, {"text": "rs1476679", "type": "Mutation", "identifier": "rs1476679", "lemma": "Mutation@rs1476679"}, {"text": "rs10838725", "type": "Mutation", "identifier": "rs10838725", "lemma": "Mutation@rs10838725"}, {"text": "rs17125944", "type": "Mutation", "identifier": "rs17125944", "lemma": "Mutation@rs17125944"}, {"text": "rs7274581", "type": "Mutation", "identifier": "rs7274581", "lemma": "Mutation@rs7274581"}]}