{"entities": [{"text": "Breast Cancer", "type": "Disease", "identifier": "MESH:D001943", "lemma": "Disease@MESH:D001943"}, {"text": "TNM", "type": "Gene", "identifier": "10178", "lemma": "Gene@10178"}, {"text": "RAD51L1", "type": "Gene", "identifier": "5890", "lemma": "Gene@5890"}, {"text": "rs9934948", "type": "Mutation", "identifier": "rs9934948", "lemma": "Mutation@rs9934948"}, {"text": "rs3784099", "type": "Mutation", "identifier": "rs3784099", "lemma": "Mutation@rs3784099"}, {"text": "BRCA1", "type": "Gene", "identifier": "672", "lemma": "Gene@672"}, {"text": "BRCA2", "type": "Gene", "identifier": "675", "lemma": "Gene@675"}, {"text": "TP53", "type": "Gene", "identifier": "7157", "lemma": "Gene@7157"}, {"text": "CYP2D6", "type": "Gene", "identifier": "1565", "lemma": "Gene@1565"}, {"text": "NQO1", "type": "Gene", "identifier": "1728", "lemma": "Gene@1728"}, {"text": "TGFbeta1", "type": "Gene", "identifier": "7040", "lemma": "Gene@7040"}, {"text": "VEGF", "type": "Gene", "identifier": "7422", "lemma": "Gene@7422"}, {"text": "CCND1", "type": "Gene", "identifier": "595", "lemma": "Gene@595"}, {"text": "PAI1", "type": "Gene", "identifier": "5054", "lemma": "Gene@5054"}, {"text": "MMP7", "type": "Gene", "identifier": "4316", "lemma": "Gene@4316"}, {"text": "OCA2", "type": "Gene", "identifier": "4948", "lemma": "Gene@4948"}, {"text": "estrogen receptor", "type": "Gene", "identifier": "2099", "lemma": "Gene@2099"}, {"text": "tumor", "type": "Disease", "identifier": "MESH:D009369", "lemma": "Disease@MESH:D009369"}, {"text": "rs4778137", "type": "Mutation", "identifier": "rs4778137", "lemma": "Mutation@rs4778137"}, {"text": "MDS", "type": "Disease", "identifier": "MESH:D009190", "lemma": "Disease@MESH:D009190"}, {"text": "death", "type": "Disease", "identifier": "MESH:D003643", "lemma": "Disease@MESH:D003643"}, {"text": "rs729438", "type": "Mutation", "identifier": "rs729438", "lemma": "Mutation@rs729438"}, {"text": "rs1769441", "type": "Mutation", "identifier": "rs1769441", "lemma": "Mutation@rs1769441"}, {"text": "RAD51", "type": "Gene", "identifier": "5888", "lemma": "Gene@5888"}, {"text": "rs999737", "type": "Mutation", "identifier": "rs999737", "lemma": "Mutation@rs999737"}, {"text": "SNCG", "type": "Gene", "identifier": "6623", "lemma": "Gene@6623"}, {"text": "CTF1", "type": "Gene", "identifier": "1489", "lemma": "Gene@1489"}, {"text": "late-stage breast and ovarian cancer metastasis", "type": "Disease", "identifier": "MESH:D009362", "lemma": "Disease@MESH:D009362"}, {"text": "ZFHX3", "type": "Gene", "identifier": "463", "lemma": "Gene@463"}, {"text": "PSMD7", "type": "Gene", "identifier": "5713", "lemma": "Gene@5713"}, {"text": "BRCA1/2", "type": "Gene", "identifier": "672;675", "lemma": "Gene@672;675"}, {"text": "p27", "type": "Gene", "identifier": "3429", "lemma": "Gene@3429"}, {"text": "Kip1", "type": "Gene", "identifier": "1027", "lemma": "Gene@1027"}, {"text": "P187S", "type": "Mutation", "identifier": "rs1800566", "lemma": "Mutation@rs1800566"}, {"text": "FGFR2", "type": "Gene", "identifier": "2263", "lemma": "Gene@2263"}, {"text": "depression", "type": "Disease", "identifier": "MESH:D000275", "lemma": "Disease@MESH:D000275"}, {"text": "genetic instability", "type": "Disease", "identifier": "MESH:D030342", "lemma": "Disease@MESH:D030342"}, {"text": "Rad51", "type": "Gene", "identifier": "43577", "lemma": "Gene@43577"}]}