{"entities": [{"text": "breast cancer", "type": "Disease", "identifier": "MESH:D001943", "lemma": "Disease@MESH:D001943"}, {"text": "cancer", "type": "Disease", "identifier": "MESH:D009369", "lemma": "Disease@MESH:D009369"}, {"text": "BRCA1", "type": "Gene", "identifier": "672", "lemma": "Gene@672"}, {"text": "BRCA2", "type": "Gene", "identifier": "675", "lemma": "Gene@675"}, {"text": "ATM", "type": "Gene", "identifier": "472", "lemma": "Gene@472"}, {"text": "CHEK2", "type": "Gene", "identifier": "11200", "lemma": "Gene@11200"}, {"text": "PALB2", "type": "Gene", "identifier": "79728", "lemma": "Gene@79728"}, {"text": "Familial aggregation", "type": "Disease", "identifier": "MESH:D020914", "lemma": "Disease@MESH:D020914"}, {"text": "ovarian cancer", "type": "Disease", "identifier": "MESH:D010051", "lemma": "Disease@MESH:D010051"}, {"text": "prostate cancer", "type": "Disease", "identifier": "MESH:D011471", "lemma": "Disease@MESH:D011471"}, {"text": "CASP8", "type": "Gene", "identifier": "841", "lemma": "Gene@841"}, {"text": "estrogen receptor", "type": "Gene", "identifier": "2099", "lemma": "Gene@2099"}, {"text": "rs1045485", "type": "Mutation", "identifier": "rs1045485", "lemma": "Mutation@rs1045485"}, {"text": "rs2284378", "type": "Mutation", "identifier": "rs2284378", "lemma": "Mutation@rs2284378"}, {"text": "rs8170", "type": "Mutation", "identifier": "rs8170", "lemma": "Mutation@rs8170"}, {"text": "rs2380205", "type": "Mutation", "identifier": "rs2380205", "lemma": "Mutation@rs2380205"}, {"text": "rs11814448", "type": "Mutation", "identifier": "rs11814448", "lemma": "Mutation@rs11814448"}, {"text": "rs7072776", "type": "Mutation", "identifier": "rs7072776", "lemma": "Mutation@rs7072776"}, {"text": "rs17817449", "type": "Mutation", "identifier": "rs17817449", "lemma": "Mutation@rs17817449"}, {"text": "rs3903072", "type": "Mutation", "identifier": "rs3903072", "lemma": "Mutation@rs3903072"}, {"text": "rs2588809", "type": "Mutation", "identifier": "rs2588809", "lemma": "Mutation@rs2588809"}, {"text": "rs6828523", "type": "Mutation", "identifier": "rs6828523", "lemma": "Mutation@rs6828523"}, {"text": "rs6472903", "type": "Mutation", "identifier": "rs6472903", "lemma": "Mutation@rs6472903"}, {"text": "invasive disease", "type": "Disease", "identifier": "MESH:D009362", "lemma": "Disease@MESH:D009362"}, {"text": "situ disease", "type": "Disease", "identifier": "MESH:D002278", "lemma": "Disease@MESH:D002278"}, {"text": "rs12493607", "type": "Mutation", "identifier": "rs12493607", "lemma": "Mutation@rs12493607"}, {"text": "rs616488", "type": "Mutation", "identifier": "rs616488", "lemma": "Mutation@rs616488"}, {"text": "rs720475", "type": "Mutation", "identifier": "rs720475", "lemma": "Mutation@rs720475"}, {"text": "ductal carcinoma", "type": "Disease", "identifier": "MESH:D044584", "lemma": "Disease@MESH:D044584"}, {"text": "rs941764", "type": "Mutation", "identifier": "rs941764", "lemma": "Mutation@rs941764"}, {"text": "rs11242675", "type": "Mutation", "identifier": "rs11242675", "lemma": "Mutation@rs11242675"}, {"text": "rs204247", "type": "Mutation", "identifier": "rs204247", "lemma": "Mutation@rs204247"}, {"text": "RAD51B", "type": "Gene", "identifier": "5890", "lemma": "Gene@5890"}, {"text": "rs10759243", "type": "Mutation", "identifier": "rs10759243", "lemma": "Mutation@rs10759243"}, {"text": "rs999737", "type": "Mutation", "identifier": "rs999737", "lemma": "Mutation@rs999737"}, {"text": "rs11199914", "type": "Mutation", "identifier": "rs11199914", "lemma": "Mutation@rs11199914"}, {"text": "rs10483813", "type": "Mutation", "identifier": "rs10483813", "lemma": "Mutation@rs10483813"}, {"text": "rs16857609", "type": "Mutation", "identifier": "rs16857609", "lemma": "Mutation@rs16857609"}, {"text": "EMID1", "type": "Gene", "identifier": "129080", "lemma": "Gene@129080"}, {"text": "rs11571833", "type": "Mutation", "identifier": "rs11571833", "lemma": "Mutation@rs11571833"}, {"text": "c.1100delC", "type": "Mutation", "identifier": "rs555607708", "lemma": "Mutation@rs555607708"}, {"text": "p.Lys3326*", "type": "Mutation", "identifier": "p.K3326*", "lemma": "Mutation@p.K3326*"}, {"text": "rs132390", "type": "Mutation", "identifier": "rs132390", "lemma": "Mutation@rs132390"}, {"text": "DCLRE1B", "type": "Gene", "identifier": "64858", "lemma": "Gene@64858"}, {"text": "TGFBR2", "type": "Gene", "identifier": "7048", "lemma": "Gene@7048"}, {"text": "TGF", "type": "Gene", "identifier": "7040", "lemma": "Gene@7040"}, {"text": "TCF7L2", "type": "Gene", "identifier": "6934", "lemma": "Gene@6934"}, {"text": "p.His61Tyr", "type": "Mutation", "identifier": "rs11552449", "lemma": "Mutation@rs11552449"}, {"text": "rs1078985", "type": "Mutation", "identifier": "rs1078985", "lemma": "Mutation@rs1078985"}, {"text": "type 2 diabetes", "type": "Disease", "identifier": "MESH:D003924", "lemma": "Disease@MESH:D003924"}, {"text": "rs4522809", "type": "Mutation", "identifier": "rs4522809", "lemma": "Mutation@rs4522809"}, {"text": "rs7904519", "type": "Mutation", "identifier": "rs7904519", "lemma": "Mutation@rs7904519"}, {"text": "rs12255372", "type": "Mutation", "identifier": "rs12255372", "lemma": "Mutation@rs12255372"}, {"text": "TET2", "type": "Gene", "identifier": "54790", "lemma": "Gene@54790"}, {"text": "DNAJC1", "type": "Gene", "identifier": "64215", "lemma": "Gene@64215"}, {"text": "MYC", "type": "Gene", "identifier": "4609", "lemma": "Gene@4609"}, {"text": "rs1243180", "type": "Mutation", "identifier": "rs1243180", "lemma": "Mutation@rs1243180"}, {"text": "hematological malignancies", "type": "Disease", "identifier": "MESH:D019337", "lemma": "Disease@MESH:D019337"}, {"text": "rs9790517", "type": "Mutation", "identifier": "rs9790517", "lemma": "Mutation@rs9790517"}, {"text": "rs11780156", "type": "Mutation", "identifier": "rs11780156", "lemma": "Mutation@rs11780156"}, {"text": "rs10088218", "type": "Mutation", "identifier": "rs10088218", "lemma": "Mutation@rs10088218"}, {"text": "rs7679673", "type": "Mutation", "identifier": "rs7679673", "lemma": "Mutation@rs7679673"}, {"text": "PEX14", "type": "Gene", "identifier": "5195", "lemma": "Gene@5195"}, {"text": "ZNF404", "type": "Gene", "identifier": "342908", "lemma": "Gene@342908"}, {"text": "ZNF283", "type": "Gene", "identifier": "284349", "lemma": "Gene@284349"}, {"text": "CTSW", "type": "Gene", "identifier": "1521", "lemma": "Gene@1521"}, {"text": "ZNF45", "type": "Gene", "identifier": "7596", "lemma": "Gene@7596"}, {"text": "ZNF222", "type": "Gene", "identifier": "7673", "lemma": "Gene@7673"}, {"text": "PTPN22", "type": "Gene", "identifier": "26191", "lemma": "Gene@26191"}, {"text": "rs1217396", "type": "Mutation", "identifier": "rs1217396", "lemma": "Mutation@rs1217396"}, {"text": "rs3760982", "type": "Mutation", "identifier": "rs3760982", "lemma": "Mutation@rs3760982"}, {"text": "Zellweger syndrome", "type": "Disease", "identifier": "MESH:D015211", "lemma": "Disease@MESH:D015211"}, {"text": "rs616402", "type": "Mutation", "identifier": "rs616402", "lemma": "Mutation@rs616402"}, {"text": "rs3760983", "type": "Mutation", "identifier": "rs3760983", "lemma": "Mutation@rs3760983"}, {"text": "MUS81", "type": "Gene", "identifier": "80198", "lemma": "Gene@80198"}, {"text": "cofilin", "type": "Gene", "identifier": "1072", "lemma": "Gene@1072"}, {"text": "PTH1R", "type": "Gene", "identifier": "5745", "lemma": "Gene@5745"}, {"text": "FOXQ1", "type": "Gene", "identifier": "94234", "lemma": "Gene@94234"}, {"text": "ARHGEF5", "type": "Gene", "identifier": "7984", "lemma": "Gene@7984"}, {"text": "MKL1", "type": "Gene", "identifier": "57591", "lemma": "Gene@57591"}, {"text": "PTHLH", "type": "Gene", "identifier": "5744", "lemma": "Gene@5744"}, {"text": "FTO", "type": "Gene", "identifier": "79068", "lemma": "Gene@79068"}, {"text": "PAX9", "type": "Gene", "identifier": "5083", "lemma": "Gene@5083"}, {"text": "SSBP4", "type": "Gene", "identifier": "170463", "lemma": "Gene@170463"}, {"text": "KREMEN1", "type": "Gene", "identifier": "83999", "lemma": "Gene@83999"}, {"text": "beta-catenin", "type": "Gene", "identifier": "1499", "lemma": "Gene@1499"}, {"text": "NTN4", "type": "Gene", "identifier": "59277", "lemma": "Gene@59277"}, {"text": "diabetes", "type": "Disease", "identifier": "MESH:D003920", "lemma": "Disease@MESH:D003920"}, {"text": "obesity", "type": "Disease", "identifier": "MESH:D009765", "lemma": "Disease@MESH:D009765"}, {"text": "tumor aggressiveness", "type": "Disease", "identifier": "MESH:D001523", "lemma": "Disease@MESH:D001523"}, {"text": "CCND1", "type": "Gene", "identifier": "595", "lemma": "Gene@595"}, {"text": "TERT", "type": "Gene", "identifier": "7015", "lemma": "Gene@7015"}, {"text": "schizophrenia", "type": "Disease", "identifier": "MESH:D012559", "lemma": "Disease@MESH:D012559"}, {"text": "mpg", "type": "Gene", "identifier": "4350", "lemma": "Gene@4350"}, {"text": "MAF < 1", "type": "Gene", "identifier": "84232", "lemma": "Gene@84232"}, {"text": "FGFR2", "type": "Gene", "identifier": "2263", "lemma": "Gene@2263"}, {"text": "CLPTM1L", "type": "Gene", "identifier": "81037", "lemma": "Gene@81037"}, {"text": "SNM1", "type": "Gene", "identifier": "9937", "lemma": "Gene@9937"}, {"text": "WRN", "type": "Gene", "identifier": "7486", "lemma": "Gene@7486"}, {"text": "p53", "type": "Gene", "identifier": "7157", "lemma": "Gene@7157"}, {"text": "hypercalcemia of malignancy", "type": "Disease", "identifier": "MESH:D006934", "lemma": "Disease@MESH:D006934"}, {"text": "colorectal cancer", "type": "Disease", "identifier": "MESH:D015179", "lemma": "Disease@MESH:D015179"}, {"text": "liver cancer", "type": "Disease", "identifier": "MESH:D006528", "lemma": "Disease@MESH:D006528"}, {"text": "leukemia", "type": "Disease", "identifier": "MESH:D007938", "lemma": "Disease@MESH:D007938"}, {"text": "oral squamous carcinoma cell", "type": "Disease", "identifier": "MESH:D002294", "lemma": "Disease@MESH:D002294"}, {"text": "lung adenocarcinoma", "type": "Disease", "identifier": "MESH:D000077192", "lemma": "Disease@MESH:D000077192"}, {"text": "TRA1", "type": "Gene", "identifier": "57088", "lemma": "Gene@57088"}, {"text": "STC2", "type": "Gene", "identifier": "8614", "lemma": "Gene@8614"}, {"text": "schizophrenia and bipolar disorder", "type": "Disease", "identifier": "MESH:D001714", "lemma": "Disease@MESH:D001714"}, {"text": "randomness", "type": "Disease", "identifier": "MESH:C562757", "lemma": "Disease@MESH:C562757"}, {"text": "BCL2L15", "type": "Gene", "identifier": "440603", "lemma": "Gene@440603"}, {"text": "AP4B1", "type": "Gene", "identifier": "10717", "lemma": "Gene@10717"}, {"text": "HIPK1", "type": "Gene", "identifier": "204851", "lemma": "Gene@204851"}, {"text": "METAP1D", "type": "Gene", "identifier": "254042", "lemma": "Gene@254042"}, {"text": "DLX1", "type": "Gene", "identifier": "1745", "lemma": "Gene@1745"}, {"text": "DLX2", "type": "Gene", "identifier": "1746", "lemma": "Gene@1746"}, {"text": "CDCA7", "type": "Gene", "identifier": "83879", "lemma": "Gene@83879"}, {"text": "DIRC3", "type": "Gene", "identifier": "729582", "lemma": "Gene@729582"}, {"text": "ITPR1", "type": "Gene", "identifier": "3708", "lemma": "Gene@3708"}, {"text": "ADAM29", "type": "Gene", "identifier": "11086", "lemma": "Gene@11086"}, {"text": "RAB3C", "type": "Gene", "identifier": "115827", "lemma": "Gene@115827"}, {"text": "PDE4D", "type": "Gene", "identifier": "5144", "lemma": "Gene@5144"}, {"text": "EBF1", "type": "Gene", "identifier": "1879", "lemma": "Gene@1879"}, {"text": "RANBP9", "type": "Gene", "identifier": "10048", "lemma": "Gene@10048"}, {"text": "NOBOX", "type": "Gene", "identifier": "135935", "lemma": "Gene@135935"}, {"text": "HNF4G", "type": "Gene", "identifier": "3174", "lemma": "Gene@3174"}, {"text": "MLLT10", "type": "Gene", "identifier": "8028", "lemma": "Gene@8028"}, {"text": "OVOL1", "type": "Gene", "identifier": "5017", "lemma": "Gene@5017"}, {"text": "SNX32", "type": "Gene", "identifier": "254122", "lemma": "Gene@254122"}, {"text": "N4BP2L1", "type": "Gene", "identifier": "90634", "lemma": "Gene@90634"}, {"text": "N4BP2L2", "type": "Gene", "identifier": "10443", "lemma": "Gene@10443"}, {"text": "SLC25A21", "type": "Gene", "identifier": "89874", "lemma": "Gene@89874"}, {"text": "CCDC88C", "type": "Gene", "identifier": "440193", "lemma": "Gene@440193"}, {"text": "CDYL2", "type": "Gene", "identifier": "124359", "lemma": "Gene@124359"}, {"text": "CHST9", "type": "Gene", "identifier": "83539", "lemma": "Gene@83539"}, {"text": "ISYNA1", "type": "Gene", "identifier": "51477", "lemma": "Gene@51477"}, {"text": "ELL", "type": "Gene", "identifier": "8178", "lemma": "Gene@8178"}, {"text": "C19orf61", "type": "Gene", "identifier": "56006", "lemma": "Gene@56006"}, {"text": "KCNN4", "type": "Gene", "identifier": "3783", "lemma": "Gene@3783"}, {"text": "LYPD5", "type": "Gene", "identifier": "284348", "lemma": "Gene@284348"}, {"text": "RHBDD3", "type": "Gene", "identifier": "25807", "lemma": "Gene@25807"}, {"text": "EWSR1", "type": "Gene", "identifier": "2130", "lemma": "Gene@2130"}, {"text": "rs2016394", "type": "Mutation", "identifier": "rs2016394", "lemma": "Mutation@rs2016394"}, {"text": "rs13329835", "type": "Mutation", "identifier": "rs13329835", "lemma": "Mutation@rs13329835"}, {"text": "rs527616", "type": "Mutation", "identifier": "rs527616", "lemma": "Mutation@rs527616"}, {"text": "rs6762644", "type": "Mutation", "identifier": "rs6762644", "lemma": "Mutation@rs6762644"}, {"text": "rs12422552", "type": "Mutation", "identifier": "rs12422552", "lemma": "Mutation@rs12422552"}, {"text": "rs2943559", "type": "Mutation", "identifier": "rs2943559", "lemma": "Mutation@rs2943559"}, {"text": "rs1353747", "type": "Mutation", "identifier": "rs1353747", "lemma": "Mutation@rs1353747"}, {"text": "rs1432679", "type": "Mutation", "identifier": "rs1432679", "lemma": "Mutation@rs1432679"}, {"text": "rs1550623", "type": "Mutation", "identifier": "rs1550623", "lemma": "Mutation@rs1550623"}, {"text": "rs10472076", "type": "Mutation", "identifier": "rs10472076", "lemma": "Mutation@rs10472076"}, {"text": "rs2236007", "type": "Mutation", "identifier": "rs2236007", "lemma": "Mutation@rs2236007"}, {"text": "rs17356907", "type": "Mutation", "identifier": "rs17356907", "lemma": "Mutation@rs17356907"}, {"text": "rs6001930", "type": "Mutation", "identifier": "rs6001930", "lemma": "Mutation@rs6001930"}, {"text": "rs4808801", "type": "Mutation", "identifier": "rs4808801", "lemma": "Mutation@rs4808801"}, {"text": "rs11820646", "type": "Mutation", "identifier": "rs11820646", "lemma": "Mutation@rs11820646"}, {"text": "rs9693444", "type": "Mutation", "identifier": "rs9693444", "lemma": "Mutation@rs9693444"}, {"text": "rs4849887", "type": "Mutation", "identifier": "rs4849887", "lemma": "Mutation@rs4849887"}, {"text": "rs1436904", "type": "Mutation", "identifier": "rs1436904", "lemma": "Mutation@rs1436904"}]}