{"entities": [{"text": "Gestational Diabetes Mellitus", "type": "Disease", "identifier": "MESH:D016640", "lemma": "Disease@MESH:D016640"}, {"text": "CDKAL1", "type": "Gene", "identifier": "54901", "lemma": "Gene@54901"}, {"text": "MTNR1B", "type": "Gene", "identifier": "4544", "lemma": "Gene@4544"}, {"text": "rs10830962", "type": "Mutation", "identifier": "rs10830962", "lemma": "Mutation@rs10830962"}, {"text": "rs7754840", "type": "Mutation", "identifier": "rs7754840", "lemma": "Mutation@rs7754840"}, {"text": "diabetes", "type": "Disease", "identifier": "MESH:D003920", "lemma": "Disease@MESH:D003920"}, {"text": "Insulin", "type": "Gene", "identifier": "3630", "lemma": "Gene@3630"}, {"text": "type 2 diabetes", "type": "Disease", "identifier": "MESH:D003924", "lemma": "Disease@MESH:D003924"}, {"text": "abnormal glucose tolerance", "type": "Disease", "identifier": "MESH:D018149", "lemma": "Disease@MESH:D018149"}, {"text": "Glucose and insulin", "type": "Disease", "identifier": "MESH:D007333", "lemma": "Disease@MESH:D007333"}, {"text": "CDKN2A", "type": "Gene", "identifier": "1029", "lemma": "Gene@1029"}, {"text": "IDE", "type": "Gene", "identifier": "3416", "lemma": "Gene@3416"}, {"text": "rs10757261", "type": "Mutation", "identifier": "rs10757261", "lemma": "Mutation@rs10757261"}, {"text": "rs10882066", "type": "Mutation", "identifier": "rs10882066", "lemma": "Mutation@rs10882066"}, {"text": "rs9395950", "type": "Mutation", "identifier": "rs9395950", "lemma": "Mutation@rs9395950"}, {"text": "rs187230", "type": "Mutation", "identifier": "rs187230", "lemma": "Mutation@rs187230"}, {"text": "rs6499500", "type": "Mutation", "identifier": "rs6499500", "lemma": "Mutation@rs6499500"}, {"text": "rs12715106", "type": "Mutation", "identifier": "rs12715106", "lemma": "Mutation@rs12715106"}, {"text": "IGF2BP2", "type": "Gene", "identifier": "10644", "lemma": "Gene@10644"}, {"text": "rs1470579", "type": "Mutation", "identifier": "rs1470579", "lemma": "Mutation@rs1470579"}, {"text": "ADCY5", "type": "Gene", "identifier": "111", "lemma": "Gene@111"}, {"text": "rs11708067", "type": "Mutation", "identifier": "rs11708067", "lemma": "Mutation@rs11708067"}, {"text": "rs10830963", "type": "Mutation", "identifier": "rs10830963", "lemma": "Mutation@rs10830963"}, {"text": "CDC123", "type": "Gene", "identifier": "8872", "lemma": "Gene@8872"}, {"text": "CAMK1D", "type": "Gene", "identifier": "57118", "lemma": "Gene@57118"}, {"text": "KCNQ1", "type": "Gene", "identifier": "3784", "lemma": "Gene@3784"}, {"text": "rs12779790", "type": "Mutation", "identifier": "rs12779790", "lemma": "Mutation@rs12779790"}, {"text": "rs2237892", "type": "Mutation", "identifier": "rs2237892", "lemma": "Mutation@rs2237892"}, {"text": "rs231362", "type": "Mutation", "identifier": "rs231362", "lemma": "Mutation@rs231362"}, {"text": "rs10906115", "type": "Mutation", "identifier": "rs10906115", "lemma": "Mutation@rs10906115"}, {"text": "TCF7L2", "type": "Gene", "identifier": "6934", "lemma": "Gene@6934"}, {"text": "TCF2", "type": "Gene", "identifier": "6928", "lemma": "Gene@6928"}, {"text": "rs10811661", "type": "Mutation", "identifier": "rs10811661", "lemma": "Mutation@rs10811661"}, {"text": "rs7756992", "type": "Mutation", "identifier": "rs7756992", "lemma": "Mutation@rs7756992"}, {"text": "rs1387153", "type": "Mutation", "identifier": "rs1387153", "lemma": "Mutation@rs1387153"}, {"text": "cyclin-dependent kinase 5 [CDK5] regulatory subunit-associated protein 1-like 1", "type": "Gene", "identifier": "1020;54901", "lemma": "Gene@1020;54901"}, {"text": "CDK5", "type": "Gene", "identifier": "1020", "lemma": "Gene@1020"}, {"text": "CDK5RAP1", "type": "Gene", "identifier": "51654", "lemma": "Gene@51654"}, {"text": "pancreatic", "type": "Disease", "identifier": "MESH:D010195", "lemma": "Disease@MESH:D010195"}, {"text": "decreased birth weight", "type": "Disease", "identifier": "MESH:D001724", "lemma": "Disease@MESH:D001724"}, {"text": "fetal insulin secretion", "type": "Disease", "identifier": "MESH:D005315", "lemma": "Disease@MESH:D005315"}, {"text": "rs1083092", "type": "Mutation", "identifier": "rs1083092", "lemma": "Mutation@rs1083092"}, {"text": "rs5015480", "type": "Mutation", "identifier": "rs5015480", "lemma": "Mutation@rs5015480"}, {"text": "SLC30A8", "type": "Gene", "identifier": "169026", "lemma": "Gene@169026"}, {"text": "CENTD2", "type": "Gene", "identifier": "116985", "lemma": "Gene@116985"}, {"text": "FTO", "type": "Gene", "identifier": "79068", "lemma": "Gene@79068"}, {"text": "PPARG", "type": "Gene", "identifier": "5468", "lemma": "Gene@5468"}, {"text": "IRS1", "type": "Gene", "identifier": "3667", "lemma": "Gene@3667"}, {"text": "KLF14", "type": "Gene", "identifier": "136259", "lemma": "Gene@136259"}, {"text": "GCKR", "type": "Gene", "identifier": "2646", "lemma": "Gene@2646"}, {"text": "UBE2E2", "type": "Gene", "identifier": "7325", "lemma": "Gene@7325"}, {"text": "C2CD4A", "type": "Gene", "identifier": "145741", "lemma": "Gene@145741"}, {"text": "Menin", "type": "Gene", "identifier": "17283", "lemma": "Gene@17283"}, {"text": "HHEX", "type": "Gene", "identifier": "3087", "lemma": "Gene@3087"}, {"text": "CDKN2A/B", "type": "Gene", "identifier": "1029;1030", "lemma": "Gene@1029;1030"}, {"text": "obesity", "type": "Disease", "identifier": "MESH:D009765", "lemma": "Disease@MESH:D009765"}, {"text": "Fak", "type": "Gene", "identifier": "5747", "lemma": "Gene@5747"}, {"text": "Akt", "type": "Gene", "identifier": "207", "lemma": "Gene@207"}, {"text": "Pancreatic B-cell defects", "type": "Disease", "identifier": "MESH:D016393", "lemma": "Disease@MESH:D016393"}, {"text": "impaired early insulin secretion", "type": "Disease", "identifier": "MESH:D009422", "lemma": "Disease@MESH:D009422"}]}