{"entities": [{"text": "TERT", "type": "Gene", "identifier": "7015", "lemma": "Gene@7015"}, {"text": "CLPTM1L", "type": "Gene", "identifier": "81037", "lemma": "Gene@81037"}, {"text": "breast cancer", "type": "Disease", "identifier": "MESH:D001943", "lemma": "Disease@MESH:D001943"}, {"text": "progesterone receptor", "type": "Gene", "identifier": "5241", "lemma": "Gene@5241"}, {"text": "HER2", "type": "Gene", "identifier": "2064", "lemma": "Gene@2064"}, {"text": "rs10069690", "type": "Mutation", "identifier": "rs10069690", "lemma": "Mutation@rs10069690"}, {"text": "BRCA1", "type": "Gene", "identifier": "672", "lemma": "Gene@672"}, {"text": "tumors", "type": "Disease", "identifier": "MESH:D009369", "lemma": "Disease@MESH:D009369"}, {"text": "Carcinoma", "type": "Disease", "identifier": "MESH:D002277", "lemma": "Disease@MESH:D002277"}, {"text": "Breast and Prostate Cancer Cohort", "type": "Disease", "identifier": "MESH:D011471", "lemma": "Disease@MESH:D011471"}, {"text": "rs1006960", "type": "Mutation", "identifier": "rs1006960", "lemma": "Mutation@rs1006960"}, {"text": "lung cancer", "type": "Disease", "identifier": "MESH:D008175", "lemma": "Disease@MESH:D008175"}, {"text": "rs7726159", "type": "Mutation", "identifier": "rs7726159", "lemma": "Mutation@rs7726159"}, {"text": "rs2735940", "type": "Mutation", "identifier": "rs2735940", "lemma": "Mutation@rs2735940"}, {"text": "rs2736100", "type": "Mutation", "identifier": "rs2736100", "lemma": "Mutation@rs2736100"}, {"text": "serous ovarian cancer", "type": "Disease", "identifier": "MESH:D010051", "lemma": "Disease@MESH:D010051"}, {"text": "glioma", "type": "Disease", "identifier": "MESH:D005910", "lemma": "Disease@MESH:D005910"}, {"text": "rs2853676", "type": "Mutation", "identifier": "rs2853676", "lemma": "Mutation@rs2853676"}, {"text": "colorectal and prostate cancer", "type": "Disease", "identifier": "MESH:D015179", "lemma": "Disease@MESH:D015179"}, {"text": "urinary bladder cancer", "type": "Disease", "identifier": "MESH:D001749", "lemma": "Disease@MESH:D001749"}, {"text": "renal cell carcinoma", "type": "Disease", "identifier": "MESH:C538614", "lemma": "Disease@MESH:C538614"}]}