{"entities": [{"text": "diabetes", "type": "Disease", "identifier": "MESH:D003920", "lemma": "Disease@MESH:D003920"}, {"text": "HNF1A", "type": "Gene", "identifier": "6927", "lemma": "Gene@6927"}, {"text": "KCNQ1", "type": "Gene", "identifier": "3784", "lemma": "Gene@3784"}, {"text": "CDKN2A", "type": "Gene", "identifier": "1029", "lemma": "Gene@1029"}, {"text": "CDKN2B", "type": "Gene", "identifier": "1030", "lemma": "Gene@1030"}, {"text": "IGF2BP2", "type": "Gene", "identifier": "10644", "lemma": "Gene@10644"}, {"text": "C14orf70", "type": "Gene", "identifier": "283601", "lemma": "Gene@283601"}, {"text": "p<10-5", "type": "Gene", "identifier": "4790", "lemma": "Gene@4790"}, {"text": "type 2 diabetes", "type": "Disease", "identifier": "MESH:D003924", "lemma": "Disease@MESH:D003924"}, {"text": "LSAMP", "type": "Gene", "identifier": "4045", "lemma": "Gene@4045"}, {"text": "FGF12", "type": "Gene", "identifier": "2257", "lemma": "Gene@2257"}, {"text": "CSMD1", "type": "Gene", "identifier": "64478", "lemma": "Gene@64478"}, {"text": "NIPAL2", "type": "Gene", "identifier": "79815", "lemma": "Gene@79815"}, {"text": "DEPDC5", "type": "Gene", "identifier": "9681", "lemma": "Gene@9681"}, {"text": "EPHB2", "type": "Gene", "identifier": "2048", "lemma": "Gene@2048"}, {"text": "ANK2", "type": "Gene", "identifier": "287", "lemma": "Gene@287"}, {"text": "MCPH1", "type": "Gene", "identifier": "79648", "lemma": "Gene@79648"}, {"text": "CIT", "type": "Gene", "identifier": "11113", "lemma": "Gene@11113"}, {"text": "PTPRD", "type": "Gene", "identifier": "5789", "lemma": "Gene@5789"}, {"text": "p<10-4", "type": "Gene", "identifier": "4820", "lemma": "Gene@4820"}, {"text": "rs10465543", "type": "Mutation", "identifier": "rs10465543", "lemma": "Mutation@rs10465543"}, {"text": "GCK", "type": "Gene", "identifier": "2645", "lemma": "Gene@2645"}, {"text": "HNF1B", "type": "Gene", "identifier": "6928", "lemma": "Gene@6928"}, {"text": "PPARG", "type": "Gene", "identifier": "5468", "lemma": "Gene@5468"}, {"text": "WFS1", "type": "Gene", "identifier": "7466", "lemma": "Gene@7466"}, {"text": "KCNJ11", "type": "Gene", "identifier": "3767", "lemma": "Gene@3767"}, {"text": "OR 1.14", "type": "Gene", "identifier": "10820", "lemma": "Gene@10820"}, {"text": "rs7305618", "type": "Mutation", "identifier": "rs7305618", "lemma": "Mutation@rs7305618"}, {"text": "rs7957197", "type": "Mutation", "identifier": "rs7957197", "lemma": "Mutation@rs7957197"}, {"text": "rs231362", "type": "Mutation", "identifier": "rs231362", "lemma": "Mutation@rs231362"}, {"text": "rs2237892", "type": "Mutation", "identifier": "rs2237892", "lemma": "Mutation@rs2237892"}, {"text": "cyclin-dependent kinase inhibitor 2A and 2B", "type": "Gene", "identifier": "1029;1030", "lemma": "Gene@1029;1030"}, {"text": "rs1374910", "type": "Mutation", "identifier": "rs1374910", "lemma": "Mutation@rs1374910"}, {"text": "rs6769511", "type": "Mutation", "identifier": "rs6769511", "lemma": "Mutation@rs6769511"}, {"text": "rs2383208", "type": "Mutation", "identifier": "rs2383208", "lemma": "Mutation@rs2383208"}, {"text": "rs1470579", "type": "Mutation", "identifier": "rs1470579", "lemma": "Mutation@rs1470579"}, {"text": "rs4402960", "type": "Mutation", "identifier": "rs4402960", "lemma": "Mutation@rs4402960"}, {"text": "rs1333051", "type": "Mutation", "identifier": "rs1333051", "lemma": "Mutation@rs1333051"}, {"text": "rs10811661", "type": "Mutation", "identifier": "rs10811661", "lemma": "Mutation@rs10811661"}, {"text": "rs730570", "type": "Mutation", "identifier": "rs730570", "lemma": "Mutation@rs730570"}, {"text": "SLC5A8", "type": "Gene", "identifier": "160728", "lemma": "Gene@160728"}, {"text": "CHRNA7", "type": "Gene", "identifier": "1139", "lemma": "Gene@1139"}, {"text": "insulin", "type": "Gene", "identifier": "3630", "lemma": "Gene@3630"}, {"text": "metabolic syndrome", "type": "Disease", "identifier": "MESH:D008659", "lemma": "Disease@MESH:D008659"}, {"text": "rs17584499", "type": "Mutation", "identifier": "rs17584499", "lemma": "Mutation@rs17584499"}, {"text": "R1788W", "type": "Mutation", "identifier": "rs121912706", "lemma": "Mutation@rs121912706"}, {"text": "obesity", "type": "Disease", "identifier": "MESH:D009765", "lemma": "Disease@MESH:D009765"}, {"text": "rs938911", "type": "Mutation", "identifier": "rs938911", "lemma": "Mutation@rs938911"}, {"text": "rs9773092", "type": "Mutation", "identifier": "rs9773092", "lemma": "Mutation@rs9773092"}, {"text": "rs202983", "type": "Mutation", "identifier": "rs202983", "lemma": "Mutation@rs202983"}, {"text": "rs7516189", "type": "Mutation", "identifier": "rs7516189", "lemma": "Mutation@rs7516189"}, {"text": "rs9831045", "type": "Mutation", "identifier": "rs9831045", "lemma": "Mutation@rs9831045"}, {"text": "rs5998144", "type": "Mutation", "identifier": "rs5998144", "lemma": "Mutation@rs5998144"}, {"text": "rs4841333", "type": "Mutation", "identifier": "rs4841333", "lemma": "Mutation@rs4841333"}, {"text": "rs896416", "type": "Mutation", "identifier": "rs896416", "lemma": "Mutation@rs896416"}, {"text": "rs1544056", "type": "Mutation", "identifier": "rs1544056", "lemma": "Mutation@rs1544056"}]}