{"entities": [{"text": "ABCA7", "type": "Gene", "identifier": "10347", "lemma": "Gene@10347"}, {"text": "MS4A6A", "type": "Gene", "identifier": "64231", "lemma": "Gene@64231"}, {"text": "MS4A4E", "type": "Gene", "identifier": "643680", "lemma": "Gene@643680"}, {"text": "EPHA1", "type": "Gene", "identifier": "2041", "lemma": "Gene@2041"}, {"text": "CD2AP", "type": "Gene", "identifier": "23607", "lemma": "Gene@23607"}, {"text": "Alzheimer's disease", "type": "Disease", "identifier": "MESH:D000544", "lemma": "Disease@MESH:D000544"}, {"text": "rs610932", "type": "Mutation", "identifier": "rs610932", "lemma": "Mutation@rs610932"}, {"text": "rs670139", "type": "Mutation", "identifier": "rs670139", "lemma": "Mutation@rs670139"}, {"text": "PSEN1", "type": "Gene", "identifier": "5663", "lemma": "Gene@5663"}, {"text": "PSEN2", "type": "Gene", "identifier": "5664", "lemma": "Gene@5664"}, {"text": "Apolipoprotein E", "type": "Gene", "identifier": "348", "lemma": "Gene@348"}, {"text": "phosphatidylinositol-binding clathrin assembly protein", "type": "Gene", "identifier": "8301", "lemma": "Gene@8301"}, {"text": "complement receptor 1", "type": "Gene", "identifier": "1378", "lemma": "Gene@1378"}, {"text": "bridging integrator 1", "type": "Gene", "identifier": "274", "lemma": "Gene@274"}, {"text": "CLU", "type": "Gene", "identifier": "1191", "lemma": "Gene@1191"}, {"text": "dementia", "type": "Disease", "identifier": "MESH:D003704", "lemma": "Disease@MESH:D003704"}, {"text": "AD-IG", "type": "Gene", "identifier": "149685", "lemma": "Gene@149685"}, {"text": "CHARGE", "type": "Disease", "identifier": "MESH:D058747", "lemma": "Disease@MESH:D058747"}, {"text": "rs3764650", "type": "Mutation", "identifier": "rs3764650", "lemma": "Mutation@rs3764650"}, {"text": "rs4938933", "type": "Mutation", "identifier": "rs4938933", "lemma": "Mutation@rs4938933"}, {"text": "rs744373", "type": "Mutation", "identifier": "rs744373", "lemma": "Mutation@rs744373"}, {"text": "rs3818361", "type": "Mutation", "identifier": "rs3818361", "lemma": "Mutation@rs3818361"}, {"text": "rs3752246", "type": "Mutation", "identifier": "rs3752246", "lemma": "Mutation@rs3752246"}, {"text": "Rs3752246", "type": "Mutation", "identifier": "Rs3752246", "lemma": "Mutation@Rs3752246"}, {"text": "MS4A2", "type": "Gene", "identifier": "2206", "lemma": "Gene@2206"}, {"text": "MS4A3", "type": "Gene", "identifier": "932", "lemma": "Gene@932"}, {"text": "MS4A4A", "type": "Gene", "identifier": "51338", "lemma": "Gene@51338"}, {"text": "MS4A6E", "type": "Gene", "identifier": "245802", "lemma": "Gene@245802"}, {"text": "rs2304933", "type": "Mutation", "identifier": "rs2304933", "lemma": "Mutation@rs2304933"}, {"text": "ARID5B", "type": "Gene", "identifier": "84159", "lemma": "Gene@84159"}, {"text": "rs11771145", "type": "Mutation", "identifier": "rs11771145", "lemma": "Mutation@rs11771145"}, {"text": "rs11767557", "type": "Mutation", "identifier": "rs11767557", "lemma": "Mutation@rs11767557"}, {"text": "rs3826656", "type": "Mutation", "identifier": "rs3826656", "lemma": "Mutation@rs3826656"}, {"text": "rs3865444", "type": "Mutation", "identifier": "rs3865444", "lemma": "Mutation@rs3865444"}, {"text": "rs9349407", "type": "Mutation", "identifier": "rs9349407", "lemma": "Mutation@rs9349407"}, {"text": "rs2588969", "type": "Mutation", "identifier": "rs2588969", "lemma": "Mutation@rs2588969"}, {"text": "ATP-binding cassette (ABC) transporter", "type": "Gene", "identifier": "9429", "lemma": "Gene@9429"}, {"text": "ced-7", "type": "Gene", "identifier": "176352", "lemma": "Gene@176352"}, {"text": "cortactin", "type": "Gene", "identifier": "2017", "lemma": "Gene@2017"}, {"text": "inflammation", "type": "Disease", "identifier": "MESH:D007249", "lemma": "Disease@MESH:D007249"}, {"text": "neurodegeneration", "type": "Disease", "identifier": "MESH:D019636", "lemma": "Disease@MESH:D019636"}, {"text": "GAB2", "type": "Gene", "identifier": "9846", "lemma": "Gene@9846"}, {"text": "neurological disease", "type": "Disease", "identifier": "MESH:D020271", "lemma": "Disease@MESH:D020271"}, {"text": "Abca7", "type": "Gene", "identifier": "27403", "lemma": "Gene@27403"}, {"text": "ERK", "type": "Gene", "identifier": "2048", "lemma": "Gene@2048"}, {"text": "Siglec-2", "type": "Gene", "identifier": "933", "lemma": "Gene@933"}, {"text": "epidermal growth factor receptor", "type": "Gene", "identifier": "1956", "lemma": "Gene@1956"}, {"text": "integrin-linked kinase", "type": "Gene", "identifier": "3611", "lemma": "Gene@3611"}, {"text": "EphA1", "type": "Gene", "identifier": "13835", "lemma": "Gene@13835"}, {"text": "rs381861", "type": "Mutation", "identifier": "rs381861", "lemma": "Mutation@rs381861"}, {"text": "MAF", "type": "Gene", "identifier": "4094", "lemma": "Gene@4094"}, {"text": "CHR", "type": "Disease", "identifier": "MESH:D015211", "lemma": "Disease@MESH:D015211"}, {"text": "rs9296559", "type": "Mutation", "identifier": "rs9296559", "lemma": "Mutation@rs9296559"}, {"text": "rs4948288", "type": "Mutation", "identifier": "rs4948288", "lemma": "Mutation@rs4948288"}]}