{"entities": [{"text": "BRCA2", "type": "Gene", "identifier": "675", "lemma": "Gene@675"}, {"text": "CHEK2", "type": "Gene", "identifier": "11200", "lemma": "Gene@11200"}, {"text": "lung cancer", "type": "Disease", "identifier": "MESH:D008175", "lemma": "Disease@MESH:D008175"}, {"text": "TP63", "type": "Gene", "identifier": "8626", "lemma": "Gene@8626"}, {"text": "rs17879961", "type": "Mutation", "identifier": "rs17879961", "lemma": "Mutation@rs17879961"}, {"text": "K3326X", "type": "Mutation", "identifier": "rs11571833", "lemma": "Mutation@rs11571833"}, {"text": "lung adenocarcinoma", "type": "Disease", "identifier": "MESH:D000077192", "lemma": "Disease@MESH:D000077192"}, {"text": "rs13314271", "type": "Mutation", "identifier": "rs13314271", "lemma": "Mutation@rs13314271"}, {"text": "cancer", "type": "Disease", "identifier": "MESH:D009369", "lemma": "Disease@MESH:D009369"}, {"text": "CDKN2A", "type": "Gene", "identifier": "1029", "lemma": "Gene@1029"}, {"text": "CDKN2B", "type": "Gene", "identifier": "1030", "lemma": "Gene@1030"}, {"text": "RAD52", "type": "Gene", "identifier": "5893", "lemma": "Gene@5893"}, {"text": "carcinogenesis", "type": "Disease", "identifier": "MESH:D063646", "lemma": "Disease@MESH:D063646"}, {"text": "NSCLC", "type": "Disease", "identifier": "MESH:D002289", "lemma": "Disease@MESH:D002289"}, {"text": "AD", "type": "Disease", "identifier": "MESH:D000544", "lemma": "Disease@MESH:D000544"}, {"text": "adenocarcinoma", "type": "Disease", "identifier": "MESH:D000230", "lemma": "Disease@MESH:D000230"}, {"text": "squamous cell carcinoma", "type": "Disease", "identifier": "MESH:D002294", "lemma": "Disease@MESH:D002294"}, {"text": "MD Anderson Cancer", "type": "Disease", "identifier": "MESH:C535460", "lemma": "Disease@MESH:C535460"}, {"text": "rs185577307", "type": "Mutation", "identifier": "rs185577307", "lemma": "Mutation@rs185577307"}, {"text": "rs56084662", "type": "Mutation", "identifier": "rs56084662", "lemma": "Mutation@rs56084662"}, {"text": "pancreatic cancers", "type": "Disease", "identifier": "MESH:D010190", "lemma": "Disease@MESH:D010190"}, {"text": "breast-ovarian cancer", "type": "Disease", "identifier": "MESH:D010051", "lemma": "Disease@MESH:D010051"}, {"text": "breast cancer", "type": "Disease", "identifier": "MESH:D001943", "lemma": "Disease@MESH:D001943"}, {"text": "esophageal", "type": "Disease", "identifier": "MESH:D004941", "lemma": "Disease@MESH:D004941"}, {"text": "rad51", "type": "Gene", "identifier": "19361", "lemma": "Gene@19361"}, {"text": "brca2", "type": "Gene", "identifier": "12190", "lemma": "Gene@12190"}, {"text": "Rad51", "type": "Gene", "identifier": "5888", "lemma": "Gene@5888"}, {"text": "c.6275delTT", "type": "Mutation", "identifier": "c.6275delTT", "lemma": "Mutation@c.6275delTT"}, {"text": "c.4889C>G", "type": "Mutation", "identifier": "rs80358711", "lemma": "Mutation@rs80358711"}, {"text": "p.256_257del", "type": "Mutation", "identifier": "p.256_257del", "lemma": "Mutation@p.256_257del"}, {"text": "999del5", "type": "Mutation", "identifier": "c.999del5", "lemma": "Mutation@c.999del5"}, {"text": "T3387A", "type": "Mutation", "identifier": "rs786202571", "lemma": "Mutation@rs786202571"}, {"text": "I57T", "type": "Mutation", "identifier": "p.I57T", "lemma": "Mutation@p.I57T"}, {"text": "arrest", "type": "Disease", "identifier": "MESH:D006323", "lemma": "Disease@MESH:D006323"}, {"text": "I151T", "type": "Mutation", "identifier": "p.I151T", "lemma": "Mutation@p.I151T"}, {"text": "TP53", "type": "Gene", "identifier": "7157", "lemma": "Gene@7157"}, {"text": "rs7636839", "type": "Mutation", "identifier": "rs7636839", "lemma": "Mutation@rs7636839"}, {"text": "rs4488809", "type": "Mutation", "identifier": "rs4488809", "lemma": "Mutation@rs4488809"}, {"text": "tert", "type": "Gene", "identifier": "7015", "lemma": "Gene@7015"}, {"text": "PARP", "type": "Gene", "identifier": "1302", "lemma": "Gene@1302"}, {"text": "large-cell carcinomas", "type": "Disease", "identifier": "MESH:D018287", "lemma": "Disease@MESH:D018287"}, {"text": "adenosquamous carcinomas", "type": "Disease", "identifier": "MESH:D018196", "lemma": "Disease@MESH:D018196"}, {"text": "CPS-II", "type": "Disease", "identifier": "MESH:D020165", "lemma": "Disease@MESH:D020165"}, {"text": "British Birth Cohort", "type": "Disease", "identifier": "OMIM:176500", "lemma": "Disease@OMIM:176500"}, {"text": "cardiothoracic conditions", "type": "Disease", "identifier": "MESH:D009135", "lemma": "Disease@MESH:D009135"}, {"text": "Icelandic Cancer", "type": "Disease", "identifier": "MESH:D028243", "lemma": "Disease@MESH:D028243"}, {"text": "SCLC", "type": "Disease", "identifier": "MESH:D018288", "lemma": "Disease@MESH:D018288"}, {"text": "carcinoid", "type": "Disease", "identifier": "MESH:D002276", "lemma": "Disease@MESH:D002276"}, {"text": "Colorectal Cancer", "type": "Disease", "identifier": "MESH:D015179", "lemma": "Disease@MESH:D015179"}, {"text": "rs149423192", "type": "Mutation", "identifier": "rs149423192", "lemma": "Mutation@rs149423192"}, {"text": "rs4592420", "type": "Mutation", "identifier": "rs4592420", "lemma": "Mutation@rs4592420"}, {"text": "rs1519542", "type": "Mutation", "identifier": "rs1519542", "lemma": "Mutation@rs1519542"}, {"text": "rs55731496", "type": "Mutation", "identifier": "rs55731496", "lemma": "Mutation@rs55731496"}, {"text": "mpg", "type": "Gene", "identifier": "4350", "lemma": "Gene@4350"}, {"text": "peripheral arterial disease", "type": "Disease", "identifier": "MESH:D058729", "lemma": "Disease@MESH:D058729"}, {"text": "CLPTM1L", "type": "Gene", "identifier": "81037", "lemma": "Gene@81037"}, {"text": "esophageal squamous cell carcinoma", "type": "Disease", "identifier": "MESH:D000077277", "lemma": "Disease@MESH:D000077277"}, {"text": "Chk1", "type": "Gene", "identifier": "1111", "lemma": "Gene@1111"}, {"text": "laryngeal cancers", "type": "Disease", "identifier": "MESH:D007822", "lemma": "Disease@MESH:D007822"}, {"text": "asthma", "type": "Disease", "identifier": "MESH:D001249", "lemma": "Disease@MESH:D001249"}, {"text": "myeloperoxidase", "type": "Gene", "identifier": "4353", "lemma": "Gene@4353"}, {"text": "-463G --> a", "type": "Mutation", "identifier": "rs2333227", "lemma": "Mutation@rs2333227"}, {"text": "GEnetic Lung CAncer", "type": "Disease", "identifier": "MESH:D030342", "lemma": "Disease@MESH:D030342"}, {"text": "matrix metalloproteinase 1", "type": "Gene", "identifier": "4312", "lemma": "Gene@4312"}, {"text": "LGR4", "type": "Gene", "identifier": "55366", "lemma": "Gene@55366"}, {"text": "chronic diseases", "type": "Disease", "identifier": "MESH:D002908", "lemma": "Disease@MESH:D002908"}, {"text": "CYP3A4", "type": "Gene", "identifier": "1576", "lemma": "Gene@1576"}, {"text": "small cell lung cancer", "type": "Disease", "identifier": "MESH:D055752", "lemma": "Disease@MESH:D055752"}, {"text": "diabetes", "type": "Disease", "identifier": "MESH:D003920", "lemma": "Disease@MESH:D003920"}, {"text": "CHRNB3", "type": "Gene", "identifier": "1142", "lemma": "Gene@1142"}, {"text": "CHRNA6", "type": "Gene", "identifier": "8973", "lemma": "Gene@8973"}, {"text": "CYP2A6", "type": "Gene", "identifier": "1548", "lemma": "Gene@1548"}]}