{"entities": [{"text": "breast cancer", "type": "Disease", "identifier": "MESH:D001943", "lemma": "Disease@MESH:D001943"}, {"text": "BRCA1", "type": "Gene", "identifier": "672", "lemma": "Gene@672"}, {"text": "KLF5", "type": "Gene", "identifier": "688", "lemma": "Gene@688"}, {"text": "WDR43", "type": "Gene", "identifier": "23160", "lemma": "Gene@23160"}, {"text": "PPIL3", "type": "Gene", "identifier": "53938", "lemma": "Gene@53938"}, {"text": "TRMT61B", "type": "Gene", "identifier": "55006", "lemma": "Gene@55006"}, {"text": "tumour", "type": "Disease", "identifier": "MESH:D009369", "lemma": "Disease@MESH:D009369"}, {"text": "BRCA1/2", "type": "Gene", "identifier": "672;675", "lemma": "Gene@672;675"}, {"text": "PEX14", "type": "Gene", "identifier": "5195", "lemma": "Gene@5195"}, {"text": "LSP1", "type": "Gene", "identifier": "4046", "lemma": "Gene@4046"}, {"text": "TCF7L2", "type": "Gene", "identifier": "6934", "lemma": "Gene@6934"}, {"text": "TERT", "type": "Gene", "identifier": "7015", "lemma": "Gene@7015"}, {"text": "PTHLH", "type": "Gene", "identifier": "5744", "lemma": "Gene@5744"}, {"text": "ESR1", "type": "Gene", "identifier": "2099", "lemma": "Gene@2099"}, {"text": "FTO", "type": "Gene", "identifier": "79068", "lemma": "Gene@79068"}, {"text": "INHBB", "type": "Gene", "identifier": "3625", "lemma": "Gene@3625"}, {"text": "rs4980383", "type": "Mutation", "identifier": "rs4980383", "lemma": "Mutation@rs4980383"}, {"text": "rs11075995", "type": "Mutation", "identifier": "rs11075995", "lemma": "Mutation@rs11075995"}, {"text": "rs2290203", "type": "Mutation", "identifier": "rs2290203", "lemma": "Mutation@rs2290203"}, {"text": "rs17817449", "type": "Mutation", "identifier": "rs17817449", "lemma": "Mutation@rs17817449"}, {"text": "rs4951011", "type": "Mutation", "identifier": "rs4951011", "lemma": "Mutation@rs4951011"}, {"text": "rs11903787", "type": "Mutation", "identifier": "rs11903787", "lemma": "Mutation@rs11903787"}, {"text": "rs10474352", "type": "Mutation", "identifier": "rs10474352", "lemma": "Mutation@rs10474352"}, {"text": "rs10864459", "type": "Mutation", "identifier": "rs10864459", "lemma": "Mutation@rs10864459"}, {"text": "LGR6", "type": "Gene", "identifier": "59352", "lemma": "Gene@59352"}, {"text": "ZNF365", "type": "Gene", "identifier": "22891", "lemma": "Gene@22891"}, {"text": "rs2242652", "type": "Mutation", "identifier": "rs2242652", "lemma": "Mutation@rs2242652"}, {"text": "rs7297051", "type": "Mutation", "identifier": "rs7297051", "lemma": "Mutation@rs7297051"}, {"text": "rs8170", "type": "Mutation", "identifier": "rs8170", "lemma": "Mutation@rs8170"}, {"text": "rs2046210", "type": "Mutation", "identifier": "rs2046210", "lemma": "Mutation@rs2046210"}, {"text": "rs56069439", "type": "Mutation", "identifier": "rs56069439", "lemma": "Mutation@rs56069439"}, {"text": "P<10-4", "type": "Gene", "identifier": "4820", "lemma": "Gene@4820"}, {"text": "rs17181761", "type": "Mutation", "identifier": "rs17181761", "lemma": "Mutation@rs17181761"}, {"text": "rs6562760", "type": "Mutation", "identifier": "rs6562760", "lemma": "Mutation@rs6562760"}, {"text": "rs67073037", "type": "Mutation", "identifier": "rs67073037", "lemma": "Mutation@rs67073037"}, {"text": "rs4577244", "type": "Mutation", "identifier": "rs4577244", "lemma": "Mutation@rs4577244"}, {"text": "HER2", "type": "Gene", "identifier": "2064", "lemma": "Gene@2064"}, {"text": "MDM4", "type": "Gene", "identifier": "4194", "lemma": "Gene@4194"}, {"text": "BRCA2", "type": "Gene", "identifier": "675", "lemma": "Gene@675"}, {"text": "breast and ovarian cancer", "type": "Disease", "identifier": "MESH:D010051", "lemma": "Disease@MESH:D010051"}, {"text": "CASP8", "type": "Gene", "identifier": "841", "lemma": "Gene@841"}, {"text": "CLK1", "type": "Gene", "identifier": "1195", "lemma": "Gene@1195"}, {"text": "rs74943274", "type": "Mutation", "identifier": "rs74943274", "lemma": "Mutation@rs74943274"}, {"text": "rs115635831", "type": "Mutation", "identifier": "rs115635831", "lemma": "Mutation@rs115635831"}, {"text": "rs188686860", "type": "Mutation", "identifier": "rs188686860", "lemma": "Mutation@rs188686860"}, {"text": "rs114962751", "type": "Mutation", "identifier": "rs114962751", "lemma": "Mutation@rs114962751"}, {"text": "rs150750171", "type": "Mutation", "identifier": "rs150750171", "lemma": "Mutation@rs150750171"}, {"text": "PIBF1", "type": "Gene", "identifier": "10464", "lemma": "Gene@10464"}, {"text": "DIS3", "type": "Gene", "identifier": "22894", "lemma": "Gene@22894"}, {"text": "rs6734079", "type": "Mutation", "identifier": "rs6734079", "lemma": "Mutation@rs6734079"}, {"text": "rs4577254", "type": "Mutation", "identifier": "rs4577254", "lemma": "Mutation@rs4577254"}, {"text": "rs6419696", "type": "Mutation", "identifier": "rs6419696", "lemma": "Mutation@rs6419696"}, {"text": "rs35617956", "type": "Mutation", "identifier": "rs35617956", "lemma": "Mutation@rs35617956"}, {"text": "rs4407214", "type": "Mutation", "identifier": "rs4407214", "lemma": "Mutation@rs4407214"}, {"text": "rs11677283", "type": "Mutation", "identifier": "rs11677283", "lemma": "Mutation@rs11677283"}, {"text": "rs66604446", "type": "Mutation", "identifier": "rs66604446", "lemma": "Mutation@rs66604446"}, {"text": "rs66768547", "type": "Mutation", "identifier": "rs66768547", "lemma": "Mutation@rs66768547"}, {"text": "hypersensitivity", "type": "Disease", "identifier": "MESH:D004342", "lemma": "Disease@MESH:D004342"}, {"text": "CTCF", "type": "Gene", "identifier": "10664", "lemma": "Gene@10664"}, {"text": "KLF12", "type": "Gene", "identifier": "11278", "lemma": "Gene@11278"}, {"text": "rs8002929", "type": "Mutation", "identifier": "rs8002929", "lemma": "Mutation@rs8002929"}, {"text": "rs927683", "type": "Mutation", "identifier": "rs927683", "lemma": "Mutation@rs927683"}, {"text": "rs12870942", "type": "Mutation", "identifier": "rs12870942", "lemma": "Mutation@rs12870942"}, {"text": "rs9543325", "type": "Mutation", "identifier": "rs9543325", "lemma": "Mutation@rs9543325"}, {"text": "pancreatic cancer", "type": "Disease", "identifier": "MESH:D010190", "lemma": "Disease@MESH:D010190"}, {"text": "ORC2", "type": "Gene", "identifier": "4999", "lemma": "Gene@4999"}, {"text": "FAM126B", "type": "Gene", "identifier": "285172", "lemma": "Gene@285172"}, {"text": "NDUFB3", "type": "Gene", "identifier": "4709", "lemma": "Gene@4709"}, {"text": "rs17467658", "type": "Mutation", "identifier": "rs17467658", "lemma": "Mutation@rs17467658"}, {"text": "rs17383256", "type": "Mutation", "identifier": "rs17383256", "lemma": "Mutation@rs17383256"}, {"text": "rs78258606", "type": "Mutation", "identifier": "rs78258606", "lemma": "Mutation@rs78258606"}, {"text": "rs116724456", "type": "Mutation", "identifier": "rs116724456", "lemma": "Mutation@rs116724456"}, {"text": "rs17467916", "type": "Mutation", "identifier": "rs17467916", "lemma": "Mutation@rs17467916"}, {"text": "rs114567273", "type": "Mutation", "identifier": "rs114567273", "lemma": "Mutation@rs114567273"}, {"text": "rs116509920", "type": "Mutation", "identifier": "rs116509920", "lemma": "Mutation@rs116509920"}, {"text": "rs76377168", "type": "Mutation", "identifier": "rs76377168", "lemma": "Mutation@rs76377168"}, {"text": "tumour subtype", "type": "Disease", "identifier": "MESH:C535673", "lemma": "Disease@MESH:C535673"}, {"text": "IBS", "type": "Disease", "identifier": "MESH:D043183", "lemma": "Disease@MESH:D043183"}, {"text": "pGL3", "type": "Gene", "identifier": "6391", "lemma": "Gene@6391"}, {"text": "hypotonic lysis", "type": "Disease", "identifier": "MESH:D015275", "lemma": "Disease@MESH:D015275"}, {"text": "Nat", "type": "Gene", "identifier": "6046", "lemma": "Gene@6046"}, {"text": "FGFR2", "type": "Gene", "identifier": "2263", "lemma": "Gene@2263"}, {"text": "RAD51L1", "type": "Gene", "identifier": "5890", "lemma": "Gene@5890"}, {"text": "CLPTM1L", "type": "Gene", "identifier": "81037", "lemma": "Gene@81037"}, {"text": "ALS2CR12", "type": "Gene", "identifier": "130540", "lemma": "Gene@130540"}, {"text": "PFKM", "type": "Gene", "identifier": "5213", "lemma": "Gene@5213"}, {"text": "coronary artery disease", "type": "Disease", "identifier": "MESH:D003324", "lemma": "Disease@MESH:D003324"}, {"text": "MRPS30", "type": "Gene", "identifier": "10884", "lemma": "Gene@10884"}, {"text": "Garcia-Closas", "type": "Disease", "identifier": "MESH:C536767", "lemma": "Disease@MESH:C536767"}, {"text": "MERIT40", "type": "Gene", "identifier": "29086", "lemma": "Gene@29086"}, {"text": "rs12662670", "type": "Mutation", "identifier": "rs12662670", "lemma": "Mutation@rs12662670"}, {"text": "rs17489300", "type": "Mutation", "identifier": "rs17489300", "lemma": "Mutation@rs17489300"}, {"text": "rs4245739", "type": "Mutation", "identifier": "rs4245739", "lemma": "Mutation@rs4245739"}, {"text": "rs10771399", "type": "Mutation", "identifier": "rs10771399", "lemma": "Mutation@rs10771399"}, {"text": "rs11155804", "type": "Mutation", "identifier": "rs11155804", "lemma": "Mutation@rs11155804"}, {"text": "rs10995190", "type": "Mutation", "identifier": "rs10995190", "lemma": "Mutation@rs10995190"}, {"text": "rs7726159", "type": "Mutation", "identifier": "rs7726159", "lemma": "Mutation@rs7726159"}, {"text": "rs12710696", "type": "Mutation", "identifier": "rs12710696", "lemma": "Mutation@rs12710696"}, {"text": "rs4784227", "type": "Mutation", "identifier": "rs4784227", "lemma": "Mutation@rs4784227"}, {"text": "P EAF HR", "type": "Disease", "identifier": "MESH:C000656865", "lemma": "Disease@MESH:C000656865"}, {"text": "rs6585202", "type": "Mutation", "identifier": "rs6585202", "lemma": "Mutation@rs6585202"}, {"text": "rs2736108", "type": "Mutation", "identifier": "rs2736108", "lemma": "Mutation@rs2736108"}, {"text": "rs9573140", "type": "Mutation", "identifier": "rs9573140", "lemma": "Mutation@rs9573140"}, {"text": "rs2181965", "type": "Mutation", "identifier": "rs2181965", "lemma": "Mutation@rs2181965"}, {"text": "EAF HR", "type": "Disease", "identifier": "MESH:D001919", "lemma": "Disease@MESH:D001919"}]}