{"entities": [{"text": "prostate cancer", "type": "Disease", "identifier": "MESH:D011471", "lemma": "Disease@MESH:D011471"}, {"text": "prostate specific antigen", "type": "Gene", "identifier": "354", "lemma": "Gene@354"}, {"text": "rs11199874", "type": "Mutation", "identifier": "rs11199874", "lemma": "Mutation@rs11199874"}, {"text": "rs9311171", "type": "Mutation", "identifier": "rs9311171", "lemma": "Mutation@rs9311171"}, {"text": "rs445114", "type": "Mutation", "identifier": "rs445114", "lemma": "Mutation@rs445114"}, {"text": "rs2735839", "type": "Mutation", "identifier": "rs2735839", "lemma": "Mutation@rs2735839"}, {"text": "rs266849", "type": "Mutation", "identifier": "rs266849", "lemma": "Mutation@rs266849"}, {"text": "rs17632542", "type": "Mutation", "identifier": "rs17632542", "lemma": "Mutation@rs17632542"}, {"text": "rs1512268", "type": "Mutation", "identifier": "rs1512268", "lemma": "Mutation@rs1512268"}, {"text": "rs10788160", "type": "Mutation", "identifier": "rs10788160", "lemma": "Mutation@rs10788160"}, {"text": "cancer", "type": "Disease", "identifier": "MESH:D009369", "lemma": "Disease@MESH:D009369"}, {"text": "rs620861", "type": "Mutation", "identifier": "rs620861", "lemma": "Mutation@rs620861"}, {"text": "rs6983561", "type": "Mutation", "identifier": "rs6983561", "lemma": "Mutation@rs6983561"}, {"text": "rs10993994", "type": "Mutation", "identifier": "rs10993994", "lemma": "Mutation@rs10993994"}, {"text": "rs7837688", "type": "Mutation", "identifier": "rs7837688", "lemma": "Mutation@rs7837688"}, {"text": "metastases", "type": "Disease", "identifier": "MESH:D009362", "lemma": "Disease@MESH:D009362"}, {"text": "rs7127900", "type": "Mutation", "identifier": "rs7127900", "lemma": "Mutation@rs7127900"}, {"text": "rs5945619", "type": "Mutation", "identifier": "rs5945619", "lemma": "Mutation@rs5945619"}, {"text": "rs2659056", "type": "Mutation", "identifier": "rs2659056", "lemma": "Mutation@rs2659056"}, {"text": "rs2242652", "type": "Mutation", "identifier": "rs2242652", "lemma": "Mutation@rs2242652"}, {"text": "rs12500426", "type": "Mutation", "identifier": "rs12500426", "lemma": "Mutation@rs12500426"}, {"text": "rs1270884", "type": "Mutation", "identifier": "rs1270884", "lemma": "Mutation@rs1270884"}, {"text": "rs6869841", "type": "Mutation", "identifier": "rs6869841", "lemma": "Mutation@rs6869841"}, {"text": "rs10090154", "type": "Mutation", "identifier": "rs10090154", "lemma": "Mutation@rs10090154"}, {"text": "TNM", "type": "Gene", "identifier": "10178", "lemma": "Gene@10178"}, {"text": "rs16902094", "type": "Mutation", "identifier": "rs16902094", "lemma": "Mutation@rs16902094"}, {"text": "rs7210100", "type": "Mutation", "identifier": "rs7210100", "lemma": "Mutation@rs7210100"}, {"text": "rs7222314", "type": "Mutation", "identifier": "rs7222314", "lemma": "Mutation@rs7222314"}, {"text": "rs1058205", "type": "Mutation", "identifier": "rs1058205", "lemma": "Mutation@rs1058205"}, {"text": "rs1447295", "type": "Mutation", "identifier": "rs1447295", "lemma": "Mutation@rs1447295"}, {"text": "rs6983267", "type": "Mutation", "identifier": "rs6983267", "lemma": "Mutation@rs6983267"}, {"text": "rs3850699", "type": "Mutation", "identifier": "rs3850699", "lemma": "Mutation@rs3850699"}, {"text": "rs1983891", "type": "Mutation", "identifier": "rs1983891", "lemma": "Mutation@rs1983891"}, {"text": "rs9600079", "type": "Mutation", "identifier": "rs9600079", "lemma": "Mutation@rs9600079"}, {"text": "rs7611694", "type": "Mutation", "identifier": "rs7611694", "lemma": "Mutation@rs7611694"}, {"text": "rs4775302", "type": "Mutation", "identifier": "rs4775302", "lemma": "Mutation@rs4775302"}, {"text": "MSMB", "type": "Gene", "identifier": "4477", "lemma": "Gene@4477"}, {"text": "CALM2P1", "type": "Gene", "identifier": "100128390", "lemma": "Gene@100128390"}, {"text": "SOX9", "type": "Gene", "identifier": "6662", "lemma": "Gene@6662"}, {"text": "MIR26A1", "type": "Gene", "identifier": "407015", "lemma": "Gene@407015"}, {"text": "CTDSPL", "type": "Gene", "identifier": "10217", "lemma": "Gene@10217"}, {"text": "rs12682344", "type": "Mutation", "identifier": "rs12682344", "lemma": "Mutation@rs12682344"}, {"text": "rs4793529", "type": "Mutation", "identifier": "rs4793529", "lemma": "Mutation@rs4793529"}, {"text": "NKX3.1", "type": "Gene", "identifier": "4824", "lemma": "Gene@4824"}, {"text": "FGFR2", "type": "Gene", "identifier": "2263", "lemma": "Gene@2263"}, {"text": "DAB2", "type": "Gene", "identifier": "1601", "lemma": "Gene@1601"}, {"text": "TCF2", "type": "Gene", "identifier": "6928", "lemma": "Gene@6928"}, {"text": "diabetes", "type": "Disease", "identifier": "MESH:D003920", "lemma": "Disease@MESH:D003920"}, {"text": "SRRM1P1", "type": "Gene", "identifier": "401475", "lemma": "Gene@401475"}, {"text": "POU5F1B", "type": "Gene", "identifier": "5462", "lemma": "Gene@5462"}, {"text": "FAM44B", "type": "Gene", "identifier": "91272", "lemma": "Gene@91272"}, {"text": "SLC25A37", "type": "Gene", "identifier": "51312", "lemma": "Gene@51312"}, {"text": "RPL19P16", "type": "Gene", "identifier": "646255", "lemma": "Gene@646255"}, {"text": "FABP5L1", "type": "Gene", "identifier": "387934", "lemma": "Gene@387934"}, {"text": "KLF12", "type": "Gene", "identifier": "11278", "lemma": "Gene@11278"}, {"text": "KLK2", "type": "Gene", "identifier": "3817", "lemma": "Gene@3817"}, {"text": "KLK15", "type": "Gene", "identifier": "55554", "lemma": "Gene@55554"}]}