{"entities": [{"text": "lung cancer", "type": "Disease", "identifier": "MESH:D008175", "lemma": "Disease@MESH:D008175"}, {"text": "CHRNA5", "type": "Gene", "identifier": "1138", "lemma": "Gene@1138"}, {"text": "TERT", "type": "Gene", "identifier": "7015", "lemma": "Gene@7015"}, {"text": "rs2853677", "type": "Mutation", "identifier": "rs2853677", "lemma": "Mutation@rs2853677"}, {"text": "rs2036527", "type": "Mutation", "identifier": "rs2036527", "lemma": "Mutation@rs2036527"}, {"text": "cancer", "type": "Disease", "identifier": "MESH:D009369", "lemma": "Disease@MESH:D009369"}, {"text": "carcinogenesis", "type": "Disease", "identifier": "MESH:D063646", "lemma": "Disease@MESH:D063646"}, {"text": "nicotinic acetylcholine receptor", "type": "Gene", "identifier": "1137", "lemma": "Gene@1137"}, {"text": "CHRNA3", "type": "Gene", "identifier": "1136", "lemma": "Gene@1136"}, {"text": "squamous cell carcinoma", "type": "Disease", "identifier": "MESH:D002294", "lemma": "Disease@MESH:D002294"}, {"text": "adenocarcinoma", "type": "Disease", "identifier": "MESH:D000230", "lemma": "Disease@MESH:D000230"}, {"text": "MEC", "type": "Gene", "identifier": "56477", "lemma": "Gene@56477"}, {"text": "Colorectal, and Ovarian Cancer", "type": "Disease", "identifier": "MESH:D015179", "lemma": "Disease@MESH:D015179"}, {"text": "rs17568263", "type": "Mutation", "identifier": "rs17568263", "lemma": "Mutation@rs17568263"}, {"text": "rs55781567", "type": "Mutation", "identifier": "rs55781567", "lemma": "Mutation@rs55781567"}, {"text": "renal cancer", "type": "Disease", "identifier": "MESH:D007680", "lemma": "Disease@MESH:D007680"}, {"text": "rs2128611", "type": "Mutation", "identifier": "rs2128611", "lemma": "Mutation@rs2128611"}, {"text": "CPD", "type": "Disease", "identifier": "MESH:C565865", "lemma": "Disease@MESH:C565865"}, {"text": "adenocarcinoma only", "type": "Disease", "identifier": "MESH:D054331", "lemma": "Disease@MESH:D054331"}, {"text": "MAF", "type": "Gene", "identifier": "4094", "lemma": "Gene@4094"}, {"text": "rs3019885", "type": "Mutation", "identifier": "rs3019885", "lemma": "Mutation@rs3019885"}, {"text": "rs6580649", "type": "Mutation", "identifier": "rs6580649", "lemma": "Mutation@rs6580649"}, {"text": "ESR1", "type": "Gene", "identifier": "2099", "lemma": "Gene@2099"}, {"text": "Deleted in Colorectal Cancer", "type": "Gene", "identifier": "1630", "lemma": "Gene@1630"}, {"text": "rs1372626", "type": "Mutation", "identifier": "rs1372626", "lemma": "Mutation@rs1372626"}, {"text": "rs1293936", "type": "Mutation", "identifier": "rs1293936", "lemma": "Mutation@rs1293936"}, {"text": "alpha5, alpha3, beta5", "type": "Gene", "identifier": "10382", "lemma": "Gene@10382"}, {"text": "rs16969968", "type": "Mutation", "identifier": "rs16969968", "lemma": "Mutation@rs16969968"}, {"text": "rs588765", "type": "Mutation", "identifier": "rs588765", "lemma": "Mutation@rs588765"}, {"text": "rs2273500", "type": "Mutation", "identifier": "rs2273500", "lemma": "Mutation@rs2273500"}, {"text": "CHRNB4", "type": "Gene", "identifier": "1143", "lemma": "Gene@1143"}, {"text": "non-small cell lung cancer", "type": "Disease", "identifier": "MESH:D002289", "lemma": "Disease@MESH:D002289"}, {"text": "pancreatic cancer", "type": "Disease", "identifier": "MESH:D010190", "lemma": "Disease@MESH:D010190"}, {"text": "rs2736100", "type": "Mutation", "identifier": "rs2736100", "lemma": "Mutation@rs2736100"}, {"text": "glioma", "type": "Disease", "identifier": "MESH:D005910", "lemma": "Disease@MESH:D005910"}, {"text": "rs2735940", "type": "Mutation", "identifier": "rs2735940", "lemma": "Mutation@rs2735940"}, {"text": "bronchial carcinoma", "type": "Disease", "identifier": "MESH:D002283", "lemma": "Disease@MESH:D002283"}, {"text": "lung adenocarcinoma", "type": "Disease", "identifier": "MESH:D000077192", "lemma": "Disease@MESH:D000077192"}, {"text": "peripheral arterial disease", "type": "Disease", "identifier": "MESH:D058729", "lemma": "Disease@MESH:D058729"}, {"text": "TP63", "type": "Gene", "identifier": "8626", "lemma": "Gene@8626"}, {"text": "BRCA2", "type": "Gene", "identifier": "675", "lemma": "Gene@675"}, {"text": "CHEK2", "type": "Gene", "identifier": "11200", "lemma": "Gene@11200"}, {"text": "CHRNA1", "type": "Gene", "identifier": "1134", "lemma": "Gene@1134"}, {"text": "renal cell carcinoma", "type": "Disease", "identifier": "MESH:C538614", "lemma": "Disease@MESH:C538614"}, {"text": "COPD", "type": "Disease", "identifier": "MESH:D029424", "lemma": "Disease@MESH:D029424"}, {"text": "CHRNB3", "type": "Gene", "identifier": "1142", "lemma": "Gene@1142"}, {"text": "CHRNA6", "type": "Gene", "identifier": "8973", "lemma": "Gene@8973"}, {"text": "CYP2A6", "type": "Gene", "identifier": "1548", "lemma": "Gene@1548"}, {"text": "CHRNB2", "type": "Gene", "identifier": "1141", "lemma": "Gene@1141"}, {"text": "CLPTM1L", "type": "Gene", "identifier": "81037", "lemma": "Gene@81037"}]}