{"entities": [{"text": "prostate cancer", "type": "Disease", "identifier": "MESH:D011471", "lemma": "Disease@MESH:D011471"}, {"text": "PPFIBP2", "type": "Gene", "identifier": "8495", "lemma": "Gene@8495"}, {"text": "ESR2", "type": "Gene", "identifier": "2100", "lemma": "Gene@2100"}, {"text": "rs58262369", "type": "Mutation", "identifier": "rs58262369", "lemma": "Mutation@rs58262369"}, {"text": "rs12791447", "type": "Mutation", "identifier": "rs12791447", "lemma": "Mutation@rs12791447"}, {"text": "cancer", "type": "Disease", "identifier": "MESH:D009369", "lemma": "Disease@MESH:D009369"}, {"text": "rs4749884", "type": "Mutation", "identifier": "rs4749884", "lemma": "Mutation@rs4749884"}, {"text": "rs75718479", "type": "Mutation", "identifier": "rs75718479", "lemma": "Mutation@rs75718479"}, {"text": "aggressiveness", "type": "Disease", "identifier": "MESH:D001523", "lemma": "Disease@MESH:D001523"}, {"text": "ESR1", "type": "Gene", "identifier": "2099", "lemma": "Gene@2099"}, {"text": "ESR2", "type": "Gene", "identifier": "25149", "lemma": "Gene@25149"}, {"text": "ESR2", "type": "Gene", "identifier": "13983", "lemma": "Gene@13983"}, {"text": "EWSR1", "type": "Gene", "identifier": "2130", "lemma": "Gene@2130"}, {"text": "FLI1", "type": "Gene", "identifier": "2313", "lemma": "Gene@2313"}, {"text": "prostatic hyperplasia", "type": "Disease", "identifier": "MESH:D011470", "lemma": "Disease@MESH:D011470"}, {"text": "rs1256049", "type": "Mutation", "identifier": "rs1256049", "lemma": "Mutation@rs1256049"}, {"text": "PTPRF-interacting protein, binding protein 2", "type": "Gene", "identifier": "7204", "lemma": "Gene@7204"}, {"text": "CYB5R2", "type": "Gene", "identifier": "51700", "lemma": "Gene@51700"}, {"text": "EIF3F", "type": "Gene", "identifier": "8665", "lemma": "Gene@8665"}, {"text": "NLRP10", "type": "Gene", "identifier": "338322", "lemma": "Gene@338322"}, {"text": "OLFML1", "type": "Gene", "identifier": "283298", "lemma": "Gene@283298"}, {"text": "OVCH2", "type": "Gene", "identifier": "341277", "lemma": "Gene@341277"}, {"text": "NLRP14", "type": "Gene", "identifier": "338323", "lemma": "Gene@338323"}, {"text": "rs7127900", "type": "Mutation", "identifier": "rs7127900", "lemma": "Mutation@rs7127900"}, {"text": "endometrial cancer", "type": "Disease", "identifier": "MESH:D016889", "lemma": "Disease@MESH:D016889"}, {"text": "rs7126629", "type": "Mutation", "identifier": "rs7126629", "lemma": "Mutation@rs7126629"}, {"text": "MAFK", "type": "Gene", "identifier": "7975", "lemma": "Gene@7975"}, {"text": "hemeoxygenase-1 (HO-1", "type": "Gene", "identifier": "3162", "lemma": "Gene@3162"}, {"text": "rs7918885", "type": "Mutation", "identifier": "rs7918885", "lemma": "Mutation@rs7918885"}, {"text": "rhabdomyosarcoma 2-associated transcript", "type": "Gene", "identifier": "196475", "lemma": "Gene@196475"}, {"text": "SOX2", "type": "Gene", "identifier": "6657", "lemma": "Gene@6657"}, {"text": "Rmst", "type": "Gene", "identifier": "110333", "lemma": "Gene@110333"}, {"text": "Osaka-Midosuji Rotary Club", "type": "Disease", "identifier": "MESH:D009759", "lemma": "Disease@MESH:D009759"}, {"text": "Colon and Ovarian Cancer", "type": "Disease", "identifier": "MESH:D010051", "lemma": "Disease@MESH:D010051"}, {"text": "hypersensitivity,", "type": "Disease", "identifier": "MESH:D004342", "lemma": "Disease@MESH:D004342"}, {"text": "Nat", "type": "Gene", "identifier": "6046", "lemma": "Gene@6046"}, {"text": "carcinogenesis of the prostate", "type": "Disease", "identifier": "MESH:D063646", "lemma": "Disease@MESH:D063646"}, {"text": "rs9340799", "type": "Mutation", "identifier": "rs9340799", "lemma": "Mutation@rs9340799"}, {"text": "Bach1", "type": "Gene", "identifier": "571", "lemma": "Gene@571"}, {"text": "mesencephalic floor plate", "type": "Disease", "identifier": "MESH:D020295", "lemma": "Disease@MESH:D020295"}, {"text": "HOXB13", "type": "Gene", "identifier": "10481", "lemma": "Gene@10481"}]}