{"entities": [{"text": "Alzheimer's disease", "type": "Disease", "identifier": "MESH:D000544", "lemma": "Disease@MESH:D000544"}, {"text": "CCDC85C", "type": "Gene", "identifier": "317762", "lemma": "Gene@317762"}, {"text": "NARS2", "type": "Gene", "identifier": "79731", "lemma": "Gene@79731"}, {"text": "APOE*4", "type": "Gene", "identifier": "348", "lemma": "Gene@348"}, {"text": "BIN1", "type": "Gene", "identifier": "274", "lemma": "Gene@274"}, {"text": "INPP5D", "type": "Gene", "identifier": "3635", "lemma": "Gene@3635"}, {"text": "MEF2C", "type": "Gene", "identifier": "4208", "lemma": "Gene@4208"}, {"text": "CD2AP", "type": "Gene", "identifier": "23607", "lemma": "Gene@23607"}, {"text": "HLA-DRB1", "type": "Gene", "identifier": "3123", "lemma": "Gene@3123"}, {"text": "HLA-DRB5", "type": "Gene", "identifier": "3127", "lemma": "Gene@3127"}, {"text": "TREM2", "type": "Gene", "identifier": "54209", "lemma": "Gene@54209"}, {"text": "EPHA1", "type": "Gene", "identifier": "2041", "lemma": "Gene@2041"}, {"text": "NME8", "type": "Gene", "identifier": "51314", "lemma": "Gene@51314"}, {"text": "ZCWPW1", "type": "Gene", "identifier": "55063", "lemma": "Gene@55063"}, {"text": "CLU", "type": "Gene", "identifier": "1191", "lemma": "Gene@1191"}, {"text": "PTK2B", "type": "Gene", "identifier": "2185", "lemma": "Gene@2185"}, {"text": "CELF1", "type": "Gene", "identifier": "10658", "lemma": "Gene@10658"}, {"text": "MS4A6A", "type": "Gene", "identifier": "64231", "lemma": "Gene@64231"}, {"text": "MS4A4E", "type": "Gene", "identifier": "643680", "lemma": "Gene@643680"}, {"text": "PICALM", "type": "Gene", "identifier": "8301", "lemma": "Gene@8301"}, {"text": "SORL1", "type": "Gene", "identifier": "6653", "lemma": "Gene@6653"}, {"text": "FERMT2", "type": "Gene", "identifier": "10979", "lemma": "Gene@10979"}, {"text": "SLC24A4", "type": "Gene", "identifier": "123041", "lemma": "Gene@123041"}, {"text": "RIN3", "type": "Gene", "identifier": "79890", "lemma": "Gene@79890"}, {"text": "DSG2", "type": "Gene", "identifier": "1829", "lemma": "Gene@1829"}, {"text": "ABCA7", "type": "Gene", "identifier": "10347", "lemma": "Gene@10347"}, {"text": "TRIP4", "type": "Gene", "identifier": "9325", "lemma": "Gene@9325"}, {"text": "TP53INP1", "type": "Gene", "identifier": "94241", "lemma": "Gene@94241"}, {"text": "IGHV1-67", "type": "Gene", "identifier": "28463", "lemma": "Gene@28463"}, {"text": "CASS4", "type": "Gene", "identifier": "57091", "lemma": "Gene@57091"}, {"text": "multifactorial neurodegenerative disease", "type": "Disease", "identifier": "MESH:D019636", "lemma": "Disease@MESH:D019636"}, {"text": "dementia", "type": "Disease", "identifier": "MESH:D003704", "lemma": "Disease@MESH:D003704"}, {"text": "ARP", "type": "Gene", "identifier": "167", "lemma": "Gene@167"}, {"text": "psychiatric", "type": "Disease", "identifier": "MESH:D001523", "lemma": "Disease@MESH:D001523"}, {"text": "MAF<1", "type": "Gene", "identifier": "84232", "lemma": "Gene@84232"}, {"text": "rs429358", "type": "Mutation", "identifier": "rs429358", "lemma": "Mutation@rs429358"}, {"text": "rs7412", "type": "Mutation", "identifier": "rs7412", "lemma": "Mutation@rs7412"}, {"text": "death", "type": "Disease", "identifier": "MESH:D003643", "lemma": "Disease@MESH:D003643"}, {"text": "psychosis", "type": "Disease", "identifier": "MESH:D011605", "lemma": "Disease@MESH:D011605"}, {"text": "diabetes", "type": "Disease", "identifier": "MESH:D003920", "lemma": "Disease@MESH:D003920"}, {"text": "heart disease", "type": "Disease", "identifier": "MESH:D006331", "lemma": "Disease@MESH:D006331"}, {"text": "depression", "type": "Disease", "identifier": "MESH:D000275", "lemma": "Disease@MESH:D000275"}, {"text": "rs12476995", "type": "Mutation", "identifier": "rs12476995", "lemma": "Mutation@rs12476995"}, {"text": "rs3792117", "type": "Mutation", "identifier": "rs3792117", "lemma": "Mutation@rs3792117"}, {"text": "rs7160605", "type": "Mutation", "identifier": "rs7160605", "lemma": "Mutation@rs7160605"}, {"text": "rs1163552", "type": "Mutation", "identifier": "rs1163552", "lemma": "Mutation@rs1163552"}, {"text": "rs9392025", "type": "Mutation", "identifier": "rs9392025", "lemma": "Mutation@rs9392025"}, {"text": "rs2426622", "type": "Mutation", "identifier": "rs2426622", "lemma": "Mutation@rs2426622"}, {"text": "IL19", "type": "Gene", "identifier": "29949", "lemma": "Gene@29949"}, {"text": "NCKAP5", "type": "Gene", "identifier": "344148", "lemma": "Gene@344148"}, {"text": "PKNOX2", "type": "Gene", "identifier": "63876", "lemma": "Gene@63876"}, {"text": "SDR9C7", "type": "Gene", "identifier": "121214", "lemma": "Gene@121214"}, {"text": "ALDH4A1", "type": "Gene", "identifier": "8659", "lemma": "Gene@8659"}, {"text": "rs2243170", "type": "Mutation", "identifier": "rs2243170", "lemma": "Mutation@rs2243170"}, {"text": "rs7588354", "type": "Mutation", "identifier": "rs7588354", "lemma": "Mutation@rs7588354"}, {"text": "rs2400749", "type": "Mutation", "identifier": "rs2400749", "lemma": "Mutation@rs2400749"}, {"text": "rs4474465", "type": "Mutation", "identifier": "rs4474465", "lemma": "Mutation@rs4474465"}, {"text": "rs11601321", "type": "Mutation", "identifier": "rs11601321", "lemma": "Mutation@rs11601321"}, {"text": "rs840163", "type": "Mutation", "identifier": "rs840163", "lemma": "Mutation@rs840163"}, {"text": "rs6695033", "type": "Mutation", "identifier": "rs6695033", "lemma": "Mutation@rs6695033"}, {"text": "ANLN", "type": "Gene", "identifier": "54443", "lemma": "Gene@54443"}, {"text": "rs2392436", "type": "Mutation", "identifier": "rs2392436", "lemma": "Mutation@rs2392436"}, {"text": "IL10", "type": "Gene", "identifier": "3586", "lemma": "Gene@3586"}, {"text": "GAB2", "type": "Gene", "identifier": "9846", "lemma": "Gene@9846"}, {"text": "vascular dementias", "type": "Disease", "identifier": "MESH:D015140", "lemma": "Disease@MESH:D015140"}, {"text": "MS4A4", "type": "Gene", "identifier": "83661", "lemma": "Gene@83661"}, {"text": "MS4A6E", "type": "Gene", "identifier": "245802", "lemma": "Gene@245802"}, {"text": "cholinesterase", "type": "Gene", "identifier": "590", "lemma": "Gene@590"}, {"text": "-1082G/A", "type": "Mutation", "identifier": "rs1800896", "lemma": "Mutation@rs1800896"}, {"text": "Ccdc85c", "type": "Gene", "identifier": "668158", "lemma": "Gene@668158"}, {"text": "hemorrhagic hydrocephalus", "type": "Disease", "identifier": "MESH:D006849", "lemma": "Disease@MESH:D006849"}, {"text": "Hypertension", "type": "Disease", "identifier": "MESH:D006973", "lemma": "Disease@MESH:D006973"}, {"text": "MAF", "type": "Gene", "identifier": "4094", "lemma": "Gene@4094"}, {"text": "CHR", "type": "Disease", "identifier": "MESH:D015211", "lemma": "Disease@MESH:D015211"}, {"text": "MAF              HR              P              SNPs", "type": "Disease", "identifier": "MESH:C000656865", "lemma": "Disease@MESH:C000656865"}, {"text": "rs11951031", "type": "Mutation", "identifier": "rs11951031", "lemma": "Mutation@rs11951031"}, {"text": "rs3818866", "type": "Mutation", "identifier": "rs3818866", "lemma": "Mutation@rs3818866"}, {"text": "rs12202176", "type": "Mutation", "identifier": "rs12202176", "lemma": "Mutation@rs12202176"}, {"text": "rs17171184", "type": "Mutation", "identifier": "rs17171184", "lemma": "Mutation@rs17171184"}, {"text": "rs5015756", "type": "Mutation", "identifier": "rs5015756", "lemma": "Mutation@rs5015756"}, {"text": "rs12680584", "type": "Mutation", "identifier": "rs12680584", "lemma": "Mutation@rs12680584"}, {"text": "rs7833348", "type": "Mutation", "identifier": "rs7833348", "lemma": "Mutation@rs7833348"}, {"text": "rs524678", "type": "Mutation", "identifier": "rs524678", "lemma": "Mutation@rs524678"}, {"text": "rs4752845", "type": "Mutation", "identifier": "rs4752845", "lemma": "Mutation@rs4752845"}, {"text": "rs668134", "type": "Mutation", "identifier": "rs668134", "lemma": "Mutation@rs668134"}, {"text": "rs610932", "type": "Mutation", "identifier": "rs610932", "lemma": "Mutation@rs610932"}, {"text": "rs10501605", "type": "Mutation", "identifier": "rs10501605", "lemma": "Mutation@rs10501605"}, {"text": "rs1784933", "type": "Mutation", "identifier": "rs1784933", "lemma": "Mutation@rs1784933"}, {"text": "rs11157934", "type": "Mutation", "identifier": "rs11157934", "lemma": "Mutation@rs11157934"}, {"text": "rs222842", "type": "Mutation", "identifier": "rs222842", "lemma": "Mutation@rs222842"}, {"text": "rs11635527", "type": "Mutation", "identifier": "rs11635527", "lemma": "Mutation@rs11635527"}, {"text": "rs7239805", "type": "Mutation", "identifier": "rs7239805", "lemma": "Mutation@rs7239805"}, {"text": "rs2242436", "type": "Mutation", "identifier": "rs2242436", "lemma": "Mutation@rs2242436"}, {"text": "rs3865444", "type": "Mutation", "identifier": "rs3865444", "lemma": "Mutation@rs3865444"}]}