{"entities": [{"text": "hypertension", "type": "Disease", "identifier": "MESH:D006973", "lemma": "Disease@MESH:D006973"}, {"text": "tumour", "type": "Disease", "identifier": "MESH:D009369", "lemma": "Disease@MESH:D009369"}, {"text": "adjuvant breast cancer", "type": "Disease", "identifier": "MESH:D001943", "lemma": "Disease@MESH:D001943"}, {"text": "toxicity", "type": "Disease", "identifier": "MESH:D064420", "lemma": "Disease@MESH:D064420"}, {"text": "SV2C", "type": "Gene", "identifier": "22987", "lemma": "Gene@22987"}, {"text": "rs6453204", "type": "Mutation", "identifier": "rs6453204", "lemma": "Mutation@rs6453204"}, {"text": "vascular endothelial growth factor", "type": "Gene", "identifier": "7422", "lemma": "Gene@7422"}, {"text": "cervical cancer", "type": "Disease", "identifier": "MESH:D002583", "lemma": "Disease@MESH:D002583"}, {"text": "colon cancer", "type": "Disease", "identifier": "MESH:D015179", "lemma": "Disease@MESH:D015179"}, {"text": "lung cancer", "type": "Disease", "identifier": "MESH:D008175", "lemma": "Disease@MESH:D008175"}, {"text": "renal-cell cancer", "type": "Disease", "identifier": "MESH:C538614", "lemma": "Disease@MESH:C538614"}, {"text": "glioblastoma multiforme", "type": "Disease", "identifier": "MESH:D005909", "lemma": "Disease@MESH:D005909"}, {"text": "obesity", "type": "Disease", "identifier": "MESH:D009765", "lemma": "Disease@MESH:D009765"}, {"text": "Synaptic vesicle protein 2", "type": "Gene", "identifier": "9900", "lemma": "Gene@9900"}, {"text": "SV2B", "type": "Gene", "identifier": "9899", "lemma": "Gene@9899"}, {"text": "venous thromboembolism", "type": "Disease", "identifier": "MESH:D054556", "lemma": "Disease@MESH:D054556"}, {"text": "adrenocortical", "type": "Disease", "identifier": "MESH:D018268", "lemma": "Disease@MESH:D018268"}, {"text": "Parkinson's disease", "type": "Disease", "identifier": "MESH:D010300", "lemma": "Disease@MESH:D010300"}, {"text": "essential hypertension", "type": "Disease", "identifier": "MESH:D000075222", "lemma": "Disease@MESH:D000075222"}, {"text": "rs1570360", "type": "Mutation", "identifier": "rs1570360", "lemma": "Mutation@rs1570360"}, {"text": "rs2010963", "type": "Mutation", "identifier": "rs2010963", "lemma": "Mutation@rs2010963"}, {"text": "MLS", "type": "Disease", "identifier": "MESH:C537466", "lemma": "Disease@MESH:C537466"}, {"text": "sensory peripheral neuropathy", "type": "Disease", "identifier": "MESH:D000699", "lemma": "Disease@MESH:D000699"}, {"text": "epidermal growth factor receptor 2", "type": "Gene", "identifier": "2064", "lemma": "Gene@2064"}, {"text": "VEGFR2", "type": "Gene", "identifier": "3791", "lemma": "Gene@3791"}, {"text": "metastatic renal cell carcinoma", "type": "Disease", "identifier": "MESH:C538445", "lemma": "Disease@MESH:C538445"}, {"text": "renal cancer", "type": "Disease", "identifier": "MESH:D007680", "lemma": "Disease@MESH:D007680"}]}