{"entities": [{"text": "prostate cancer", "type": "Disease", "identifier": "MESH:D011471", "lemma": "Disease@MESH:D011471"}, {"text": "cancer", "type": "Disease", "identifier": "MESH:D009369", "lemma": "Disease@MESH:D009369"}, {"text": "AAPC", "type": "Disease", "identifier": "MESH:D011125", "lemma": "Disease@MESH:D011125"}, {"text": "PSA", "type": "Gene", "identifier": "354", "lemma": "Gene@354"}, {"text": "death", "type": "Disease", "identifier": "MESH:D003643", "lemma": "Disease@MESH:D003643"}, {"text": "aggressive disease", "type": "Disease", "identifier": "MESH:D001523", "lemma": "Disease@MESH:D001523"}, {"text": "MAF", "type": "Gene", "identifier": "4094", "lemma": "Gene@4094"}, {"text": "rs17694493", "type": "Mutation", "identifier": "rs17694493", "lemma": "Mutation@rs17694493"}, {"text": "rs4844289", "type": "Mutation", "identifier": "rs4844289", "lemma": "Mutation@rs4844289"}, {"text": "rs9623117", "type": "Mutation", "identifier": "rs9623117", "lemma": "Mutation@rs9623117"}, {"text": "rs17599629", "type": "Mutation", "identifier": "rs17599629", "lemma": "Mutation@rs17599629"}, {"text": "rs80130819", "type": "Mutation", "identifier": "rs80130819", "lemma": "Mutation@rs80130819"}, {"text": "rs58133635", "type": "Mutation", "identifier": "rs58133635", "lemma": "Mutation@rs58133635"}, {"text": "rs115306967", "type": "Mutation", "identifier": "rs115306967", "lemma": "Mutation@rs115306967"}, {"text": "rs76939039", "type": "Mutation", "identifier": "rs76939039", "lemma": "Mutation@rs76939039"}, {"text": "rs4713266", "type": "Mutation", "identifier": "rs4713266", "lemma": "Mutation@rs4713266"}, {"text": "rs6625711", "type": "Mutation", "identifier": "rs6625711", "lemma": "Mutation@rs6625711"}, {"text": "rs10009409", "type": "Mutation", "identifier": "rs10009409", "lemma": "Mutation@rs10009409"}, {"text": "rs636291", "type": "Mutation", "identifier": "rs636291", "lemma": "Mutation@rs636291"}, {"text": "rs9287719", "type": "Mutation", "identifier": "rs9287719", "lemma": "Mutation@rs9287719"}, {"text": "rs7153648", "type": "Mutation", "identifier": "rs7153648", "lemma": "Mutation@rs7153648"}, {"text": "MARVELD3", "type": "Gene", "identifier": "91862", "lemma": "Gene@91862"}, {"text": "rs2238776", "type": "Mutation", "identifier": "rs2238776", "lemma": "Mutation@rs2238776"}, {"text": "rs12051443", "type": "Mutation", "identifier": "rs12051443", "lemma": "Mutation@rs12051443"}, {"text": "serine protease", "type": "Gene", "identifier": "2147", "lemma": "Gene@2147"}, {"text": "TMPRSS2", "type": "Gene", "identifier": "7113", "lemma": "Gene@7113"}, {"text": "ERG", "type": "Gene", "identifier": "2078", "lemma": "Gene@2078"}, {"text": "ETV1", "type": "Gene", "identifier": "2115", "lemma": "Gene@2115"}, {"text": "rs1041449", "type": "Mutation", "identifier": "rs1041449", "lemma": "Mutation@rs1041449"}, {"text": "CDKN2B-AS1", "type": "Gene", "identifier": "100048912", "lemma": "Gene@100048912"}, {"text": "CDKN2B", "type": "Gene", "identifier": "1030", "lemma": "Gene@1030"}, {"text": "CDKN2A", "type": "Gene", "identifier": "1029", "lemma": "Gene@1029"}, {"text": "STAT1", "type": "Gene", "identifier": "6772", "lemma": "Gene@6772"}, {"text": "RUNX1", "type": "Gene", "identifier": "861", "lemma": "Gene@861"}, {"text": "glioma", "type": "Disease", "identifier": "MESH:D005910", "lemma": "Disease@MESH:D005910"}, {"text": "basal cell carcinoma", "type": "Disease", "identifier": "MESH:D002280", "lemma": "Disease@MESH:D002280"}, {"text": "familial melanoma", "type": "Disease", "identifier": "OMIM:155600", "lemma": "Disease@OMIM:155600"}, {"text": "breast cancer", "type": "Disease", "identifier": "MESH:D001943", "lemma": "Disease@MESH:D001943"}, {"text": "melanoma", "type": "Disease", "identifier": "MESH:D008545", "lemma": "Disease@MESH:D008545"}, {"text": "lung cancer", "type": "Disease", "identifier": "MESH:D008175", "lemma": "Disease@MESH:D008175"}, {"text": "NEDD9", "type": "Gene", "identifier": "4739", "lemma": "Gene@4739"}, {"text": "MYO6", "type": "Gene", "identifier": "4646", "lemma": "Gene@4646"}, {"text": "PEX14", "type": "Gene", "identifier": "5195", "lemma": "Gene@5195"}, {"text": "rs616488", "type": "Mutation", "identifier": "rs616488", "lemma": "Mutation@rs616488"}, {"text": "rs9443189", "type": "Mutation", "identifier": "rs9443189", "lemma": "Mutation@rs9443189"}, {"text": "CAPS 1 and 2", "type": "Gene", "identifier": "8618;84698", "lemma": "Gene@8618;84698"}, {"text": "CTCF", "type": "Gene", "identifier": "10664", "lemma": "Gene@10664"}, {"text": "TCF7L2", "type": "Gene", "identifier": "6934", "lemma": "Gene@6934"}, {"text": "FoxA1", "type": "Gene", "identifier": "3169", "lemma": "Gene@3169"}, {"text": "Androgen Receptor", "type": "Gene", "identifier": "367", "lemma": "Gene@367"}, {"text": "NKX3-1", "type": "Gene", "identifier": "4824", "lemma": "Gene@4824"}, {"text": "DAB2", "type": "Gene", "identifier": "1601", "lemma": "Gene@1601"}, {"text": "RTEL1", "type": "Gene", "identifier": "51750", "lemma": "Gene@51750"}, {"text": "CAS", "type": "Gene", "identifier": "9564", "lemma": "Gene@9564"}, {"text": "VEGF", "type": "Gene", "identifier": "7422", "lemma": "Gene@7422"}, {"text": "GOLPH2", "type": "Gene", "identifier": "51280", "lemma": "Gene@51280"}, {"text": "p21", "type": "Gene", "identifier": "644914", "lemma": "Gene@644914"}, {"text": "GOLPH3L", "type": "Gene", "identifier": "55204", "lemma": "Gene@55204"}, {"text": "NOL10", "type": "Gene", "identifier": "79954", "lemma": "Gene@79954"}, {"text": "COX18", "type": "Gene", "identifier": "285521", "lemma": "Gene@285521"}, {"text": "TRIM31", "type": "Gene", "identifier": "11074", "lemma": "Gene@11074"}, {"text": "TNS3", "type": "Gene", "identifier": "64759", "lemma": "Gene@64759"}, {"text": "MARCH8", "type": "Gene", "identifier": "220972", "lemma": "Gene@220972"}, {"text": "HTR3B", "type": "Gene", "identifier": "9177", "lemma": "Gene@9177"}, {"text": "TTC9", "type": "Gene", "identifier": "23508", "lemma": "Gene@23508"}, {"text": "XAGE3", "type": "Gene", "identifier": "170626", "lemma": "Gene@170626"}, {"text": "NLGN3", "type": "Gene", "identifier": "54413", "lemma": "Gene@54413"}, {"text": "BCYRN1", "type": "Gene", "identifier": "618", "lemma": "Gene@618"}, {"text": "SLC41A1", "type": "Gene", "identifier": "254428", "lemma": "Gene@254428"}, {"text": "SIX1", "type": "Gene", "identifier": "6495", "lemma": "Gene@6495"}, {"text": "PHLPP2", "type": "Gene", "identifier": "23035", "lemma": "Gene@23035"}, {"text": "TBX1", "type": "Gene", "identifier": "6899", "lemma": "Gene@6899"}, {"text": "rs1775148", "type": "Mutation", "identifier": "rs1775148", "lemma": "Mutation@rs1775148"}, {"text": "rs2807031", "type": "Mutation", "identifier": "rs2807031", "lemma": "Mutation@rs2807031"}, {"text": "rs8014671", "type": "Mutation", "identifier": "rs8014671", "lemma": "Mutation@rs8014671"}, {"text": "P RAFa OR P RAFa OR P RAFa OR P RAFa", "type": "Disease", "identifier": "MESH:C000656865", "lemma": "Disease@MESH:C000656865"}, {"text": "rs76934034", "type": "Mutation", "identifier": "rs76934034", "lemma": "Mutation@rs76934034"}, {"text": "rs115457135", "type": "Mutation", "identifier": "rs115457135", "lemma": "Mutation@rs115457135"}, {"text": "rs12480328", "type": "Mutation", "identifier": "rs12480328", "lemma": "Mutation@rs12480328"}, {"text": "rs56232506", "type": "Mutation", "identifier": "rs56232506", "lemma": "Mutation@rs56232506"}, {"text": "rs11214775", "type": "Mutation", "identifier": "rs11214775", "lemma": "Mutation@rs11214775"}]}