{"entities": [{"text": "diabetes", "type": "Disease", "identifier": "MESH:D003920", "lemma": "Disease@MESH:D003920"}, {"text": "lymphoid", "type": "Disease", "identifier": "MESH:D008223", "lemma": "Disease@MESH:D008223"}, {"text": "CD34", "type": "Gene", "identifier": "947", "lemma": "Gene@947"}, {"text": "autoimmune disorders", "type": "Disease", "identifier": "MESH:D001327", "lemma": "Disease@MESH:D001327"}, {"text": "type 1 diabetes", "type": "Disease", "identifier": "MESH:D003922", "lemma": "Disease@MESH:D003922"}, {"text": "ulcerative colitis", "type": "Disease", "identifier": "MESH:D003093", "lemma": "Disease@MESH:D003093"}, {"text": "juvenile idiopathic arthritis", "type": "Disease", "identifier": "MESH:D001171", "lemma": "Disease@MESH:D001171"}, {"text": "insulin", "type": "Gene", "identifier": "3630", "lemma": "Gene@3630"}, {"text": "pancreatic", "type": "Disease", "identifier": "MESH:D010195", "lemma": "Disease@MESH:D010195"}, {"text": "IL7R", "type": "Gene", "identifier": "3575", "lemma": "Gene@3575"}, {"text": "primary biliary cirrhosis", "type": "Disease", "identifier": "MESH:D008105", "lemma": "Disease@MESH:D008105"}, {"text": "rs1052553", "type": "Mutation", "identifier": "rs1052553", "lemma": "Mutation@rs1052553"}, {"text": "rs2611215", "type": "Mutation", "identifier": "rs2611215", "lemma": "Mutation@rs2611215"}, {"text": "rs4849135", "type": "Mutation", "identifier": "rs4849135", "lemma": "Mutation@rs4849135"}, {"text": "rs11954020", "type": "Mutation", "identifier": "rs11954020", "lemma": "Mutation@rs11954020"}, {"text": "rs6691977", "type": "Mutation", "identifier": "rs6691977", "lemma": "Mutation@rs6691977"}, {"text": "MS", "type": "Disease", "identifier": "MESH:D009103", "lemma": "Disease@MESH:D009103"}, {"text": "INS-IGF2", "type": "Gene", "identifier": "723961;3481", "lemma": "Gene@723961;3481"}, {"text": "INS", "type": "Gene", "identifier": "723961", "lemma": "Gene@723961"}, {"text": "rs689", "type": "Mutation", "identifier": "rs689", "lemma": "Mutation@rs689"}, {"text": "rs3842753", "type": "Mutation", "identifier": "rs3842753", "lemma": "Mutation@rs3842753"}, {"text": "+1140A>C", "type": "Mutation", "identifier": "c.+1140A>C", "lemma": "Mutation@c.+1140A>C"}, {"text": "rs72853903", "type": "Mutation", "identifier": "rs72853903", "lemma": "Mutation@rs72853903"}, {"text": "PTPN22", "type": "Gene", "identifier": "26191", "lemma": "Gene@26191"}, {"text": "SH2B3", "type": "Gene", "identifier": "10019", "lemma": "Gene@10019"}, {"text": "IL2RA", "type": "Gene", "identifier": "3559", "lemma": "Gene@3559"}, {"text": "Crohn's disease", "type": "Disease", "identifier": "MESH:D003424", "lemma": "Disease@MESH:D003424"}, {"text": "RA", "type": "Disease", "identifier": "MESH:D001172", "lemma": "Disease@MESH:D001172"}, {"text": "rs6920220", "type": "Mutation", "identifier": "rs6920220", "lemma": "Mutation@rs6920220"}, {"text": "rs17264332", "type": "Mutation", "identifier": "rs17264332", "lemma": "Mutation@rs17264332"}, {"text": "rs17564829", "type": "Mutation", "identifier": "rs17564829", "lemma": "Mutation@rs17564829"}, {"text": "rs911263", "type": "Mutation", "identifier": "rs911263", "lemma": "Mutation@rs911263"}, {"text": "TNFAIP3", "type": "Gene", "identifier": "7128", "lemma": "Gene@7128"}, {"text": "tumour necrosis factor", "type": "Gene", "identifier": "7124", "lemma": "Gene@7124"}, {"text": "RAD51B", "type": "Gene", "identifier": "5890", "lemma": "Gene@5890"}, {"text": "ZFP36L1", "type": "Gene", "identifier": "677", "lemma": "Gene@677"}, {"text": "ACTN1", "type": "Gene", "identifier": "87", "lemma": "Gene@87"}, {"text": "CAMSAP2", "type": "Gene", "identifier": "23271", "lemma": "Gene@23271"}, {"text": "GPR25", "type": "Gene", "identifier": "2848", "lemma": "Gene@2848"}, {"text": "C1orf106", "type": "Gene", "identifier": "55765", "lemma": "Gene@55765"}, {"text": "ACOXL", "type": "Gene", "identifier": "55289", "lemma": "Gene@55289"}, {"text": "LINC01179", "type": "Gene", "identifier": "101928151", "lemma": "Gene@101928151"}, {"text": "CPE", "type": "Gene", "identifier": "1363", "lemma": "Gene@1363"}, {"text": "TLL1", "type": "Gene", "identifier": "7092", "lemma": "Gene@7092"}, {"text": "SPPL2C", "type": "Gene", "identifier": "162540", "lemma": "Gene@162540"}, {"text": "neuroendocrine system", "type": "Disease", "identifier": "MESH:D018358", "lemma": "Disease@MESH:D018358"}, {"text": "MAPT", "type": "Gene", "identifier": "4137", "lemma": "Gene@4137"}, {"text": "NSF", "type": "Gene", "identifier": "4905", "lemma": "Gene@4905"}, {"text": "KANSL1", "type": "Gene", "identifier": "284058", "lemma": "Gene@284058"}, {"text": "ARHGAP27", "type": "Gene", "identifier": "201176", "lemma": "Gene@201176"}, {"text": "Parkinson's disease", "type": "Disease", "identifier": "MESH:D010300", "lemma": "Disease@MESH:D010300"}, {"text": "neurodegenerative diseases", "type": "Disease", "identifier": "MESH:D019636", "lemma": "Disease@MESH:D019636"}, {"text": "pancreatic islet enhancers", "type": "Disease", "identifier": "MESH:C535838", "lemma": "Disease@MESH:C535838"}, {"text": "IFIH1", "type": "Gene", "identifier": "64135", "lemma": "Gene@64135"}, {"text": "CTSH", "type": "Gene", "identifier": "1512", "lemma": "Gene@1512"}, {"text": "TYK2", "type": "Gene", "identifier": "7297", "lemma": "Gene@7297"}, {"text": "FUT2", "type": "Gene", "identifier": "2524", "lemma": "Gene@2524"}, {"text": "UBASH3A", "type": "Gene", "identifier": "53347", "lemma": "Gene@53347"}, {"text": "IL10", "type": "Gene", "identifier": "3586", "lemma": "Gene@3586"}, {"text": "IL19", "type": "Gene", "identifier": "29949", "lemma": "Gene@29949"}, {"text": "AFF3", "type": "Gene", "identifier": "3899", "lemma": "Gene@3899"}, {"text": "BCAR1", "type": "Gene", "identifier": "9564", "lemma": "Gene@9564"}, {"text": "NBS", "type": "Gene", "identifier": "4683", "lemma": "Gene@4683"}, {"text": "psoriasis", "type": "Disease", "identifier": "MESH:D011565", "lemma": "Disease@MESH:D011565"}, {"text": "IgA deficiency", "type": "Disease", "identifier": "MESH:D017098", "lemma": "Disease@MESH:D017098"}, {"text": "ankylosing spondylitis", "type": "Disease", "identifier": "MESH:D013167", "lemma": "Disease@MESH:D013167"}, {"text": "autoimmune thyroid disease", "type": "Disease", "identifier": "MESH:D013967", "lemma": "Disease@MESH:D013967"}, {"text": "systemic lupus erythematosus, type 1 diabetes", "type": "Disease", "identifier": "MESH:D008180", "lemma": "Disease@MESH:D008180"}, {"text": "HD", "type": "Disease", "identifier": "MESH:D006816", "lemma": "Disease@MESH:D006816"}, {"text": "Cryptic", "type": "Gene", "identifier": "55997", "lemma": "Gene@55997"}, {"text": "inflated type I error", "type": "Disease", "identifier": "MESH:D005776", "lemma": "Disease@MESH:D005776"}, {"text": "IBS", "type": "Disease", "identifier": "MESH:D043183", "lemma": "Disease@MESH:D043183"}, {"text": "SD", "type": "Disease", "identifier": "MESH:D029461", "lemma": "Disease@MESH:D029461"}, {"text": "rs61839660", "type": "Mutation", "identifier": "rs61839660", "lemma": "Mutation@rs61839660"}, {"text": "rs10795791", "type": "Mutation", "identifier": "rs10795791", "lemma": "Mutation@rs10795791"}, {"text": "p<10-4", "type": "Gene", "identifier": "4820", "lemma": "Gene@4820"}, {"text": "phi1", "type": "Gene", "identifier": "26472", "lemma": "Gene@26472"}, {"text": "PP2", "type": "Gene", "identifier": "4888", "lemma": "Gene@4888"}, {"text": "LAG3", "type": "Gene", "identifier": "3902", "lemma": "Gene@3902"}, {"text": "sclerosis", "type": "Disease", "identifier": "MESH:D012598", "lemma": "Disease@MESH:D012598"}, {"text": "inflammatory bowel disease", "type": "Disease", "identifier": "MESH:D015212", "lemma": "Disease@MESH:D015212"}, {"text": "DEXI", "type": "Gene", "identifier": "28955", "lemma": "Gene@28955"}, {"text": "breast cancer", "type": "Disease", "identifier": "MESH:D001943", "lemma": "Disease@MESH:D001943"}, {"text": "atherosclerosis", "type": "Disease", "identifier": "MESH:D050197", "lemma": "Disease@MESH:D050197"}, {"text": "Sjogren's syndrome", "type": "Disease", "identifier": "MESH:D012859", "lemma": "Disease@MESH:D012859"}, {"text": "CEL- Celiac disease", "type": "Disease", "identifier": "MESH:D002446", "lemma": "Disease@MESH:D002446"}, {"text": "Colitis", "type": "Disease", "identifier": "MESH:D003092", "lemma": "Disease@MESH:D003092"}, {"text": "focal disease", "type": "Disease", "identifier": "MESH:D005490", "lemma": "Disease@MESH:D005490"}, {"text": "PSC- Primary Sclerosing Cholangitis PSO - Psoriasis", "type": "Disease", "identifier": "MESH:D015209", "lemma": "Disease@MESH:D015209"}, {"text": "RNLS", "type": "Gene", "identifier": "55328", "lemma": "Gene@55328"}, {"text": "CTLA4", "type": "Gene", "identifier": "1493", "lemma": "Gene@1493"}, {"text": "IL2", "type": "Gene", "identifier": "3558", "lemma": "Gene@3558"}, {"text": "IL21", "type": "Gene", "identifier": "59067", "lemma": "Gene@59067"}, {"text": "IKZF1", "type": "Gene", "identifier": "10320", "lemma": "Gene@10320"}, {"text": "IKZF4", "type": "Gene", "identifier": "64375", "lemma": "Gene@64375"}, {"text": "RASGRP1", "type": "Gene", "identifier": "10125", "lemma": "Gene@10125"}, {"text": "IKZF3", "type": "Gene", "identifier": "22806", "lemma": "Gene@22806"}, {"text": "ORMDL3", "type": "Gene", "identifier": "94103", "lemma": "Gene@94103"}, {"text": "GSDMB", "type": "Gene", "identifier": "55876", "lemma": "Gene@55876"}, {"text": "PTPN2", "type": "Gene", "identifier": "5771", "lemma": "Gene@5771"}, {"text": "ICOSLG", "type": "Gene", "identifier": "23308", "lemma": "Gene@23308"}, {"text": "C1QTNF6", "type": "Gene", "identifier": "114904", "lemma": "Gene@114904"}, {"text": "RAC2", "type": "Gene", "identifier": "5880", "lemma": "Gene@5880"}, {"text": "IL27", "type": "Gene", "identifier": "246778", "lemma": "Gene@246778"}, {"text": "CD69", "type": "Gene", "identifier": "969", "lemma": "Gene@969"}, {"text": "rs12927355", "type": "Mutation", "identifier": "rs12927355", "lemma": "Mutation@rs12927355"}, {"text": "rs1538171", "type": "Mutation", "identifier": "rs1538171", "lemma": "Mutation@rs1538171"}, {"text": "rs597325", "type": "Mutation", "identifier": "rs597325", "lemma": "Mutation@rs597325"}, {"text": "rs1893217", "type": "Mutation", "identifier": "rs1893217", "lemma": "Mutation@rs1893217"}, {"text": "rs7202877", "type": "Mutation", "identifier": "rs7202877", "lemma": "Mutation@rs7202877"}, {"text": "rs2290400", "type": "Mutation", "identifier": "rs2290400", "lemma": "Mutation@rs2290400"}, {"text": "rs3825932", "type": "Mutation", "identifier": "rs3825932", "lemma": "Mutation@rs3825932"}, {"text": "rs7090530", "type": "Mutation", "identifier": "rs7090530", "lemma": "Mutation@rs7090530"}, {"text": "rs12251307", "type": "Mutation", "identifier": "rs12251307", "lemma": "Mutation@rs12251307"}, {"text": "rs62447205", "type": "Mutation", "identifier": "rs62447205", "lemma": "Mutation@rs62447205"}, {"text": "rs56994090", "type": "Mutation", "identifier": "rs56994090", "lemma": "Mutation@rs56994090"}, {"text": "rs653178", "type": "Mutation", "identifier": "rs653178", "lemma": "Mutation@rs653178"}, {"text": "rs72928038", "type": "Mutation", "identifier": "rs72928038", "lemma": "Mutation@rs72928038"}, {"text": "rs333", "type": "Mutation", "identifier": "rs333", "lemma": "Mutation@rs333"}, {"text": "rs113010081", "type": "Mutation", "identifier": "rs113010081", "lemma": "Mutation@rs113010081"}, {"text": "rs425105", "type": "Mutation", "identifier": "rs425105", "lemma": "Mutation@rs425105"}, {"text": "rs9924471", "type": "Mutation", "identifier": "rs9924471", "lemma": "Mutation@rs9924471"}, {"text": "rs2476601", "type": "Mutation", "identifier": "rs2476601", "lemma": "Mutation@rs2476601"}, {"text": "rs34593439", "type": "Mutation", "identifier": "rs34593439", "lemma": "Mutation@rs34593439"}, {"text": "rs10492166", "type": "Mutation", "identifier": "rs10492166", "lemma": "Mutation@rs10492166"}, {"text": "rs7111341", "type": "Mutation", "identifier": "rs7111341", "lemma": "Mutation@rs7111341"}, {"text": "rs6476839", "type": "Mutation", "identifier": "rs6476839", "lemma": "Mutation@rs6476839"}, {"text": "rs229541", "type": "Mutation", "identifier": "rs229541", "lemma": "Mutation@rs229541"}, {"text": "rs11755527", "type": "Mutation", "identifier": "rs11755527", "lemma": "Mutation@rs11755527"}, {"text": "rs229526", "type": "Mutation", "identifier": "rs229526", "lemma": "Mutation@rs229526"}, {"text": "rs3024505", "type": "Mutation", "identifier": "rs3024505", "lemma": "Mutation@rs3024505"}, {"text": "rs35667974", "type": "Mutation", "identifier": "rs35667974", "lemma": "Mutation@rs35667974"}, {"text": "rs4820830", "type": "Mutation", "identifier": "rs4820830", "lemma": "Mutation@rs4820830"}, {"text": "rs8056814", "type": "Mutation", "identifier": "rs8056814", "lemma": "Mutation@rs8056814"}, {"text": "rs41295121", "type": "Mutation", "identifier": "rs41295121", "lemma": "Mutation@rs41295121"}, {"text": "rs941576", "type": "Mutation", "identifier": "rs941576", "lemma": "Mutation@rs941576"}, {"text": "rs11571316", "type": "Mutation", "identifier": "rs11571316", "lemma": "Mutation@rs11571316"}, {"text": "rs1615504", "type": "Mutation", "identifier": "rs1615504", "lemma": "Mutation@rs1615504"}, {"text": "rs10758593", "type": "Mutation", "identifier": "rs10758593", "lemma": "Mutation@rs10758593"}, {"text": "rs4788084", "type": "Mutation", "identifier": "rs4788084", "lemma": "Mutation@rs4788084"}, {"text": "rs12148472", "type": "Mutation", "identifier": "rs12148472", "lemma": "Mutation@rs12148472"}, {"text": "rs705704", "type": "Mutation", "identifier": "rs705704", "lemma": "Mutation@rs705704"}, {"text": "rs1990760", "type": "Mutation", "identifier": "rs1990760", "lemma": "Mutation@rs1990760"}, {"text": "rs12416116", "type": "Mutation", "identifier": "rs12416116", "lemma": "Mutation@rs12416116"}, {"text": "rs4948088", "type": "Mutation", "identifier": "rs4948088", "lemma": "Mutation@rs4948088"}, {"text": "rs4505848", "type": "Mutation", "identifier": "rs4505848", "lemma": "Mutation@rs4505848"}, {"text": "rs1456988", "type": "Mutation", "identifier": "rs1456988", "lemma": "Mutation@rs1456988"}, {"text": "rs7221109", "type": "Mutation", "identifier": "rs7221109", "lemma": "Mutation@rs7221109"}, {"text": "rs9585056", "type": "Mutation", "identifier": "rs9585056", "lemma": "Mutation@rs9585056"}, {"text": "rs6518350", "type": "Mutation", "identifier": "rs6518350", "lemma": "Mutation@rs6518350"}, {"text": "rs12971201", "type": "Mutation", "identifier": "rs12971201", "lemma": "Mutation@rs12971201"}, {"text": "rs151234", "type": "Mutation", "identifier": "rs151234", "lemma": "Mutation@rs151234"}, {"text": "rs601338", "type": "Mutation", "identifier": "rs601338", "lemma": "Mutation@rs601338"}, {"text": "rs3087243", "type": "Mutation", "identifier": "rs3087243", "lemma": "Mutation@rs3087243"}, {"text": "rs4900384", "type": "Mutation", "identifier": "rs4900384", "lemma": "Mutation@rs4900384"}, {"text": "rs2304256", "type": "Mutation", "identifier": "rs2304256", "lemma": "Mutation@rs2304256"}, {"text": "rs72727394", "type": "Mutation", "identifier": "rs72727394", "lemma": "Mutation@rs72727394"}, {"text": "rs75793288", "type": "Mutation", "identifier": "rs75793288", "lemma": "Mutation@rs75793288"}, {"text": "rs34536443", "type": "Mutation", "identifier": "rs34536443", "lemma": "Mutation@rs34536443"}, {"text": "rs12708716", "type": "Mutation", "identifier": "rs12708716", "lemma": "Mutation@rs12708716"}, {"text": "rs11203202", "type": "Mutation", "identifier": "rs11203202", "lemma": "Mutation@rs11203202"}, {"text": "rs10509540", "type": "Mutation", "identifier": "rs10509540", "lemma": "Mutation@rs10509540"}, {"text": "rs10277986", "type": "Mutation", "identifier": "rs10277986", "lemma": "Mutation@rs10277986"}, {"text": "rs7020673", "type": "Mutation", "identifier": "rs7020673", "lemma": "Mutation@rs7020673"}, {"text": "rs757411", "type": "Mutation", "identifier": "rs757411", "lemma": "Mutation@rs757411"}, {"text": "rs11203203", "type": "Mutation", "identifier": "rs11203203", "lemma": "Mutation@rs11203203"}, {"text": "rs6827756", "type": "Mutation", "identifier": "rs6827756", "lemma": "Mutation@rs6827756"}, {"text": "rs193778", "type": "Mutation", "identifier": "rs193778", "lemma": "Mutation@rs193778"}, {"text": "rs6043409", "type": "Mutation", "identifier": "rs6043409", "lemma": "Mutation@rs6043409"}, {"text": "rs12928822", "type": "Mutation", "identifier": "rs12928822", "lemma": "Mutation@rs12928822"}, {"text": "rs72871627", "type": "Mutation", "identifier": "rs72871627", "lemma": "Mutation@rs72871627"}, {"text": "rs9388489", "type": "Mutation", "identifier": "rs9388489", "lemma": "Mutation@rs9388489"}, {"text": "rs917911", "type": "Mutation", "identifier": "rs917911", "lemma": "Mutation@rs917911"}, {"text": "rs705705", "type": "Mutation", "identifier": "rs705705", "lemma": "Mutation@rs705705"}, {"text": "rs5753037", "type": "Mutation", "identifier": "rs5753037", "lemma": "Mutation@rs5753037"}, {"text": "rs2111485", "type": "Mutation", "identifier": "rs2111485", "lemma": "Mutation@rs2111485"}, {"text": "rs13415583", "type": "Mutation", "identifier": "rs13415583", "lemma": "Mutation@rs13415583"}, {"text": "rs763361", "type": "Mutation", "identifier": "rs763361", "lemma": "Mutation@rs763361"}, {"text": "rs2292239", "type": "Mutation", "identifier": "rs2292239", "lemma": "Mutation@rs2292239"}, {"text": "rs12720356", "type": "Mutation", "identifier": "rs12720356", "lemma": "Mutation@rs12720356"}, {"text": "rs3184504", "type": "Mutation", "identifier": "rs3184504", "lemma": "Mutation@rs3184504"}, {"text": "rs3024493", "type": "Mutation", "identifier": "rs3024493", "lemma": "Mutation@rs3024493"}, {"text": "rs9375435", "type": "Mutation", "identifier": "rs9375435", "lemma": "Mutation@rs9375435"}, {"text": "rs229533", "type": "Mutation", "identifier": "rs229533", "lemma": "Mutation@rs229533"}, {"text": "rs12908309", "type": "Mutation", "identifier": "rs12908309", "lemma": "Mutation@rs12908309"}, {"text": "rs10231420", "type": "Mutation", "identifier": "rs10231420", "lemma": "Mutation@rs10231420"}, {"text": "rs4763879", "type": "Mutation", "identifier": "rs4763879", "lemma": "Mutation@rs4763879"}, {"text": "rs10272724", "type": "Mutation", "identifier": "rs10272724", "lemma": "Mutation@rs10272724"}, {"text": "rs402072", "type": "Mutation", "identifier": "rs402072", "lemma": "Mutation@rs402072"}, {"text": "rs6740838", "type": "Mutation", "identifier": "rs6740838", "lemma": "Mutation@rs6740838"}, {"text": "rs2281808", "type": "Mutation", "identifier": "rs2281808", "lemma": "Mutation@rs2281808"}, {"text": "rs12453507", "type": "Mutation", "identifier": "rs12453507", "lemma": "Mutation@rs12453507"}, {"text": "rs516246", "type": "Mutation", "identifier": "rs516246", "lemma": "Mutation@rs516246"}, {"text": "rs9653442", "type": "Mutation", "identifier": "rs9653442", "lemma": "Mutation@rs9653442"}, {"text": "cholangitis", "type": "Disease", "identifier": "MESH:D002761", "lemma": "Disease@MESH:D002761"}, {"text": "narcolepsy", "type": "Disease", "identifier": "MESH:D009290", "lemma": "Disease@MESH:D009290"}]}