{"entities": [{"text": "BRCA1", "type": "Gene", "identifier": "672", "lemma": "Gene@672"}, {"text": "Breast Cancer", "type": "Disease", "identifier": "MESH:D001943", "lemma": "Disease@MESH:D001943"}, {"text": "BRCA1/2", "type": "Gene", "identifier": "672;675", "lemma": "Gene@672;675"}, {"text": "ductal carcinoma", "type": "Disease", "identifier": "MESH:D044584", "lemma": "Disease@MESH:D044584"}, {"text": "FGFR2", "type": "Gene", "identifier": "2263", "lemma": "Gene@2263"}, {"text": "ESR1", "type": "Gene", "identifier": "2099", "lemma": "Gene@2099"}, {"text": "TOX3", "type": "Gene", "identifier": "27324", "lemma": "Gene@27324"}, {"text": "rs11075884", "type": "Mutation", "identifier": "rs11075884", "lemma": "Mutation@rs11075884"}, {"text": "rs2046210", "type": "Mutation", "identifier": "rs2046210", "lemma": "Mutation@rs2046210"}, {"text": "rs13387042", "type": "Mutation", "identifier": "rs13387042", "lemma": "Mutation@rs13387042"}, {"text": "rs3112612", "type": "Mutation", "identifier": "rs3112612", "lemma": "Mutation@rs3112612"}, {"text": "rs17663555", "type": "Mutation", "identifier": "rs17663555", "lemma": "Mutation@rs17663555"}, {"text": "rs566164", "type": "Mutation", "identifier": "rs566164", "lemma": "Mutation@rs566164"}, {"text": "cancer deaths", "type": "Disease", "identifier": "MESH:D003643", "lemma": "Disease@MESH:D003643"}, {"text": "malignancy", "type": "Disease", "identifier": "MESH:D009369", "lemma": "Disease@MESH:D009369"}, {"text": "BRCA2", "type": "Gene", "identifier": "675", "lemma": "Gene@675"}, {"text": "p53", "type": "Gene", "identifier": "7157", "lemma": "Gene@7157"}, {"text": "PTEN", "type": "Gene", "identifier": "5728", "lemma": "Gene@5728"}, {"text": "CHEK2", "type": "Gene", "identifier": "11200", "lemma": "Gene@11200"}, {"text": "ATM", "type": "Gene", "identifier": "472", "lemma": "Gene@472"}, {"text": "HRAS1", "type": "Gene", "identifier": "8045", "lemma": "Gene@8045"}, {"text": "BRIP1", "type": "Gene", "identifier": "83990", "lemma": "Gene@83990"}, {"text": "PALB2", "type": "Gene", "identifier": "79728", "lemma": "Gene@79728"}, {"text": "MAP3K1", "type": "Gene", "identifier": "4214", "lemma": "Gene@4214"}, {"text": "LSP1", "type": "Gene", "identifier": "4046", "lemma": "Gene@4046"}, {"text": "CASP8", "type": "Gene", "identifier": "841", "lemma": "Gene@841"}, {"text": "SLC4A7", "type": "Gene", "identifier": "9497", "lemma": "Gene@9497"}, {"text": "NEK10", "type": "Gene", "identifier": "152110", "lemma": "Gene@152110"}, {"text": "COX11", "type": "Gene", "identifier": "1353", "lemma": "Gene@1353"}, {"text": "Crohn disease", "type": "Disease", "identifier": "MESH:D003424", "lemma": "Disease@MESH:D003424"}, {"text": "-185delAG", "type": "Mutation", "identifier": "c.-185delAG", "lemma": "Mutation@c.-185delAG"}, {"text": "Memorial-Sloan Kettering Cancer", "type": "Disease", "identifier": "MESH:D008569", "lemma": "Disease@MESH:D008569"}, {"text": "-5382insC", "type": "Mutation", "identifier": "c.-5382insC", "lemma": "Mutation@c.-5382insC"}, {"text": "-6174delT", "type": "Mutation", "identifier": "c.-6174delT", "lemma": "Mutation@c.-6174delT"}, {"text": "rs889312", "type": "Mutation", "identifier": "rs889312", "lemma": "Mutation@rs889312"}, {"text": "rs12906542", "type": "Mutation", "identifier": "rs12906542", "lemma": "Mutation@rs12906542"}, {"text": "rs16882214", "type": "Mutation", "identifier": "rs16882214", "lemma": "Mutation@rs16882214"}, {"text": "rs5965136", "type": "Mutation", "identifier": "rs5965136", "lemma": "Mutation@rs5965136"}, {"text": "rs16956185", "type": "Mutation", "identifier": "rs16956185", "lemma": "Mutation@rs16956185"}, {"text": "A2BP1", "type": "Gene", "identifier": "54715", "lemma": "Gene@54715"}, {"text": "PHKA1", "type": "Gene", "identifier": "5255", "lemma": "Gene@5255"}, {"text": "HDAC8", "type": "Gene", "identifier": "55869", "lemma": "Gene@55869"}, {"text": "ECHDC1", "type": "Gene", "identifier": "55862", "lemma": "Gene@55862"}, {"text": "RNF146", "type": "Gene", "identifier": "81847", "lemma": "Gene@81847"}, {"text": "rs1078806", "type": "Mutation", "identifier": "rs1078806", "lemma": "Mutation@rs1078806"}, {"text": "rs3012642", "type": "Mutation", "identifier": "rs3012642", "lemma": "Mutation@rs3012642"}, {"text": "rs7203563", "type": "Mutation", "identifier": "rs7203563", "lemma": "Mutation@rs7203563"}, {"text": "rs2981579", "type": "Mutation", "identifier": "rs2981579", "lemma": "Mutation@rs2981579"}, {"text": "rs2420946", "type": "Mutation", "identifier": "rs2420946", "lemma": "Mutation@rs2420946"}, {"text": "rs11200014", "type": "Mutation", "identifier": "rs11200014", "lemma": "Mutation@rs11200014"}, {"text": "rs1219648", "type": "Mutation", "identifier": "rs1219648", "lemma": "Mutation@rs1219648"}, {"text": "rs2981582", "type": "Mutation", "identifier": "rs2981582", "lemma": "Mutation@rs2981582"}, {"text": "MAF", "type": "Gene", "identifier": "4094", "lemma": "Gene@4094"}, {"text": "Parkinson disease", "type": "Disease", "identifier": "MESH:D010300", "lemma": "Disease@MESH:D010300"}, {"text": "schizophrenia", "type": "Disease", "identifier": "MESH:D012559", "lemma": "Disease@MESH:D012559"}, {"text": "bipolar disorder", "type": "Disease", "identifier": "MESH:D001714", "lemma": "Disease@MESH:D001714"}, {"text": "chondrosarcomas", "type": "Disease", "identifier": "MESH:D002813", "lemma": "Disease@MESH:D002813"}, {"text": "bladder and hereditary prostate cancer", "type": "Disease", "identifier": "MESH:D001749", "lemma": "Disease@MESH:D001749"}, {"text": "lung cancer", "type": "Disease", "identifier": "MESH:D008175", "lemma": "Disease@MESH:D008175"}, {"text": "colorectal cancer", "type": "Disease", "identifier": "MESH:D015179", "lemma": "Disease@MESH:D015179"}, {"text": "ovarian tumors", "type": "Disease", "identifier": "MESH:D010051", "lemma": "Disease@MESH:D010051"}, {"text": "hereditary prostate cancer", "type": "Disease", "identifier": "MESH:C537243", "lemma": "Disease@MESH:C537243"}, {"text": "asynchronous metastasis", "type": "Disease", "identifier": "MESH:D009362", "lemma": "Disease@MESH:D009362"}, {"text": "BRCA2-interacting protein", "type": "Gene", "identifier": "54967", "lemma": "Gene@54967"}, {"text": "DGCR2", "type": "Gene", "identifier": "9993", "lemma": "Gene@9993"}, {"text": "RAD51L1", "type": "Gene", "identifier": "5890", "lemma": "Gene@5890"}, {"text": "MAFA", "type": "Gene", "identifier": "389692", "lemma": "Gene@389692"}, {"text": "rs4784227", "type": "Mutation", "identifier": "rs4784227", "lemma": "Mutation@rs4784227"}, {"text": "rs3803662", "type": "Mutation", "identifier": "rs3803662", "lemma": "Mutation@rs3803662"}]}