{"entities": [{"text": "diabetes", "type": "Disease", "identifier": "MESH:D003920", "lemma": "Disease@MESH:D003920"}, {"text": "CCDC85A", "type": "Gene", "identifier": "114800", "lemma": "Gene@114800"}, {"text": "FAM60A", "type": "Gene", "identifier": "58516", "lemma": "Gene@58516"}, {"text": "DMRTA1", "type": "Gene", "identifier": "63951", "lemma": "Gene@63951"}, {"text": "ASB3", "type": "Gene", "identifier": "51130", "lemma": "Gene@51130"}, {"text": "ATP8B2", "type": "Gene", "identifier": "57198", "lemma": "Gene@57198"}, {"text": "INAFM2", "type": "Gene", "identifier": "100505573", "lemma": "Gene@100505573"}, {"text": "MIR4686", "type": "Gene", "identifier": "100616126", "lemma": "Gene@100616126"}, {"text": "rs67839313", "type": "Mutation", "identifier": "rs67839313", "lemma": "Mutation@rs67839313"}, {"text": "rs67156297", "type": "Mutation", "identifier": "rs67156297", "lemma": "Mutation@rs67156297"}, {"text": "rs9309245", "type": "Mutation", "identifier": "rs9309245", "lemma": "Mutation@rs9309245"}, {"text": "rs1575972", "type": "Mutation", "identifier": "rs1575972", "lemma": "Mutation@rs1575972"}, {"text": "rs147538848", "type": "Mutation", "identifier": "rs147538848", "lemma": "Mutation@rs147538848"}, {"text": "rs1116357", "type": "Mutation", "identifier": "rs1116357", "lemma": "Mutation@rs1116357"}, {"text": "type 2 diabetes", "type": "Disease", "identifier": "MESH:D003924", "lemma": "Disease@MESH:D003924"}, {"text": "rs7107784", "type": "Mutation", "identifier": "rs7107784", "lemma": "Mutation@rs7107784"}, {"text": "KCNQ1", "type": "Gene", "identifier": "3784", "lemma": "Gene@3784"}, {"text": "UBE2E2", "type": "Gene", "identifier": "7325", "lemma": "Gene@7325"}, {"text": "C2CD4A", "type": "Gene", "identifier": "145741", "lemma": "Gene@145741"}, {"text": "C2CD4B", "type": "Gene", "identifier": "388125", "lemma": "Gene@388125"}, {"text": "ANK1", "type": "Gene", "identifier": "286", "lemma": "Gene@286"}, {"text": "LEP", "type": "Gene", "identifier": "3952", "lemma": "Gene@3952"}, {"text": "GPSM1", "type": "Gene", "identifier": "26086", "lemma": "Gene@26086"}, {"text": "SLC16A11", "type": "Gene", "identifier": "162515", "lemma": "Gene@162515"}, {"text": "SLC16A13", "type": "Gene", "identifier": "201232", "lemma": "Gene@201232"}, {"text": "set-1", "type": "Gene", "identifier": "9739", "lemma": "Gene@9739"}, {"text": "set-2", "type": "Gene", "identifier": "29072", "lemma": "Gene@29072"}, {"text": "rs2237896", "type": "Mutation", "identifier": "rs2237896", "lemma": "Mutation@rs2237896"}, {"text": "CDKN2A/B", "type": "Gene", "identifier": "1029;1030", "lemma": "Gene@1029;1030"}, {"text": "rs2237897", "type": "Mutation", "identifier": "rs2237897", "lemma": "Mutation@rs2237897"}, {"text": "rs10811661", "type": "Mutation", "identifier": "rs10811661", "lemma": "Mutation@rs10811661"}, {"text": "insulin", "type": "Gene", "identifier": "3630", "lemma": "Gene@3630"}, {"text": "rs7111341", "type": "Mutation", "identifier": "rs7111341", "lemma": "Mutation@rs7111341"}, {"text": "rs11791293", "type": "Mutation", "identifier": "rs11791293", "lemma": "Mutation@rs11791293"}, {"text": "obese", "type": "Disease", "identifier": "MESH:D009765", "lemma": "Disease@MESH:D009765"}, {"text": "ADCY5", "type": "Gene", "identifier": "111", "lemma": "Gene@111"}, {"text": "HNF1A", "type": "Gene", "identifier": "6927", "lemma": "Gene@6927"}, {"text": "PRC1", "type": "Gene", "identifier": "9055", "lemma": "Gene@9055"}, {"text": "EXOC6", "type": "Gene", "identifier": "54536", "lemma": "Gene@54536"}, {"text": "IDE", "type": "Gene", "identifier": "3416", "lemma": "Gene@3416"}, {"text": "HHEX", "type": "Gene", "identifier": "3087", "lemma": "Gene@3087"}, {"text": "rs7957197", "type": "Mutation", "identifier": "rs7957197", "lemma": "Mutation@rs7957197"}, {"text": "rs78627331", "type": "Mutation", "identifier": "rs78627331", "lemma": "Mutation@rs78627331"}, {"text": "rs1111875", "type": "Mutation", "identifier": "rs1111875", "lemma": "Mutation@rs1111875"}, {"text": "rs79223353", "type": "Mutation", "identifier": "rs79223353", "lemma": "Mutation@rs79223353"}, {"text": "rs12427353", "type": "Mutation", "identifier": "rs12427353", "lemma": "Mutation@rs12427353"}, {"text": "rs8042680", "type": "Mutation", "identifier": "rs8042680", "lemma": "Mutation@rs8042680"}, {"text": "rs34773007", "type": "Mutation", "identifier": "rs34773007", "lemma": "Mutation@rs34773007"}, {"text": "rs79548680", "type": "Mutation", "identifier": "rs79548680", "lemma": "Mutation@rs79548680"}, {"text": "rs11717195", "type": "Mutation", "identifier": "rs11717195", "lemma": "Mutation@rs11717195"}, {"text": "rs55783344", "type": "Mutation", "identifier": "rs55783344", "lemma": "Mutation@rs55783344"}, {"text": "rs11708067", "type": "Mutation", "identifier": "rs11708067", "lemma": "Mutation@rs11708067"}, {"text": "eQTL", "type": "Gene", "identifier": "67753", "lemma": "Gene@67753"}, {"text": "PPARG", "type": "Gene", "identifier": "5468", "lemma": "Gene@5468"}, {"text": "KCNJ11", "type": "Gene", "identifier": "3767", "lemma": "Gene@3767"}, {"text": "ABCC8", "type": "Gene", "identifier": "6833", "lemma": "Gene@6833"}, {"text": "GCK", "type": "Gene", "identifier": "2645", "lemma": "Gene@2645"}, {"text": "KIF11", "type": "Gene", "identifier": "3832", "lemma": "Gene@3832"}, {"text": "GSK3B", "type": "Gene", "identifier": "2932", "lemma": "Gene@2932"}, {"text": "NOTCH1", "type": "Gene", "identifier": "4851", "lemma": "Gene@4851"}, {"text": "NOTCH2", "type": "Gene", "identifier": "4853", "lemma": "Gene@4853"}, {"text": "CCND2", "type": "Gene", "identifier": "894", "lemma": "Gene@894"}, {"text": "FBXW7", "type": "Gene", "identifier": "55294", "lemma": "Gene@55294"}, {"text": "Sin3", "type": "Gene", "identifier": "25942", "lemma": "Gene@25942"}, {"text": "HDAC1", "type": "Gene", "identifier": "3065", "lemma": "Gene@3065"}, {"text": "HDAC1", "type": "Gene", "identifier": "297893", "lemma": "Gene@297893"}, {"text": "PDX1", "type": "Gene", "identifier": "29535", "lemma": "Gene@29535"}, {"text": "pancreas", "type": "Disease", "identifier": "MESH:D010190", "lemma": "Disease@MESH:D010190"}, {"text": "intrauterine growth retardation", "type": "Disease", "identifier": "MESH:D005317", "lemma": "Disease@MESH:D005317"}, {"text": "PLCB2", "type": "Gene", "identifier": "5330", "lemma": "Gene@5330"}, {"text": "DISP2", "type": "Gene", "identifier": "85455", "lemma": "Gene@85455"}, {"text": "beta-2", "type": "Gene", "identifier": "10383", "lemma": "Gene@10383"}, {"text": "insulin secretion", "type": "Disease", "identifier": "MESH:D007333", "lemma": "Disease@MESH:D007333"}, {"text": "glucose homeostasis", "type": "Disease", "identifier": "MESH:D018149", "lemma": "Disease@MESH:D018149"}, {"text": "impaired glucose-stimulated insulin secretion machinery", "type": "Disease", "identifier": "MESH:D044882", "lemma": "Disease@MESH:D044882"}, {"text": "Pax6", "type": "Gene", "identifier": "5080", "lemma": "Gene@5080"}, {"text": "Neurog2", "type": "Gene", "identifier": "63973", "lemma": "Gene@63973"}, {"text": "Neurog3", "type": "Gene", "identifier": "50674", "lemma": "Gene@50674"}, {"text": "insulin secretion in pancreatic", "type": "Disease", "identifier": "MESH:D010195", "lemma": "Disease@MESH:D010195"}, {"text": "IGF-2", "type": "Gene", "identifier": "3481", "lemma": "Gene@3481"}, {"text": "TH", "type": "Gene", "identifier": "7054", "lemma": "Gene@7054"}, {"text": "impairment of insulin", "type": "Disease", "identifier": "MESH:D009422", "lemma": "Disease@MESH:D009422"}, {"text": "embryonic growth", "type": "Disease", "identifier": "MESH:D006130", "lemma": "Disease@MESH:D006130"}, {"text": "type-1 diabetes", "type": "Disease", "identifier": "MESH:D003922", "lemma": "Disease@MESH:D003922"}, {"text": "rs1004446", "type": "Mutation", "identifier": "rs1004446", "lemma": "Mutation@rs1004446"}, {"text": "atp10a", "type": "Gene", "identifier": "11982", "lemma": "Gene@11982"}, {"text": "Glut4", "type": "Gene", "identifier": "20528", "lemma": "Gene@20528"}, {"text": "cancer", "type": "Disease", "identifier": "MESH:D009369", "lemma": "Disease@MESH:D009369"}, {"text": "Gsk3b", "type": "Gene", "identifier": "56637", "lemma": "Gene@56637"}, {"text": "proto-oncogene c-Jun", "type": "Gene", "identifier": "3725", "lemma": "Gene@3725"}, {"text": "JNK", "type": "Gene", "identifier": "5599", "lemma": "Gene@5599"}, {"text": "rheumatoid arthritis", "type": "Disease", "identifier": "MESH:D001172", "lemma": "Disease@MESH:D001172"}, {"text": "cerebral aneurysm", "type": "Disease", "identifier": "MESH:D002532", "lemma": "Disease@MESH:D002532"}, {"text": "Osaka-Midosuji Rotary Club", "type": "Disease", "identifier": "MESH:D009759", "lemma": "Disease@MESH:D009759"}, {"text": "chronic pulmonary emphysema", "type": "Disease", "identifier": "MESH:D011656", "lemma": "Disease@MESH:D011656"}, {"text": "glaucoma", "type": "Disease", "identifier": "MESH:D005901", "lemma": "Disease@MESH:D005901"}, {"text": "endometrial cancer", "type": "Disease", "identifier": "MESH:D016889", "lemma": "Disease@MESH:D016889"}, {"text": "Hiranuma Clinic", "type": "Disease", "identifier": "MESH:D013568", "lemma": "Disease@MESH:D013568"}, {"text": "liver dysfunction", "type": "Disease", "identifier": "MESH:D017093", "lemma": "Disease@MESH:D017093"}, {"text": "TBC1D4", "type": "Gene", "identifier": "9882", "lemma": "Gene@9882"}, {"text": "Pancreatic islet", "type": "Disease", "identifier": "MESH:C535838", "lemma": "Disease@MESH:C535838"}, {"text": "KIAA0350", "type": "Gene", "identifier": "23274", "lemma": "Gene@23274"}, {"text": "CAMK1D", "type": "Gene", "identifier": "57118", "lemma": "Gene@57118"}, {"text": "CDKAL1", "type": "Gene", "identifier": "54901", "lemma": "Gene@54901"}, {"text": "ischaemic heart disease", "type": "Disease", "identifier": "MESH:D003324", "lemma": "Disease@MESH:D003324"}, {"text": "RAF", "type": "Gene", "identifier": "22882", "lemma": "Gene@22882"}, {"text": "Phet", "type": "Gene", "identifier": "9043", "lemma": "Gene@9043"}, {"text": "SAS", "type": "Gene", "identifier": "54187", "lemma": "Gene@54187"}]}