{"entities": [{"text": "MMP9", "type": "Gene", "identifier": "4318", "lemma": "Gene@4318"}, {"text": "CFH", "type": "Gene", "identifier": "3075", "lemma": "Gene@3075"}, {"text": "CFI", "type": "Gene", "identifier": "3426", "lemma": "Gene@3426"}, {"text": "TIMP3", "type": "Gene", "identifier": "7078", "lemma": "Gene@7078"}, {"text": "SLC16A8", "type": "Gene", "identifier": "23539", "lemma": "Gene@23539"}, {"text": "dry AMD", "type": "Disease", "identifier": "MESH:D006009", "lemma": "Disease@MESH:D006009"}, {"text": "blindness", "type": "Disease", "identifier": "MESH:D001766", "lemma": "Disease@MESH:D001766"}, {"text": "retinal pigment epithelium", "type": "Disease", "identifier": "MESH:C536309", "lemma": "Disease@MESH:C536309"}, {"text": "atrophy", "type": "Disease", "identifier": "MESH:D001284", "lemma": "Disease@MESH:D001284"}, {"text": "neurodegenerative disease", "type": "Disease", "identifier": "MESH:D019636", "lemma": "Disease@MESH:D019636"}, {"text": "vision loss", "type": "Disease", "identifier": "MESH:D014786", "lemma": "Disease@MESH:D014786"}, {"text": "ABCA4", "type": "Gene", "identifier": "24", "lemma": "Gene@24"}, {"text": "retinal dystrophies", "type": "Disease", "identifier": "MESH:D058499", "lemma": "Disease@MESH:D058499"}, {"text": "COL4A3", "type": "Gene", "identifier": "1285", "lemma": "Gene@1285"}, {"text": "MMP19", "type": "Gene", "identifier": "4327", "lemma": "Gene@4327"}, {"text": "ABCA1", "type": "Gene", "identifier": "19", "lemma": "Gene@19"}, {"text": "PILRB", "type": "Gene", "identifier": "29990", "lemma": "Gene@29990"}, {"text": "rs148553336", "type": "Mutation", "identifier": "rs148553336", "lemma": "Mutation@rs148553336"}, {"text": "rs35292876", "type": "Mutation", "identifier": "rs35292876", "lemma": "Mutation@rs35292876"}, {"text": "rs191281603", "type": "Mutation", "identifier": "rs191281603", "lemma": "Mutation@rs191281603"}, {"text": "MC4R", "type": "Gene", "identifier": "4160", "lemma": "Gene@4160"}, {"text": "POMC", "type": "Gene", "identifier": "5443", "lemma": "Gene@5443"}, {"text": "UMOD", "type": "Gene", "identifier": "7369", "lemma": "Gene@7369"}, {"text": "Sorsby's fundus dystrophy", "type": "Disease", "identifier": "MESH:C564992", "lemma": "Disease@MESH:C564992"}, {"text": "obesity", "type": "Disease", "identifier": "MESH:D009765", "lemma": "Disease@MESH:D009765"}, {"text": "Stargardt disease", "type": "Disease", "identifier": "MESH:D000080362", "lemma": "Disease@MESH:D000080362"}, {"text": "CAF", "type": "Gene", "identifier": "8850", "lemma": "Gene@8850"}, {"text": "rs8135665", "type": "Mutation", "identifier": "rs8135665", "lemma": "Mutation@rs8135665"}, {"text": "rs77968014", "type": "Mutation", "identifier": "rs77968014", "lemma": "Mutation@rs77968014"}, {"text": "COL4A4", "type": "Gene", "identifier": "1286", "lemma": "Gene@1286"}, {"text": "VTN", "type": "Gene", "identifier": "7448", "lemma": "Gene@7448"}, {"text": "GPX4", "type": "Gene", "identifier": "2879", "lemma": "Gene@2879"}, {"text": "PTPN11", "type": "Gene", "identifier": "5781", "lemma": "Gene@5781"}, {"text": "retinol dehydrogenase", "type": "Gene", "identifier": "8630", "lemma": "Gene@8630"}, {"text": "RDH5", "type": "Gene", "identifier": "5959", "lemma": "Gene@5959"}, {"text": "CFB", "type": "Gene", "identifier": "629", "lemma": "Gene@629"}, {"text": "APOE", "type": "Gene", "identifier": "348", "lemma": "Gene@348"}, {"text": "developmental monogenic disorder", "type": "Disease", "identifier": "MESH:D002658", "lemma": "Disease@MESH:D002658"}, {"text": "ARMS2", "type": "Gene", "identifier": "387715", "lemma": "Gene@387715"}, {"text": "HTRA1", "type": "Gene", "identifier": "5654", "lemma": "Gene@5654"}, {"text": "CETP", "type": "Gene", "identifier": "1071", "lemma": "Gene@1071"}, {"text": "SYN3", "type": "Gene", "identifier": "8224", "lemma": "Gene@8224"}, {"text": "VEGF", "type": "Gene", "identifier": "7422", "lemma": "Gene@7422"}, {"text": "neovascular disease fits", "type": "Disease", "identifier": "MESH:D015861", "lemma": "Disease@MESH:D015861"}, {"text": "rs42450006", "type": "Mutation", "identifier": "rs42450006", "lemma": "Mutation@rs42450006"}, {"text": "MMP19", "type": "Gene", "identifier": "58223", "lemma": "Gene@58223"}, {"text": "SLC16A8", "type": "Gene", "identifier": "57274", "lemma": "Gene@57274"}, {"text": "PILRB", "type": "Gene", "identifier": "170741", "lemma": "Gene@170741"}, {"text": "MMP9", "type": "Gene", "identifier": "17395", "lemma": "Gene@17395"}, {"text": "COL4A3", "type": "Gene", "identifier": "12828", "lemma": "Gene@12828"}, {"text": "PTPN11", "type": "Gene", "identifier": "19247", "lemma": "Gene@19247"}, {"text": "GPX4", "type": "Gene", "identifier": "625249", "lemma": "Gene@625249"}, {"text": "RDH5", "type": "Gene", "identifier": "19682", "lemma": "Gene@19682"}, {"text": "ABCA1", "type": "Gene", "identifier": "11303", "lemma": "Gene@11303"}, {"text": "VTN", "type": "Gene", "identifier": "22370", "lemma": "Gene@22370"}, {"text": "MAF", "type": "Gene", "identifier": "4094", "lemma": "Gene@4094"}, {"text": "I 1000G/H", "type": "Mutation", "identifier": "p.I1000G,H", "lemma": "Mutation@p.I1000G,H"}, {"text": "CAF >= 1%", "type": "Gene", "identifier": "10036", "lemma": "Gene@10036"}, {"text": "increase or decrease disease", "type": "Disease", "identifier": "MESH:D012021", "lemma": "Disease@MESH:D012021"}, {"text": "MAF < 1", "type": "Gene", "identifier": "84232", "lemma": "Gene@84232"}, {"text": "C2/CFI", "type": "Disease", "identifier": "OMIM:217000", "lemma": "Disease@OMIM:217000"}, {"text": "macular degeneration and disease", "type": "Disease", "identifier": "MESH:D008268", "lemma": "Disease@MESH:D008268"}, {"text": "Cancer", "type": "Disease", "identifier": "MESH:D009369", "lemma": "Disease@MESH:D009369"}, {"text": "ALDH1A2", "type": "Gene", "identifier": "8854", "lemma": "Gene@8854"}, {"text": "osteoarthritis", "type": "Disease", "identifier": "MESH:D010003", "lemma": "Disease@MESH:D010003"}, {"text": "LGR4", "type": "Gene", "identifier": "55366", "lemma": "Gene@55366"}, {"text": "inflammatory bowel disease", "type": "Disease", "identifier": "MESH:D015212", "lemma": "Disease@MESH:D015212"}, {"text": "SLC30A8", "type": "Gene", "identifier": "169026", "lemma": "Gene@169026"}, {"text": "diabetes", "type": "Disease", "identifier": "MESH:D003920", "lemma": "Disease@MESH:D003920"}, {"text": "phospholipase D3", "type": "Gene", "identifier": "23646", "lemma": "Gene@23646"}, {"text": "Alzheimer's disease", "type": "Disease", "identifier": "MESH:D000544", "lemma": "Disease@MESH:D000544"}, {"text": "LDLR", "type": "Gene", "identifier": "3949", "lemma": "Gene@3949"}, {"text": "APOA5", "type": "Gene", "identifier": "116519", "lemma": "Gene@116519"}, {"text": "myocardial infarction", "type": "Disease", "identifier": "MESH:D009203", "lemma": "Disease@MESH:D009203"}, {"text": "insulin", "type": "Gene", "identifier": "3630", "lemma": "Gene@3630"}, {"text": "IFIH1", "type": "Gene", "identifier": "64135", "lemma": "Gene@64135"}, {"text": "fundus dystrophy", "type": "Disease", "identifier": "MESH:C535828", "lemma": "Disease@MESH:C535828"}, {"text": "chronic kidney disease", "type": "Disease", "identifier": "MESH:D051436", "lemma": "Disease@MESH:D051436"}, {"text": "hypertriglyceridemia", "type": "Disease", "identifier": "MESH:D015228", "lemma": "Disease@MESH:D015228"}, {"text": "cataract", "type": "Disease", "identifier": "MESH:D002386", "lemma": "Disease@MESH:D002386"}, {"text": "Allergy", "type": "Disease", "identifier": "MESH:D004342", "lemma": "Disease@MESH:D004342"}, {"text": "Bias reduction", "type": "Disease", "identifier": "MESH:D015431", "lemma": "Disease@MESH:D015431"}, {"text": "Cain", "type": "Gene", "identifier": "8021", "lemma": "Gene@8021"}, {"text": "Ken", "type": "Gene", "identifier": "5116", "lemma": "Gene@5116"}, {"text": "Thomas Langmann", "type": "Disease", "identifier": "MESH:C536514", "lemma": "Disease@MESH:C536514"}, {"text": "Cornelia M. van Duijn, Claudia N. von Strachwitz", "type": "Disease", "identifier": "MESH:C566367", "lemma": "Disease@MESH:C566367"}, {"text": "Evangelia E", "type": "Disease", "identifier": "MESH:D016751", "lemma": "Disease@MESH:D016751"}, {"text": "Igl", "type": "Gene", "identifier": "3535", "lemma": "Gene@3535"}, {"text": "Valentina Cipriani, Jessica N", "type": "Disease", "identifier": "MESH:C536108", "lemma": "Disease@MESH:C536108"}, {"text": "SGS", "type": "Disease", "identifier": "MESH:C537328", "lemma": "Disease@MESH:C537328"}, {"text": "rs5817082", "type": "Mutation", "identifier": "rs5817082", "lemma": "Mutation@rs5817082"}, {"text": "rs10033900", "type": "Mutation", "identifier": "rs10033900", "lemma": "Mutation@rs10033900"}, {"text": "rs3138141", "type": "Mutation", "identifier": "rs3138141", "lemma": "Mutation@rs3138141"}, {"text": "rs3750846", "type": "Mutation", "identifier": "rs3750846", "lemma": "Mutation@rs3750846"}, {"text": "rs10781182", "type": "Mutation", "identifier": "rs10781182", "lemma": "Mutation@rs10781182"}, {"text": "rs116503776", "type": "Mutation", "identifier": "rs116503776", "lemma": "Mutation@rs116503776"}, {"text": "rs11080055", "type": "Mutation", "identifier": "rs11080055", "lemma": "Mutation@rs11080055"}, {"text": "rs2043085", "type": "Mutation", "identifier": "rs2043085", "lemma": "Mutation@rs2043085"}, {"text": "rs62247658", "type": "Mutation", "identifier": "rs62247658", "lemma": "Mutation@rs62247658"}, {"text": "rs79037040", "type": "Mutation", "identifier": "rs79037040", "lemma": "Mutation@rs79037040"}, {"text": "rs943080", "type": "Mutation", "identifier": "rs943080", "lemma": "Mutation@rs943080"}, {"text": "rs2230199", "type": "Mutation", "identifier": "rs2230199", "lemma": "Mutation@rs2230199"}, {"text": "rs2740488", "type": "Mutation", "identifier": "rs2740488", "lemma": "Mutation@rs2740488"}, {"text": "rs10922109", "type": "Mutation", "identifier": "rs10922109", "lemma": "Mutation@rs10922109"}, {"text": "rs140647181", "type": "Mutation", "identifier": "rs140647181", "lemma": "Mutation@rs140647181"}, {"text": "rs7803454", "type": "Mutation", "identifier": "rs7803454", "lemma": "Mutation@rs7803454"}, {"text": "rs5754227", "type": "Mutation", "identifier": "rs5754227", "lemma": "Mutation@rs5754227"}, {"text": "rs9564692", "type": "Mutation", "identifier": "rs9564692", "lemma": "Mutation@rs9564692"}, {"text": "rs12357257", "type": "Mutation", "identifier": "rs12357257", "lemma": "Mutation@rs12357257"}, {"text": "rs61941274", "type": "Mutation", "identifier": "rs61941274", "lemma": "Mutation@rs61941274"}, {"text": "rs142450006", "type": "Mutation", "identifier": "rs142450006", "lemma": "Mutation@rs142450006"}, {"text": "rs72802342", "type": "Mutation", "identifier": "rs72802342", "lemma": "Mutation@rs72802342"}, {"text": "rs67538026", "type": "Mutation", "identifier": "rs67538026", "lemma": "Mutation@rs67538026"}, {"text": "rs429358", "type": "Mutation", "identifier": "rs429358", "lemma": "Mutation@rs429358"}, {"text": "rs1626340", "type": "Mutation", "identifier": "rs1626340", "lemma": "Mutation@rs1626340"}, {"text": "rs201459901", "type": "Mutation", "identifier": "rs201459901", "lemma": "Mutation@rs201459901"}, {"text": "rs6565597", "type": "Mutation", "identifier": "rs6565597", "lemma": "Mutation@rs6565597"}, {"text": "rs114092250", "type": "Mutation", "identifier": "rs114092250", "lemma": "Mutation@rs114092250"}, {"text": "rs11884770", "type": "Mutation", "identifier": "rs11884770", "lemma": "Mutation@rs11884770"}, {"text": "rs61985136", "type": "Mutation", "identifier": "rs61985136", "lemma": "Mutation@rs61985136"}, {"text": "rs62358361", "type": "Mutation", "identifier": "rs62358361", "lemma": "Mutation@rs62358361"}, {"text": "rs1142", "type": "Mutation", "identifier": "rs1142", "lemma": "Mutation@rs1142"}, {"text": "rs71507014", "type": "Mutation", "identifier": "rs71507014", "lemma": "Mutation@rs71507014"}]}