{"entities": [{"text": "F-box/LRR-repeat protein 7", "type": "Gene", "identifier": "448987", "lemma": "Gene@448987"}, {"text": "Alzheimer's disease", "type": "Disease", "identifier": "MESH:D000544", "lemma": "Disease@MESH:D000544"}, {"text": "APOE", "type": "Gene", "identifier": "11816", "lemma": "Gene@11816"}, {"text": "rs75002042", "type": "Mutation", "identifier": "rs75002042", "lemma": "Mutation@rs75002042"}, {"text": "inflammation", "type": "Disease", "identifier": "MESH:D007249", "lemma": "Disease@MESH:D007249"}, {"text": "CLU", "type": "Gene", "identifier": "12759", "lemma": "Gene@12759"}, {"text": "PICALM", "type": "Gene", "identifier": "233489", "lemma": "Gene@233489"}, {"text": "CR1", "type": "Gene", "identifier": "12902", "lemma": "Gene@12902"}, {"text": "BIN1", "type": "Gene", "identifier": "30948", "lemma": "Gene@30948"}, {"text": "MS4A4A", "type": "Gene", "identifier": "666907", "lemma": "Gene@666907"}, {"text": "ABCA7", "type": "Gene", "identifier": "27403", "lemma": "Gene@27403"}, {"text": "CD2AP", "type": "Gene", "identifier": "12488", "lemma": "Gene@12488"}, {"text": "EPHA1", "type": "Gene", "identifier": "13835", "lemma": "Gene@13835"}, {"text": "dementia", "type": "Disease", "identifier": "MESH:D003704", "lemma": "Disease@MESH:D003704"}, {"text": "neurodegenerative disorder", "type": "Disease", "identifier": "MESH:D019636", "lemma": "Disease@MESH:D019636"}, {"text": "Washington Heights and Inwood Columbia Aging", "type": "Disease", "identifier": "MESH:D019588", "lemma": "Disease@MESH:D019588"}, {"text": "cognitive impairment or dementia", "type": "Disease", "identifier": "MESH:D003072", "lemma": "Disease@MESH:D003072"}, {"text": "IBD = 1", "type": "Gene", "identifier": "257632", "lemma": "Gene@257632"}, {"text": "APP/Abeta (6E10", "type": "Gene", "identifier": "11820", "lemma": "Gene@11820"}, {"text": "CP27", "type": "Gene", "identifier": "23837", "lemma": "Gene@23837"}, {"text": "ACTB", "type": "Gene", "identifier": "11461", "lemma": "Gene@11461"}, {"text": "SD", "type": "Disease", "identifier": "MESH:D029461", "lemma": "Disease@MESH:D029461"}, {"text": "PC1/2/3", "type": "Gene", "identifier": "17653;111469;18548", "lemma": "Gene@17653;111469;18548"}, {"text": "CACNA2D3", "type": "Gene", "identifier": "12294", "lemma": "Gene@12294"}, {"text": "rs394819", "type": "Mutation", "identifier": "rs394819", "lemma": "Mutation@rs394819"}, {"text": "rs7431992", "type": "Mutation", "identifier": "rs7431992", "lemma": "Mutation@rs7431992"}, {"text": "CHR", "type": "Disease", "identifier": "MESH:D015211", "lemma": "Disease@MESH:D015211"}, {"text": "TOMM40", "type": "Gene", "identifier": "53333", "lemma": "Gene@53333"}, {"text": "CI  P", "type": "Disease", "identifier": "MESH:C000656865", "lemma": "Disease@MESH:C000656865"}, {"text": "FERMT2", "type": "Gene", "identifier": "218952", "lemma": "Gene@218952"}, {"text": "CD33", "type": "Gene", "identifier": "12489", "lemma": "Gene@12489"}, {"text": "CELF1", "type": "Gene", "identifier": "13046", "lemma": "Gene@13046"}, {"text": "SLC24A4", "type": "Gene", "identifier": "238384", "lemma": "Gene@238384"}, {"text": "RIN3", "type": "Gene", "identifier": "217835", "lemma": "Gene@217835"}, {"text": "SLC24A4-RIN3", "type": "Gene", "identifier": "238384;217835", "lemma": "Gene@238384;217835"}, {"text": "FRMD4A", "type": "Gene", "identifier": "209630", "lemma": "Gene@209630"}, {"text": "SORL1", "type": "Gene", "identifier": "20660", "lemma": "Gene@20660"}, {"text": "rs3865444", "type": "Mutation", "identifier": "rs3865444", "lemma": "Mutation@rs3865444"}, {"text": "rs10498633", "type": "Mutation", "identifier": "rs10498633", "lemma": "Mutation@rs10498633"}, {"text": "rs10838725", "type": "Mutation", "identifier": "rs10838725", "lemma": "Mutation@rs10838725"}, {"text": "rs17125944", "type": "Mutation", "identifier": "rs17125944", "lemma": "Mutation@rs17125944"}, {"text": "SMA", "type": "Gene", "identifier": "20589", "lemma": "Gene@20589"}, {"text": "GBA", "type": "Gene", "identifier": "14466", "lemma": "Gene@14466"}, {"text": "rs41479294", "type": "Mutation", "identifier": "rs41479294", "lemma": "Mutation@rs41479294"}, {"text": "rs79267806", "type": "Mutation", "identifier": "rs79267806", "lemma": "Mutation@rs79267806"}, {"text": "rs113637289", "type": "Mutation", "identifier": "rs113637289", "lemma": "Mutation@rs113637289"}, {"text": "Fbxl18", "type": "Gene", "identifier": "231863", "lemma": "Gene@231863"}, {"text": "cancer", "type": "Disease", "identifier": "MESH:D009369", "lemma": "Disease@MESH:D009369"}, {"text": "rs11748700", "type": "Mutation", "identifier": "rs11748700", "lemma": "Mutation@rs11748700"}, {"text": "metabolic syndrome", "type": "Disease", "identifier": "MESH:D008659", "lemma": "Disease@MESH:D008659"}, {"text": "Parkinson Disease", "type": "Disease", "identifier": "MESH:D010300", "lemma": "Disease@MESH:D010300"}, {"text": "neurological disorders", "type": "Disease", "identifier": "MESH:D009422", "lemma": "Disease@MESH:D009422"}, {"text": "FBXL7", "type": "Gene", "identifier": "23194", "lemma": "Gene@23194"}, {"text": "ATP-binding cassette transporter", "type": "Gene", "identifier": "268379", "lemma": "Gene@268379"}, {"text": "ischemic stroke", "type": "Disease", "identifier": "MESH:D002544", "lemma": "Disease@MESH:D002544"}, {"text": "FbxL7", "type": "Gene", "identifier": "41935", "lemma": "Gene@41935"}, {"text": "Fat", "type": "Gene", "identifier": "33627", "lemma": "Gene@33627"}, {"text": "SCF", "type": "Gene", "identifier": "17311", "lemma": "Gene@17311"}, {"text": "Notch1", "type": "Gene", "identifier": "18128", "lemma": "Gene@18128"}, {"text": "F-box and leucine-rich-repeat protein 2", "type": "Gene", "identifier": "25827", "lemma": "Gene@25827"}, {"text": "FBXO7", "type": "Gene", "identifier": "69754", "lemma": "Gene@69754"}, {"text": "parkinsonian-pyramidal syndrome", "type": "Disease", "identifier": "MESH:D010302", "lemma": "Disease@MESH:D010302"}, {"text": "adiponectin", "type": "Gene", "identifier": "11450", "lemma": "Gene@11450"}, {"text": "carcinogenesis", "type": "Disease", "identifier": "MESH:D063646", "lemma": "Disease@MESH:D063646"}]}