{"entities": [{"text": "GCC1", "type": "Gene", "identifier": "79571", "lemma": "Gene@79571"}, {"text": "chronic disease", "type": "Disease", "identifier": "MESH:D002908", "lemma": "Disease@MESH:D002908"}, {"text": "diabetes", "type": "Disease", "identifier": "MESH:D003920", "lemma": "Disease@MESH:D003920"}, {"text": "hypertension", "type": "Disease", "identifier": "MESH:D006973", "lemma": "Disease@MESH:D006973"}, {"text": "rs6978712", "type": "Mutation", "identifier": "rs6978712", "lemma": "Mutation@rs6978712"}, {"text": "openness", "type": "Disease", "identifier": "MESH:D005597", "lemma": "Disease@MESH:D005597"}, {"text": "death", "type": "Disease", "identifier": "MESH:D003643", "lemma": "Disease@MESH:D003643"}, {"text": "delay disease", "type": "Disease", "identifier": "MESH:D006968", "lemma": "Disease@MESH:D006968"}, {"text": "psychotic disorders", "type": "Disease", "identifier": "MESH:D011618", "lemma": "Disease@MESH:D011618"}, {"text": "cognitive disorders", "type": "Disease", "identifier": "MESH:D003072", "lemma": "Disease@MESH:D003072"}, {"text": "dementia", "type": "Disease", "identifier": "MESH:D003704", "lemma": "Disease@MESH:D003704"}, {"text": "cerebrovascular", "type": "Disease", "identifier": "MESH:D002561", "lemma": "Disease@MESH:D002561"}, {"text": "coronary artery disease", "type": "Disease", "identifier": "MESH:D003324", "lemma": "Disease@MESH:D003324"}, {"text": "rs10487488", "type": "Mutation", "identifier": "rs10487488", "lemma": "Mutation@rs10487488"}, {"text": "rs11973012", "type": "Mutation", "identifier": "rs11973012", "lemma": "Mutation@rs11973012"}, {"text": "rs7690819", "type": "Mutation", "identifier": "rs7690819", "lemma": "Mutation@rs7690819"}, {"text": "MAF", "type": "Gene", "identifier": "4094", "lemma": "Gene@4094"}, {"text": "DM", "type": "Disease", "identifier": "MESH:D009223", "lemma": "Disease@MESH:D009223"}, {"text": "Kinh", "type": "Gene", "identifier": "3799", "lemma": "Gene@3799"}, {"text": "SD", "type": "Disease", "identifier": "MESH:D029461", "lemma": "Disease@MESH:D029461"}, {"text": "FHX", "type": "Gene", "identifier": "55810", "lemma": "Gene@55810"}, {"text": "CVA", "type": "Disease", "identifier": "MESH:D020521", "lemma": "Disease@MESH:D020521"}]}