{"entities": [{"text": "Type 1 Diabetes", "type": "Disease", "identifier": "MESH:D003922", "lemma": "Disease@MESH:D003922"}, {"text": "N-acetyltransferase 2", "type": "Gene", "identifier": "10", "lemma": "Gene@10"}, {"text": "rs7533564", "type": "Mutation", "identifier": "rs7533564", "lemma": "Mutation@rs7533564"}, {"text": "diabetes", "type": "Disease", "identifier": "MESH:D003920", "lemma": "Disease@MESH:D003920"}, {"text": "diabetes complications", "type": "Disease", "identifier": "MESH:D003925", "lemma": "Disease@MESH:D003925"}, {"text": "neuropathy", "type": "Disease", "identifier": "MESH:D009422", "lemma": "Disease@MESH:D009422"}, {"text": "Hyperglycemia", "type": "Disease", "identifier": "MESH:D006943", "lemma": "Disease@MESH:D006943"}, {"text": "retinopathy", "type": "Disease", "identifier": "MESH:D012164", "lemma": "Disease@MESH:D012164"}, {"text": "nephropathy", "type": "Disease", "identifier": "MESH:D007674", "lemma": "Disease@MESH:D007674"}, {"text": "decades-long glycemia", "type": "Disease", "identifier": "MESH:D008133", "lemma": "Disease@MESH:D008133"}, {"text": "HbA1", "type": "Gene", "identifier": "3039", "lemma": "Gene@3039"}, {"text": "glucose homeostasis", "type": "Disease", "identifier": "MESH:D018149", "lemma": "Disease@MESH:D018149"}, {"text": "skin pigmentation", "type": "Disease", "identifier": "MESH:D010859", "lemma": "Disease@MESH:D010859"}, {"text": "Chronic Kidney Disease", "type": "Disease", "identifier": "MESH:D051436", "lemma": "Disease@MESH:D051436"}, {"text": "rs1495741", "type": "Mutation", "identifier": "rs1495741", "lemma": "Mutation@rs1495741"}, {"text": "SIF2-15", "type": "Disease", "identifier": "MESH:C567193", "lemma": "Disease@MESH:C567193"}, {"text": "coronary artery calcification", "type": "Disease", "identifier": "MESH:D003324", "lemma": "Disease@MESH:D003324"}, {"text": "hypoglycemia", "type": "Disease", "identifier": "MESH:D007003", "lemma": "Disease@MESH:D007003"}, {"text": "prostaglandin F receptor", "type": "Gene", "identifier": "5737", "lemma": "Gene@5737"}, {"text": "rs7533823", "type": "Mutation", "identifier": "rs7533823", "lemma": "Mutation@rs7533823"}, {"text": "end-stage renal disease", "type": "Disease", "identifier": "MESH:D007676", "lemma": "Disease@MESH:D007676"}, {"text": "min/1", "type": "Gene", "identifier": "966", "lemma": "Gene@966"}, {"text": "LED", "type": "Gene", "identifier": "399668", "lemma": "Gene@399668"}, {"text": "ND T2D ND T2D SIF1", "type": "Disease", "identifier": "MESH:D003924", "lemma": "Disease@MESH:D003924"}, {"text": "SE) P beta (SE) P beta (SE) P Het I2  Het P  SIF1", "type": "Disease", "identifier": "MESH:C000656865", "lemma": "Disease@MESH:C000656865"}, {"text": "cardiovascular disease", "type": "Disease", "identifier": "MESH:D002318", "lemma": "Disease@MESH:D002318"}, {"text": "G-H1", "type": "Gene", "identifier": "2688", "lemma": "Gene@2688"}, {"text": "LW1", "type": "Gene", "identifier": "100506164", "lemma": "Gene@100506164"}, {"text": "Insulin", "type": "Gene", "identifier": "3630", "lemma": "Gene@3630"}, {"text": "803A>G", "type": "Mutation", "identifier": "rs1208", "lemma": "Mutation@rs1208"}, {"text": "fibrosis", "type": "Disease", "identifier": "MESH:D005355", "lemma": "Disease@MESH:D005355"}, {"text": "insufficient", "type": "Disease", "identifier": "MESH:D000309", "lemma": "Disease@MESH:D000309"}, {"text": "diabetic cardiomyopathy", "type": "Disease", "identifier": "MESH:D058065", "lemma": "Disease@MESH:D058065"}, {"text": "myocardial infarction", "type": "Disease", "identifier": "MESH:D009203", "lemma": "Disease@MESH:D009203"}, {"text": "reg", "type": "Gene", "identifier": "5967", "lemma": "Gene@5967"}, {"text": "nephropathy in the diabetes", "type": "Disease", "identifier": "MESH:D003928", "lemma": "Disease@MESH:D003928"}, {"text": "polyneuropathy", "type": "Disease", "identifier": "MESH:D011115", "lemma": "Disease@MESH:D011115"}, {"text": "vascular damage", "type": "Disease", "identifier": "MESH:D000783", "lemma": "Disease@MESH:D000783"}, {"text": "Prostaglandin F2alpha receptor", "type": "Gene", "identifier": "25652", "lemma": "Gene@25652"}]}