{"entities": [{"text": "SORBS1", "type": "Gene", "identifier": "10580", "lemma": "Gene@10580"}, {"text": "diabetic nephropathy", "type": "Disease", "identifier": "MESH:D003928", "lemma": "Disease@MESH:D003928"}, {"text": "diabetes", "type": "Disease", "identifier": "MESH:D003920", "lemma": "Disease@MESH:D003920"}, {"text": "renal failure", "type": "Disease", "identifier": "MESH:D051437", "lemma": "Disease@MESH:D051437"}, {"text": "proteinuria", "type": "Disease", "identifier": "MESH:D011507", "lemma": "Disease@MESH:D011507"}, {"text": "renal disease", "type": "Disease", "identifier": "MESH:D007674", "lemma": "Disease@MESH:D007674"}, {"text": "rs1326934", "type": "Mutation", "identifier": "rs1326934", "lemma": "Mutation@rs1326934"}, {"text": "end-stage renal disease", "type": "Disease", "identifier": "MESH:D007676", "lemma": "Disease@MESH:D007676"}, {"text": "insulin", "type": "Gene", "identifier": "3630", "lemma": "Gene@3630"}, {"text": "ADA", "type": "Gene", "identifier": "100", "lemma": "Gene@100"}, {"text": "renin", "type": "Gene", "identifier": "5972", "lemma": "Gene@5972"}, {"text": "albuminuria", "type": "Disease", "identifier": "MESH:D000419", "lemma": "Disease@MESH:D000419"}, {"text": "p<10-5", "type": "Gene", "identifier": "1012", "lemma": "Gene@1012"}, {"text": "rs11188343", "type": "Mutation", "identifier": "rs11188343", "lemma": "Mutation@rs11188343"}, {"text": "rs4917695", "type": "Mutation", "identifier": "rs4917695", "lemma": "Mutation@rs4917695"}, {"text": "rs13626934", "type": "Mutation", "identifier": "rs13626934", "lemma": "Mutation@rs13626934"}, {"text": "RFX3", "type": "Gene", "identifier": "5991", "lemma": "Gene@5991"}, {"text": "rs1188343", "type": "Mutation", "identifier": "rs1188343", "lemma": "Mutation@rs1188343"}, {"text": "SORBS1", "type": "Gene", "identifier": "686098", "lemma": "Gene@686098"}, {"text": "MGP", "type": "Gene", "identifier": "4256", "lemma": "Gene@4256"}, {"text": "NS", "type": "Disease", "identifier": "MESH:D009404", "lemma": "Disease@MESH:D009404"}, {"text": "HHP", "type": "Disease", "identifier": "MESH:C565524", "lemma": "Disease@MESH:C565524"}, {"text": "ML", "type": "Disease", "identifier": "MESH:C537366", "lemma": "Disease@MESH:C537366"}, {"text": "DAT", "type": "Gene", "identifier": "6531", "lemma": "Gene@6531"}, {"text": "cardiovascular disease", "type": "Disease", "identifier": "MESH:D002318", "lemma": "Disease@MESH:D002318"}, {"text": "PDLIM1", "type": "Gene", "identifier": "9124", "lemma": "Gene@9124"}, {"text": "ALDH18A1", "type": "Gene", "identifier": "5832", "lemma": "Gene@5832"}, {"text": "TCTN3", "type": "Gene", "identifier": "26123", "lemma": "Gene@26123"}, {"text": "ENTPD1", "type": "Gene", "identifier": "953", "lemma": "Gene@953"}, {"text": "MAF", "type": "Gene", "identifier": "4094", "lemma": "Gene@4094"}]}