{"entities": [{"text": "FGFR2", "type": "Gene", "identifier": "2263", "lemma": "Gene@2263"}, {"text": "estrogen receptor", "type": "Gene", "identifier": "2099", "lemma": "Gene@2099"}, {"text": "HER2", "type": "Gene", "identifier": "2064", "lemma": "Gene@2064"}, {"text": "breast cancer", "type": "Disease", "identifier": "MESH:D001943", "lemma": "Disease@MESH:D001943"}, {"text": "rs3135718", "type": "Mutation", "identifier": "rs3135718", "lemma": "Mutation@rs3135718"}, {"text": "tumors", "type": "Disease", "identifier": "MESH:D009369", "lemma": "Disease@MESH:D009369"}, {"text": "rs3135724", "type": "Mutation", "identifier": "rs3135724", "lemma": "Mutation@rs3135724"}, {"text": "rs2981582", "type": "Mutation", "identifier": "rs2981582", "lemma": "Mutation@rs2981582"}, {"text": "IBS", "type": "Disease", "identifier": "MESH:D043183", "lemma": "Disease@MESH:D043183"}, {"text": "Supplementary Figure S1", "type": "Disease", "identifier": "MESH:D017034", "lemma": "Disease@MESH:D017034"}, {"text": "rs2981578", "type": "Mutation", "identifier": "rs2981578", "lemma": "Mutation@rs2981578"}, {"text": "rs2981579", "type": "Mutation", "identifier": "rs2981579", "lemma": "Mutation@rs2981579"}, {"text": "rs45631563", "type": "Mutation", "identifier": "rs45631563", "lemma": "Mutation@rs45631563"}, {"text": "BRCA", "type": "Gene", "identifier": "672", "lemma": "Gene@672"}, {"text": "INCa", "type": "Gene", "identifier": "440068", "lemma": "Gene@440068"}, {"text": "TERT", "type": "Gene", "identifier": "7015", "lemma": "Gene@7015"}, {"text": "CLPTM1L", "type": "Gene", "identifier": "81037", "lemma": "Gene@81037"}, {"text": "RAD51L1", "type": "Gene", "identifier": "5890", "lemma": "Gene@5890"}, {"text": "rs865686", "type": "Mutation", "identifier": "rs865686", "lemma": "Mutation@rs865686"}, {"text": "FGF1", "type": "Gene", "identifier": "2246", "lemma": "Gene@2246"}, {"text": "RBFOX2", "type": "Gene", "identifier": "23543", "lemma": "Gene@23543"}, {"text": "FOXA1", "type": "Gene", "identifier": "3169", "lemma": "Gene@3169"}]}