{"entities": [{"text": "cardiovascular disease", "type": "Disease", "identifier": "MESH:D002318", "lemma": "Disease@MESH:D002318"}, {"text": "sclerosis", "type": "Disease", "identifier": "MESH:D012598", "lemma": "Disease@MESH:D012598"}, {"text": "multiple sclerosis", "type": "Disease", "identifier": "MESH:D009103", "lemma": "Disease@MESH:D009103"}, {"text": "C-reactive protein", "type": "Gene", "identifier": "1401", "lemma": "Gene@1401"}, {"text": "diabetes", "type": "Disease", "identifier": "MESH:D003920", "lemma": "Disease@MESH:D003920"}, {"text": "autoimmune disease", "type": "Disease", "identifier": "MESH:D001327", "lemma": "Disease@MESH:D001327"}, {"text": "demyelination of the central nervous system", "type": "Disease", "identifier": "MESH:D003711", "lemma": "Disease@MESH:D003711"}, {"text": "cholangitis", "type": "Disease", "identifier": "MESH:D002761", "lemma": "Disease@MESH:D002761"}, {"text": "prostate cancer", "type": "Disease", "identifier": "MESH:D011471", "lemma": "Disease@MESH:D011471"}, {"text": "schizophrenia", "type": "Disease", "identifier": "MESH:D012559", "lemma": "Disease@MESH:D012559"}, {"text": "Alzheimer's disease", "type": "Disease", "identifier": "MESH:D000544", "lemma": "Disease@MESH:D000544"}, {"text": "type 2 diabetes", "type": "Disease", "identifier": "MESH:D003924", "lemma": "Disease@MESH:D003924"}, {"text": "disorders", "type": "Disease", "identifier": "MESH:D030342", "lemma": "Disease@MESH:D030342"}, {"text": "hypertension", "type": "Disease", "identifier": "MESH:D006973", "lemma": "Disease@MESH:D006973"}, {"text": "bipolar disorder", "type": "Disease", "identifier": "MESH:D001714", "lemma": "Disease@MESH:D001714"}, {"text": "multiple disorders", "type": "Disease", "identifier": "MESH:D000015", "lemma": "Disease@MESH:D000015"}, {"text": "MHC", "type": "Gene", "identifier": "3107", "lemma": "Gene@3107"}, {"text": "AMD", "type": "Disease", "identifier": "MESH:D006009", "lemma": "Disease@MESH:D006009"}, {"text": "SD", "type": "Disease", "identifier": "MESH:D029461", "lemma": "Disease@MESH:D029461"}, {"text": "RSD", "type": "Disease", "identifier": "MESH:D012019", "lemma": "Disease@MESH:D012019"}, {"text": "metabolic syndrome", "type": "Disease", "identifier": "MESH:D008659", "lemma": "Disease@MESH:D008659"}, {"text": "MAPT", "type": "Gene", "identifier": "4137", "lemma": "Gene@4137"}, {"text": "Parkinson's disease", "type": "Disease", "identifier": "MESH:D010300", "lemma": "Disease@MESH:D010300"}, {"text": "inflammatory bowel disease", "type": "Disease", "identifier": "MESH:D015212", "lemma": "Disease@MESH:D015212"}, {"text": "myocardial diseases", "type": "Disease", "identifier": "MESH:D009202", "lemma": "Disease@MESH:D009202"}, {"text": "atherosclerosis", "type": "Disease", "identifier": "MESH:D050197", "lemma": "Disease@MESH:D050197"}, {"text": "loss of capillaries in systemic sclerosis", "type": "Disease", "identifier": "MESH:D012595", "lemma": "Disease@MESH:D012595"}, {"text": "Leptin", "type": "Gene", "identifier": "3952", "lemma": "Gene@3952"}, {"text": "S1PR1", "type": "Gene", "identifier": "1901", "lemma": "Gene@1901"}, {"text": "ANAPC1", "type": "Gene", "identifier": "64682", "lemma": "Gene@64682"}, {"text": "ICA1L", "type": "Gene", "identifier": "130026", "lemma": "Gene@130026"}, {"text": "ARHGEF3", "type": "Gene", "identifier": "50650", "lemma": "Gene@50650"}, {"text": "IQCB1", "type": "Gene", "identifier": "9657", "lemma": "Gene@9657"}, {"text": "BMPR1B", "type": "Gene", "identifier": "658", "lemma": "Gene@658"}, {"text": "NR3C1", "type": "Gene", "identifier": "2908", "lemma": "Gene@2908"}, {"text": "GGNBP1", "type": "Gene", "identifier": "449520", "lemma": "Gene@449520"}, {"text": "IP6K3", "type": "Gene", "identifier": "117283", "lemma": "Gene@117283"}, {"text": "KCNMA1", "type": "Gene", "identifier": "3778", "lemma": "Gene@3778"}, {"text": "TSGA10IP", "type": "Gene", "identifier": "254187", "lemma": "Gene@254187"}, {"text": "UBASH3B", "type": "Gene", "identifier": "84959", "lemma": "Gene@84959"}, {"text": "CYP1A2", "type": "Gene", "identifier": "1544", "lemma": "Gene@1544"}, {"text": "MAP3K14", "type": "Gene", "identifier": "9020", "lemma": "Gene@9020"}, {"text": "ALPK2", "type": "Gene", "identifier": "115701", "lemma": "Gene@115701"}, {"text": "CHAF1A", "type": "Gene", "identifier": "10036", "lemma": "Gene@10036"}, {"text": "PMEPA1", "type": "Gene", "identifier": "56937", "lemma": "Gene@56937"}, {"text": "SAE1", "type": "Gene", "identifier": "10055", "lemma": "Gene@10055"}, {"text": "SLC10A6", "type": "Gene", "identifier": "345274", "lemma": "Gene@345274"}, {"text": "SLC15A2", "type": "Gene", "identifier": "6565", "lemma": "Gene@6565"}, {"text": "TNKS              1", "type": "Gene", "identifier": "8658", "lemma": "Gene@8658"}, {"text": "TRAM1", "type": "Gene", "identifier": "23471", "lemma": "Gene@23471"}, {"text": "CSF2RB", "type": "Gene", "identifier": "1439", "lemma": "Gene@1439"}, {"text": "rs17123757", "type": "Mutation", "identifier": "rs17123757", "lemma": "Mutation@rs17123757"}, {"text": "rs338610", "type": "Mutation", "identifier": "rs338610", "lemma": "Mutation@rs338610"}, {"text": "rs10271662", "type": "Mutation", "identifier": "rs10271662", "lemma": "Mutation@rs10271662"}, {"text": "rs7255066", "type": "Mutation", "identifier": "rs7255066", "lemma": "Mutation@rs7255066"}, {"text": "rs2032809", "type": "Mutation", "identifier": "rs2032809", "lemma": "Mutation@rs2032809"}, {"text": "rs394199", "type": "Mutation", "identifier": "rs394199", "lemma": "Mutation@rs394199"}, {"text": "rs1398607", "type": "Mutation", "identifier": "rs1398607", "lemma": "Mutation@rs1398607"}, {"text": "rs433317", "type": "Mutation", "identifier": "rs433317", "lemma": "Mutation@rs433317"}, {"text": "rs6832151", "type": "Mutation", "identifier": "rs6832151", "lemma": "Mutation@rs6832151"}, {"text": "rs1500710", "type": "Mutation", "identifier": "rs1500710", "lemma": "Mutation@rs1500710"}, {"text": "rs4285028", "type": "Mutation", "identifier": "rs4285028", "lemma": "Mutation@rs4285028"}, {"text": "rs12756986", "type": "Mutation", "identifier": "rs12756986", "lemma": "Mutation@rs12756986"}, {"text": "rs281380", "type": "Mutation", "identifier": "rs281380", "lemma": "Mutation@rs281380"}, {"text": "rs1373089", "type": "Mutation", "identifier": "rs1373089", "lemma": "Mutation@rs1373089"}, {"text": "rs7912269", "type": "Mutation", "identifier": "rs7912269", "lemma": "Mutation@rs7912269"}, {"text": "rs12289836", "type": "Mutation", "identifier": "rs12289836", "lemma": "Mutation@rs12289836"}, {"text": "rs1920296", "type": "Mutation", "identifier": "rs1920296", "lemma": "Mutation@rs1920296"}, {"text": "rs4792814", "type": "Mutation", "identifier": "rs4792814", "lemma": "Mutation@rs4792814"}, {"text": "rs806321", "type": "Mutation", "identifier": "rs806321", "lemma": "Mutation@rs806321"}, {"text": "rs12603582", "type": "Mutation", "identifier": "rs12603582", "lemma": "Mutation@rs12603582"}, {"text": "rs3761959", "type": "Mutation", "identifier": "rs3761959", "lemma": "Mutation@rs3761959"}, {"text": "rs6819188", "type": "Mutation", "identifier": "rs6819188", "lemma": "Mutation@rs6819188"}, {"text": "rs2072711", "type": "Mutation", "identifier": "rs2072711", "lemma": "Mutation@rs2072711"}, {"text": "rs7905327", "type": "Mutation", "identifier": "rs7905327", "lemma": "Mutation@rs7905327"}, {"text": "rs2066992", "type": "Mutation", "identifier": "rs2066992", "lemma": "Mutation@rs2066992"}, {"text": "rs10936599", "type": "Mutation", "identifier": "rs10936599", "lemma": "Mutation@rs10936599"}, {"text": "rs6933404", "type": "Mutation", "identifier": "rs6933404", "lemma": "Mutation@rs6933404"}, {"text": "rs2413436", "type": "Mutation", "identifier": "rs2413436", "lemma": "Mutation@rs2413436"}, {"text": "rs210131", "type": "Mutation", "identifier": "rs210131", "lemma": "Mutation@rs210131"}, {"text": "rs1442539", "type": "Mutation", "identifier": "rs1442539", "lemma": "Mutation@rs1442539"}, {"text": "rs2052401", "type": "Mutation", "identifier": "rs2052401", "lemma": "Mutation@rs2052401"}, {"text": "rs4886406", "type": "Mutation", "identifier": "rs4886406", "lemma": "Mutation@rs4886406"}, {"text": "rs11864333", "type": "Mutation", "identifier": "rs11864333", "lemma": "Mutation@rs11864333"}, {"text": "rs10106461", "type": "Mutation", "identifier": "rs10106461", "lemma": "Mutation@rs10106461"}, {"text": "rs17519972", "type": "Mutation", "identifier": "rs17519972", "lemma": "Mutation@rs17519972"}, {"text": "rs6733372", "type": "Mutation", "identifier": "rs6733372", "lemma": "Mutation@rs6733372"}, {"text": "rs7260291", "type": "Mutation", "identifier": "rs7260291", "lemma": "Mutation@rs7260291"}, {"text": "rs9358858", "type": "Mutation", "identifier": "rs9358858", "lemma": "Mutation@rs9358858"}, {"text": "rs4543497", "type": "Mutation", "identifier": "rs4543497", "lemma": "Mutation@rs4543497"}, {"text": "rs10111980", "type": "Mutation", "identifier": "rs10111980", "lemma": "Mutation@rs10111980"}, {"text": "rs921911", "type": "Mutation", "identifier": "rs921911", "lemma": "Mutation@rs921911"}, {"text": "rs12373588", "type": "Mutation", "identifier": "rs12373588", "lemma": "Mutation@rs12373588"}, {"text": "rs6662618", "type": "Mutation", "identifier": "rs6662618", "lemma": "Mutation@rs6662618"}, {"text": "rs13106574", "type": "Mutation", "identifier": "rs13106574", "lemma": "Mutation@rs13106574"}, {"text": "rs9358854", "type": "Mutation", "identifier": "rs9358854", "lemma": "Mutation@rs9358854"}, {"text": "rs2275774", "type": "Mutation", "identifier": "rs2275774", "lemma": "Mutation@rs2275774"}, {"text": "rs1997392", "type": "Mutation", "identifier": "rs1997392", "lemma": "Mutation@rs1997392"}, {"text": "rs4409785", "type": "Mutation", "identifier": "rs4409785", "lemma": "Mutation@rs4409785"}, {"text": "rs2943633", "type": "Mutation", "identifier": "rs2943633", "lemma": "Mutation@rs2943633"}, {"text": "rs854917", "type": "Mutation", "identifier": "rs854917", "lemma": "Mutation@rs854917"}, {"text": "rs17594362", "type": "Mutation", "identifier": "rs17594362", "lemma": "Mutation@rs17594362"}, {"text": "rs243354", "type": "Mutation", "identifier": "rs243354", "lemma": "Mutation@rs243354"}, {"text": "rs606978", "type": "Mutation", "identifier": "rs606978", "lemma": "Mutation@rs606978"}, {"text": "rs2012068", "type": "Mutation", "identifier": "rs2012068", "lemma": "Mutation@rs2012068"}, {"text": "rs2036927", "type": "Mutation", "identifier": "rs2036927", "lemma": "Mutation@rs2036927"}, {"text": "rs967990", "type": "Mutation", "identifier": "rs967990", "lemma": "Mutation@rs967990"}, {"text": "rs8081176", "type": "Mutation", "identifier": "rs8081176", "lemma": "Mutation@rs8081176"}, {"text": "rs9821630", "type": "Mutation", "identifier": "rs9821630", "lemma": "Mutation@rs9821630"}, {"text": "rs942637", "type": "Mutation", "identifier": "rs942637", "lemma": "Mutation@rs942637"}, {"text": "rs771767", "type": "Mutation", "identifier": "rs771767", "lemma": "Mutation@rs771767"}, {"text": "rs290986", "type": "Mutation", "identifier": "rs290986", "lemma": "Mutation@rs290986"}, {"text": "rs12456021", "type": "Mutation", "identifier": "rs12456021", "lemma": "Mutation@rs12456021"}, {"text": "rs853158", "type": "Mutation", "identifier": "rs853158", "lemma": "Mutation@rs853158"}, {"text": "rs7941030", "type": "Mutation", "identifier": "rs7941030", "lemma": "Mutation@rs7941030"}, {"text": "rs11755724", "type": "Mutation", "identifier": "rs11755724", "lemma": "Mutation@rs11755724"}, {"text": "rs491111", "type": "Mutation", "identifier": "rs491111", "lemma": "Mutation@rs491111"}, {"text": "rs307896", "type": "Mutation", "identifier": "rs307896", "lemma": "Mutation@rs307896"}, {"text": "rs17119756", "type": "Mutation", "identifier": "rs17119756", "lemma": "Mutation@rs17119756"}, {"text": "rs12515731", "type": "Mutation", "identifier": "rs12515731", "lemma": "Mutation@rs12515731"}, {"text": "rs1439287", "type": "Mutation", "identifier": "rs1439287", "lemma": "Mutation@rs1439287"}, {"text": "rs471942", "type": "Mutation", "identifier": "rs471942", "lemma": "Mutation@rs471942"}, {"text": "rs932316", "type": "Mutation", "identifier": "rs932316", "lemma": "Mutation@rs932316"}, {"text": "rs6952809", "type": "Mutation", "identifier": "rs6952809", "lemma": "Mutation@rs6952809"}, {"text": "rs4465231", "type": "Mutation", "identifier": "rs4465231", "lemma": "Mutation@rs4465231"}, {"text": "rs632057", "type": "Mutation", "identifier": "rs632057", "lemma": "Mutation@rs632057"}, {"text": "rs2059405", "type": "Mutation", "identifier": "rs2059405", "lemma": "Mutation@rs2059405"}, {"text": "NBEAL1", "type": "Gene", "identifier": "65065", "lemma": "Gene@65065"}, {"text": "SLC9B1", "type": "Gene", "identifier": "150159", "lemma": "Gene@150159"}, {"text": "TRAM2", "type": "Gene", "identifier": "9697", "lemma": "Gene@9697"}, {"text": "GIMAP2", "type": "Gene", "identifier": "26157", "lemma": "Gene@26157"}, {"text": "C11orf49", "type": "Gene", "identifier": "79096", "lemma": "Gene@79096"}, {"text": "OVOL1", "type": "Gene", "identifier": "5017", "lemma": "Gene@5017"}, {"text": "SH2B3", "type": "Gene", "identifier": "10019", "lemma": "Gene@10019"}, {"text": "SMARCA4", "type": "Gene", "identifier": "6597", "lemma": "Gene@6597"}, {"text": "APOE              4", "type": "Gene", "identifier": "348", "lemma": "Gene@348"}, {"text": "ZC3H4", "type": "Gene", "identifier": "23211", "lemma": "Gene@23211"}, {"text": "PREX1", "type": "Gene", "identifier": "57580", "lemma": "Gene@57580"}, {"text": "PSMG1", "type": "Gene", "identifier": "8624", "lemma": "Gene@8624"}, {"text": "rs2076890", "type": "Mutation", "identifier": "rs2076890", "lemma": "Mutation@rs2076890"}, {"text": "rs2306365", "type": "Mutation", "identifier": "rs2306365", "lemma": "Mutation@rs2306365"}, {"text": "rs17406900", "type": "Mutation", "identifier": "rs17406900", "lemma": "Mutation@rs17406900"}, {"text": "rs7776857", "type": "Mutation", "identifier": "rs7776857", "lemma": "Mutation@rs7776857"}, {"text": "rs405509", "type": "Mutation", "identifier": "rs405509", "lemma": "Mutation@rs405509"}, {"text": "rs2616214", "type": "Mutation", "identifier": "rs2616214", "lemma": "Mutation@rs2616214"}, {"text": "rs6591188", "type": "Mutation", "identifier": "rs6591188", "lemma": "Mutation@rs6591188"}, {"text": "rs11588410", "type": "Mutation", "identifier": "rs11588410", "lemma": "Mutation@rs11588410"}, {"text": "rs12608504", "type": "Mutation", "identifier": "rs12608504", "lemma": "Mutation@rs12608504"}, {"text": "rs6944136", "type": "Mutation", "identifier": "rs6944136", "lemma": "Mutation@rs6944136"}, {"text": "rs2836878", "type": "Mutation", "identifier": "rs2836878", "lemma": "Mutation@rs2836878"}, {"text": "rs1267499", "type": "Mutation", "identifier": "rs1267499", "lemma": "Mutation@rs1267499"}, {"text": "rs4939883", "type": "Mutation", "identifier": "rs4939883", "lemma": "Mutation@rs4939883"}, {"text": "rs10408163", "type": "Mutation", "identifier": "rs10408163", "lemma": "Mutation@rs10408163"}, {"text": "rs13070927", "type": "Mutation", "identifier": "rs13070927", "lemma": "Mutation@rs13070927"}, {"text": "rs13262031", "type": "Mutation", "identifier": "rs13262031", "lemma": "Mutation@rs13262031"}, {"text": "rs5756391", "type": "Mutation", "identifier": "rs5756391", "lemma": "Mutation@rs5756391"}, {"text": "rs8090363", "type": "Mutation", "identifier": "rs8090363", "lemma": "Mutation@rs8090363"}, {"text": "rs12871645", "type": "Mutation", "identifier": "rs12871645", "lemma": "Mutation@rs12871645"}, {"text": "rs6010669", "type": "Mutation", "identifier": "rs6010669", "lemma": "Mutation@rs6010669"}, {"text": "rs907314", "type": "Mutation", "identifier": "rs907314", "lemma": "Mutation@rs907314"}, {"text": "rs940904", "type": "Mutation", "identifier": "rs940904", "lemma": "Mutation@rs940904"}, {"text": "rs158481", "type": "Mutation", "identifier": "rs158481", "lemma": "Mutation@rs158481"}, {"text": "rs2306589", "type": "Mutation", "identifier": "rs2306589", "lemma": "Mutation@rs2306589"}, {"text": "rs9381257", "type": "Mutation", "identifier": "rs9381257", "lemma": "Mutation@rs9381257"}, {"text": "rs11102646", "type": "Mutation", "identifier": "rs11102646", "lemma": "Mutation@rs11102646"}, {"text": "rs6495126", "type": "Mutation", "identifier": "rs6495126", "lemma": "Mutation@rs6495126"}, {"text": "rs3184504", "type": "Mutation", "identifier": "rs3184504", "lemma": "Mutation@rs3184504"}, {"text": "rs11039035", "type": "Mutation", "identifier": "rs11039035", "lemma": "Mutation@rs11039035"}, {"text": "rs7573079", "type": "Mutation", "identifier": "rs7573079", "lemma": "Mutation@rs7573079"}, {"text": "rs2400899", "type": "Mutation", "identifier": "rs2400899", "lemma": "Mutation@rs2400899"}, {"text": "rs10835211", "type": "Mutation", "identifier": "rs10835211", "lemma": "Mutation@rs10835211"}, {"text": "rs1292053", "type": "Mutation", "identifier": "rs1292053", "lemma": "Mutation@rs1292053"}, {"text": "rs2293489", "type": "Mutation", "identifier": "rs2293489", "lemma": "Mutation@rs2293489"}, {"text": "rs4698874", "type": "Mutation", "identifier": "rs4698874", "lemma": "Mutation@rs4698874"}, {"text": "rs8102273", "type": "Mutation", "identifier": "rs8102273", "lemma": "Mutation@rs8102273"}, {"text": "rs557675", "type": "Mutation", "identifier": "rs557675", "lemma": "Mutation@rs557675"}, {"text": "rs926629", "type": "Mutation", "identifier": "rs926629", "lemma": "Mutation@rs926629"}, {"text": "rs4148211", "type": "Mutation", "identifier": "rs4148211", "lemma": "Mutation@rs4148211"}, {"text": "rs466477", "type": "Mutation", "identifier": "rs466477", "lemma": "Mutation@rs466477"}, {"text": "rs4704963", "type": "Mutation", "identifier": "rs4704963", "lemma": "Mutation@rs4704963"}, {"text": "rs9367490", "type": "Mutation", "identifier": "rs9367490", "lemma": "Mutation@rs9367490"}, {"text": "rs10909880", "type": "Mutation", "identifier": "rs10909880", "lemma": "Mutation@rs10909880"}, {"text": "rs2306791", "type": "Mutation", "identifier": "rs2306791", "lemma": "Mutation@rs2306791"}]}