{"entities": [{"text": "PROX1", "type": "Gene", "identifier": "5629", "lemma": "Gene@5629"}, {"text": "type 2 diabetes", "type": "Disease", "identifier": "MESH:D003924", "lemma": "Disease@MESH:D003924"}, {"text": "Diabetes and Vascular Disease", "type": "Disease", "identifier": "MESH:D003925", "lemma": "Disease@MESH:D003925"}, {"text": "diabetic nephropathy", "type": "Disease", "identifier": "MESH:D003928", "lemma": "Disease@MESH:D003928"}, {"text": "diabetes", "type": "Disease", "identifier": "MESH:D003920", "lemma": "Disease@MESH:D003920"}, {"text": "AS1", "type": "Gene", "identifier": "5729", "lemma": "Gene@5729"}, {"text": "rs340841", "type": "Mutation", "identifier": "rs340841", "lemma": "Mutation@rs340841"}, {"text": "albuminuria", "type": "Disease", "identifier": "MESH:D000419", "lemma": "Disease@MESH:D000419"}, {"text": "hypertension", "type": "Disease", "identifier": "MESH:D006973", "lemma": "Disease@MESH:D006973"}, {"text": "chronic kidney disease", "type": "Disease", "identifier": "MESH:D051436", "lemma": "Disease@MESH:D051436"}, {"text": "dyslipidemia or microalbuminuria", "type": "Disease", "identifier": "MESH:D050171", "lemma": "Disease@MESH:D050171"}, {"text": "macrovascular or microvascular disease", "type": "Disease", "identifier": "MESH:D017566", "lemma": "Disease@MESH:D017566"}, {"text": "vascular disease", "type": "Disease", "identifier": "MESH:D000783", "lemma": "Disease@MESH:D000783"}, {"text": "SBP", "type": "Gene", "identifier": "8991", "lemma": "Gene@8991"}, {"text": "DBP", "type": "Gene", "identifier": "1628", "lemma": "Gene@1628"}, {"text": "PC1", "type": "Gene", "identifier": "5167", "lemma": "Gene@5167"}, {"text": "PC2", "type": "Gene", "identifier": "3854", "lemma": "Gene@3854"}, {"text": "CLEC14A", "type": "Gene", "identifier": "161198", "lemma": "Gene@161198"}, {"text": "rs35372009", "type": "Mutation", "identifier": "rs35372009", "lemma": "Mutation@rs35372009"}, {"text": "rs1754680", "type": "Mutation", "identifier": "rs1754680", "lemma": "Mutation@rs1754680"}, {"text": "LINC00639", "type": "Gene", "identifier": "283547", "lemma": "Gene@283547"}, {"text": "IL-6", "type": "Gene", "identifier": "3569", "lemma": "Gene@3569"}, {"text": "abnormalities of glucose metabolism", "type": "Disease", "identifier": "MESH:D044882", "lemma": "Disease@MESH:D044882"}, {"text": "Sea", "type": "Gene", "identifier": "6395", "lemma": "Gene@6395"}, {"text": "genetic diseases", "type": "Disease", "identifier": "MESH:D030342", "lemma": "Disease@MESH:D030342"}, {"text": "prospero", "type": "Gene", "identifier": "41363", "lemma": "Gene@41363"}, {"text": "insulin", "type": "Gene", "identifier": "3630", "lemma": "Gene@3630"}, {"text": "Kidney disease", "type": "Disease", "identifier": "MESH:D007674", "lemma": "Disease@MESH:D007674"}, {"text": "coronary heart disease", "type": "Disease", "identifier": "MESH:D003324", "lemma": "Disease@MESH:D003324"}, {"text": "ALPK1", "type": "Gene", "identifier": "80216", "lemma": "Gene@80216"}, {"text": "cardiovascular disease", "type": "Disease", "identifier": "MESH:D002318", "lemma": "Disease@MESH:D002318"}, {"text": "obesity", "type": "Disease", "identifier": "MESH:D009765", "lemma": "Disease@MESH:D009765"}, {"text": "rs340874", "type": "Mutation", "identifier": "rs340874", "lemma": "Mutation@rs340874"}, {"text": "stroke", "type": "Disease", "identifier": "MESH:D020521", "lemma": "Disease@MESH:D020521"}, {"text": "fractures", "type": "Disease", "identifier": "MESH:D050723", "lemma": "Disease@MESH:D050723"}, {"text": "glucose homeostasis", "type": "Disease", "identifier": "MESH:D018149", "lemma": "Disease@MESH:D018149"}, {"text": "insulin in the Diabetes", "type": "Disease", "identifier": "MESH:D003922", "lemma": "Disease@MESH:D003922"}, {"text": "SD", "type": "Disease", "identifier": "MESH:D029461", "lemma": "Disease@MESH:D029461"}, {"text": "RAF", "type": "Gene", "identifier": "22882", "lemma": "Gene@22882"}, {"text": "LINC00538", "type": "Gene", "identifier": "100861504", "lemma": "Gene@100861504"}, {"text": "MYT1L", "type": "Gene", "identifier": "23040", "lemma": "Gene@23040"}, {"text": "PXDN", "type": "Gene", "identifier": "7837", "lemma": "Gene@7837"}, {"text": "MYT1L-AS1", "type": "Gene", "identifier": "730811", "lemma": "Gene@730811"}, {"text": "LINC00693", "type": "Gene", "identifier": "645206", "lemma": "Gene@645206"}, {"text": "RBMS3", "type": "Gene", "identifier": "27303", "lemma": "Gene@27303"}, {"text": "PLK2", "type": "Gene", "identifier": "10769", "lemma": "Gene@10769"}, {"text": "CTB-7E3.1", "type": "Gene", "identifier": "102557615", "lemma": "Gene@102557615"}, {"text": "TENM2", "type": "Gene", "identifier": "57451", "lemma": "Gene@57451"}, {"text": "OPRM1", "type": "Gene", "identifier": "4988", "lemma": "Gene@4988"}, {"text": "CNKSR3", "type": "Gene", "identifier": "154043", "lemma": "Gene@154043"}, {"text": "TMEM132D", "type": "Gene", "identifier": "121256", "lemma": "Gene@121256"}, {"text": "TSHZ2", "type": "Gene", "identifier": "128553", "lemma": "Gene@128553"}, {"text": "ZNF217", "type": "Gene", "identifier": "7764", "lemma": "Gene@7764"}, {"text": "AS3", "type": "Gene", "identifier": "23047", "lemma": "Gene@23047"}, {"text": "rs12188216", "type": "Mutation", "identifier": "rs12188216", "lemma": "Mutation@rs12188216"}, {"text": "rs13043901", "type": "Mutation", "identifier": "rs13043901", "lemma": "Mutation@rs13043901"}, {"text": "rs12714314", "type": "Mutation", "identifier": "rs12714314", "lemma": "Mutation@rs12714314"}, {"text": "rs9384193", "type": "Mutation", "identifier": "rs9384193", "lemma": "Mutation@rs9384193"}, {"text": "rs11060464", "type": "Mutation", "identifier": "rs11060464", "lemma": "Mutation@rs11060464"}, {"text": "rs58383906", "type": "Mutation", "identifier": "rs58383906", "lemma": "Mutation@rs58383906"}, {"text": "rs13166103", "type": "Mutation", "identifier": "rs13166103", "lemma": "Mutation@rs13166103"}]}