{"entities": [{"text": "diabetes", "type": "Disease", "identifier": "MESH:D003920", "lemma": "Disease@MESH:D003920"}, {"text": "GLP2R", "type": "Gene", "identifier": "9340", "lemma": "Gene@9340"}, {"text": "GIP", "type": "Gene", "identifier": "2695", "lemma": "Gene@2695"}, {"text": "HLA-DQA1", "type": "Gene", "identifier": "3117", "lemma": "Gene@3117"}, {"text": "insulin", "type": "Gene", "identifier": "3630", "lemma": "Gene@3630"}, {"text": "pancreatic", "type": "Disease", "identifier": "MESH:D010195", "lemma": "Disease@MESH:D010195"}, {"text": "Type 2 diabetes", "type": "Disease", "identifier": "MESH:D003924", "lemma": "Disease@MESH:D003924"}, {"text": "p<10-5", "type": "Gene", "identifier": "4790", "lemma": "Gene@4790"}, {"text": "Type 1 diabetes", "type": "Disease", "identifier": "MESH:D003922", "lemma": "Disease@MESH:D003922"}, {"text": "cancer", "type": "Disease", "identifier": "MESH:D009369", "lemma": "Disease@MESH:D009369"}, {"text": "FTO", "type": "Gene", "identifier": "79068", "lemma": "Gene@79068"}, {"text": "MC4R", "type": "Gene", "identifier": "4160", "lemma": "Gene@4160"}, {"text": "TCF7L2", "type": "Gene", "identifier": "6934", "lemma": "Gene@6934"}, {"text": "SLC30A8", "type": "Gene", "identifier": "169026", "lemma": "Gene@169026"}, {"text": "ANKRD55", "type": "Gene", "identifier": "79722", "lemma": "Gene@79722"}, {"text": "CDKN2A/B", "type": "Gene", "identifier": "1029;1030", "lemma": "Gene@1029;1030"}, {"text": "DGKB", "type": "Gene", "identifier": "1607", "lemma": "Gene@1607"}, {"text": "KCNQ1", "type": "Gene", "identifier": "3784", "lemma": "Gene@3784"}, {"text": "HNF4A", "type": "Gene", "identifier": "3172", "lemma": "Gene@3172"}, {"text": "CCND2", "type": "Gene", "identifier": "894", "lemma": "Gene@894"}, {"text": "rs188827514", "type": "Mutation", "identifier": "rs188827514", "lemma": "Mutation@rs188827514"}, {"text": "rs76895963", "type": "Mutation", "identifier": "rs76895963", "lemma": "Mutation@rs76895963"}, {"text": "rs173964", "type": "Mutation", "identifier": "rs173964", "lemma": "Mutation@rs173964"}, {"text": "rs12625671", "type": "Mutation", "identifier": "rs12625671", "lemma": "Mutation@rs12625671"}, {"text": "rs4238013", "type": "Mutation", "identifier": "rs4238013", "lemma": "Mutation@rs4238013"}, {"text": "p.Thr139Ile", "type": "Mutation", "identifier": "rs1800961", "lemma": "Mutation@rs1800961"}, {"text": "rs11063018", "type": "Mutation", "identifier": "rs11063018", "lemma": "Mutation@rs11063018"}, {"text": "TP53INP1", "type": "Gene", "identifier": "94241", "lemma": "Gene@94241"}, {"text": "rs11786613", "type": "Mutation", "identifier": "rs11786613", "lemma": "Mutation@rs11786613"}, {"text": "rs7845219", "type": "Mutation", "identifier": "rs7845219", "lemma": "Mutation@rs7845219"}, {"text": "NRXN3", "type": "Gene", "identifier": "9369", "lemma": "Gene@9369"}, {"text": "ABO", "type": "Gene", "identifier": "28", "lemma": "Gene@28"}, {"text": "CMIP", "type": "Gene", "identifier": "80790", "lemma": "Gene@80790"}, {"text": "MNX1", "type": "Gene", "identifier": "3110", "lemma": "Gene@3110"}, {"text": "rs1182436", "type": "Mutation", "identifier": "rs1182436", "lemma": "Mutation@rs1182436"}, {"text": "pancreatic hypoplasia and neonatal diabetes", "type": "Disease", "identifier": "MESH:C536714", "lemma": "Disease@MESH:C536714"}, {"text": "GLP1R", "type": "Gene", "identifier": "2740", "lemma": "Gene@2740"}, {"text": "D470N", "type": "Mutation", "identifier": "rs17681684", "lemma": "Mutation@rs17681684"}, {"text": "pancreatic islet function", "type": "Disease", "identifier": "MESH:C535838", "lemma": "Disease@MESH:C535838"}, {"text": "rs78761021", "type": "Mutation", "identifier": "rs78761021", "lemma": "Mutation@rs78761021"}, {"text": "glucose tolerance", "type": "Disease", "identifier": "MESH:D018149", "lemma": "Disease@MESH:D018149"}, {"text": "rs9271774", "type": "Mutation", "identifier": "rs9271774", "lemma": "Mutation@rs9271774"}, {"text": "BCAR1", "type": "Gene", "identifier": "9564", "lemma": "Gene@9564"}, {"text": "rs6916742", "type": "Mutation", "identifier": "rs6916742", "lemma": "Mutation@rs6916742"}, {"text": "PLEKHA1", "type": "Gene", "identifier": "59338", "lemma": "Gene@59338"}, {"text": "HSD17B12", "type": "Gene", "identifier": "51144", "lemma": "Gene@51144"}, {"text": "HLA-DRB5", "type": "Gene", "identifier": "3127", "lemma": "Gene@3127"}, {"text": "ACSL1", "type": "Gene", "identifier": "2180", "lemma": "Gene@2180"}, {"text": "mammalian target of rapamycin", "type": "Gene", "identifier": "2475", "lemma": "Gene@2475"}, {"text": "IDE", "type": "Gene", "identifier": "3416", "lemma": "Gene@3416"}, {"text": "TLE1", "type": "Gene", "identifier": "7088", "lemma": "Gene@7088"}, {"text": "SPRY2", "type": "Gene", "identifier": "10253", "lemma": "Gene@10253"}, {"text": "MTMR3", "type": "Gene", "identifier": "8897", "lemma": "Gene@8897"}, {"text": "FOXA2", "type": "Gene", "identifier": "3170", "lemma": "Gene@3170"}, {"text": "NKX2.2", "type": "Gene", "identifier": "4821", "lemma": "Gene@4821"}, {"text": "PDX1", "type": "Gene", "identifier": "3651", "lemma": "Gene@3651"}, {"text": "rs117866713", "type": "Mutation", "identifier": "rs117866713", "lemma": "Mutation@rs117866713"}, {"text": "rs8056814", "type": "Mutation", "identifier": "rs8056814", "lemma": "Mutation@rs8056814"}, {"text": "GIPR", "type": "Gene", "identifier": "2696", "lemma": "Gene@2696"}, {"text": "CDKAL1", "type": "Gene", "identifier": "54901", "lemma": "Gene@54901"}, {"text": "GCK", "type": "Gene", "identifier": "2645", "lemma": "Gene@2645"}, {"text": "GLIS3", "type": "Gene", "identifier": "169792", "lemma": "Gene@169792"}, {"text": "THADA", "type": "Gene", "identifier": "63892", "lemma": "Gene@63892"}, {"text": "IGF2BP2", "type": "Gene", "identifier": "10644", "lemma": "Gene@10644"}, {"text": "PPARG", "type": "Gene", "identifier": "5468", "lemma": "Gene@5468"}, {"text": "KLF14", "type": "Gene", "identifier": "136259", "lemma": "Gene@136259"}, {"text": "IRS1", "type": "Gene", "identifier": "3667", "lemma": "Gene@3667"}, {"text": "APOE", "type": "Gene", "identifier": "348", "lemma": "Gene@348"}, {"text": "rs2925979", "type": "Mutation", "identifier": "rs2925979", "lemma": "Mutation@rs2925979"}, {"text": "obesity", "type": "Disease", "identifier": "MESH:D009765", "lemma": "Disease@MESH:D009765"}, {"text": "Thomas Meitinger", "type": "Disease", "identifier": "MESH:C536514", "lemma": "Disease@MESH:C536514"}, {"text": "Harald Grallert, Martina Muller-Nurasyid", "type": "Disease", "identifier": "MESH:C537370", "lemma": "Disease@MESH:C537370"}, {"text": "Cornelia M van", "type": "Disease", "identifier": "MESH:C566367", "lemma": "Disease@MESH:C566367"}, {"text": "Yvonne T van", "type": "Disease", "identifier": "MESH:C536530", "lemma": "Disease@MESH:C536530"}, {"text": "Olga McLeod", "type": "Disease", "identifier": "MESH:C564038", "lemma": "Disease@MESH:C564038"}, {"text": "HNF1A", "type": "Gene", "identifier": "6927", "lemma": "Gene@6927"}, {"text": "MTNR1B", "type": "Gene", "identifier": "4544", "lemma": "Gene@4544"}, {"text": "GRB10", "type": "Gene", "identifier": "2887", "lemma": "Gene@2887"}, {"text": "NKX2-2", "type": "Gene", "identifier": "18088", "lemma": "Gene@18088"}, {"text": "MNX1", "type": "Gene", "identifier": "15285", "lemma": "Gene@15285"}, {"text": "permanent neonatal diabetes", "type": "Disease", "identifier": "MESH:C563425", "lemma": "Disease@MESH:C563425"}, {"text": "autoimmune disease", "type": "Disease", "identifier": "MESH:D001327", "lemma": "Disease@MESH:D001327"}, {"text": "FOXA1:AR (androgen receptor", "type": "Gene", "identifier": "367", "lemma": "Gene@367"}, {"text": "CD14", "type": "Gene", "identifier": "929", "lemma": "Gene@929"}, {"text": "rs429358", "type": "Mutation", "identifier": "rs429358", "lemma": "Mutation@rs429358"}, {"text": "rs1061810", "type": "Mutation", "identifier": "rs1061810", "lemma": "Mutation@rs1061810"}, {"text": "MAP3K11", "type": "Gene", "identifier": "4296", "lemma": "Gene@4296"}, {"text": "ZZEF1", "type": "Gene", "identifier": "23140", "lemma": "Gene@23140"}, {"text": "rs15563", "type": "Mutation", "identifier": "rs15563", "lemma": "Mutation@rs15563"}, {"text": "rs9271775", "type": "Mutation", "identifier": "rs9271775", "lemma": "Mutation@rs9271775"}, {"text": "rs8068804", "type": "Mutation", "identifier": "rs8068804", "lemma": "Mutation@rs8068804"}, {"text": "rs79349575", "type": "Mutation", "identifier": "rs79349575", "lemma": "Mutation@rs79349575"}, {"text": "rs111669836", "type": "Mutation", "identifier": "rs111669836", "lemma": "Mutation@rs111669836"}, {"text": "rs4407733", "type": "Mutation", "identifier": "rs4407733", "lemma": "Mutation@rs4407733"}, {"text": "rs11227234", "type": "Mutation", "identifier": "rs11227234", "lemma": "Mutation@rs11227234"}, {"text": "rs7224685", "type": "Mutation", "identifier": "rs7224685", "lemma": "Mutation@rs7224685"}, {"text": "rs17109256", "type": "Mutation", "identifier": "rs17109256", "lemma": "Mutation@rs17109256"}, {"text": "rs17676067", "type": "Mutation", "identifier": "rs17676067", "lemma": "Mutation@rs17676067"}, {"text": "rs635634", "type": "Mutation", "identifier": "rs635634", "lemma": "Mutation@rs635634"}, {"text": "rs3736505", "type": "Mutation", "identifier": "rs3736505", "lemma": "Mutation@rs3736505"}, {"text": "rs1182397", "type": "Mutation", "identifier": "rs1182397", "lemma": "Mutation@rs1182397"}, {"text": "rs2292626", "type": "Mutation", "identifier": "rs2292626", "lemma": "Mutation@rs2292626"}, {"text": "rs60780116", "type": "Mutation", "identifier": "rs60780116", "lemma": "Mutation@rs60780116"}, {"text": "rs6918311", "type": "Mutation", "identifier": "rs6918311", "lemma": "Mutation@rs6918311"}, {"text": "rs495828", "type": "Mutation", "identifier": "rs495828", "lemma": "Mutation@rs495828"}, {"text": "rs1996546", "type": "Mutation", "identifier": "rs1996546", "lemma": "Mutation@rs1996546"}, {"text": "rs2421016", "type": "Mutation", "identifier": "rs2421016", "lemma": "Mutation@rs2421016"}, {"text": "rs10146997", "type": "Mutation", "identifier": "rs10146997", "lemma": "Mutation@rs10146997"}]}