{"entities": [{"text": "Alzheimer's disease", "type": "Disease", "identifier": "MESH:D000544", "lemma": "Disease@MESH:D000544"}, {"text": "CLU", "type": "Gene", "identifier": "1191", "lemma": "Gene@1191"}, {"text": "tau", "type": "Gene", "identifier": "4137", "lemma": "Gene@4137"}, {"text": "Abeta", "type": "Gene", "identifier": "351", "lemma": "Gene@351"}, {"text": "apolipoprotein E", "type": "Gene", "identifier": "348", "lemma": "Gene@348"}, {"text": "LINC00917", "type": "Gene", "identifier": "732275", "lemma": "Gene@732275"}, {"text": "interleukin 6", "type": "Gene", "identifier": "3569", "lemma": "Gene@3569"}, {"text": "neurodegeneration", "type": "Disease", "identifier": "MESH:D019636", "lemma": "Disease@MESH:D019636"}, {"text": "rs11136000", "type": "Mutation", "identifier": "rs11136000", "lemma": "Mutation@rs11136000"}, {"text": "rs7982", "type": "Mutation", "identifier": "rs7982", "lemma": "Mutation@rs7982"}, {"text": "rs9331896", "type": "Mutation", "identifier": "rs9331896", "lemma": "Mutation@rs9331896"}, {"text": "APOE", "type": "Gene", "identifier": "11816", "lemma": "Gene@11816"}, {"text": "CLU", "type": "Gene", "identifier": "12759", "lemma": "Gene@12759"}, {"text": "Abeta", "type": "Gene", "identifier": "14961", "lemma": "Gene@14961"}, {"text": "entorhinal atrophy", "type": "Disease", "identifier": "MESH:D001284", "lemma": "Disease@MESH:D001284"}, {"text": "cognitive decline", "type": "Disease", "identifier": "MESH:D003072", "lemma": "Disease@MESH:D003072"}, {"text": "dementia", "type": "Disease", "identifier": "MESH:D003704", "lemma": "Disease@MESH:D003704"}, {"text": "2.1", "type": "Gene", "identifier": "6700", "lemma": "Gene@6700"}, {"text": "Clinical Dementia Rating (CDR)", "type": "Gene", "identifier": "1038", "lemma": "Gene@1038"}, {"text": "MAF", "type": "Gene", "identifier": "4094", "lemma": "Gene@4094"}, {"text": "mpg", "type": "Gene", "identifier": "4350", "lemma": "Gene@4350"}, {"text": "pid", "type": "Gene", "identifier": "18698", "lemma": "Gene@18698"}, {"text": "mL", "type": "Gene", "identifier": "21832", "lemma": "Gene@21832"}, {"text": "rs2581305", "type": "Mutation", "identifier": "rs2581305", "lemma": "Mutation@rs2581305"}, {"text": "rs2581304", "type": "Mutation", "identifier": "rs2581304", "lemma": "Mutation@rs2581304"}, {"text": "rs1800795", "type": "Mutation", "identifier": "rs1800795", "lemma": "Mutation@rs1800795"}, {"text": "rs1800797", "type": "Mutation", "identifier": "rs1800797", "lemma": "Mutation@rs1800797"}, {"text": "HLA-A", "type": "Gene", "identifier": "3105", "lemma": "Gene@3105"}, {"text": "HLA-DPB1", "type": "Gene", "identifier": "3115", "lemma": "Gene@3115"}, {"text": "HLA-DPA1", "type": "Gene", "identifier": "3113", "lemma": "Gene@3113"}, {"text": "brain ischemia", "type": "Disease", "identifier": "MESH:D002545", "lemma": "Disease@MESH:D002545"}, {"text": "ischemia", "type": "Disease", "identifier": "MESH:D007511", "lemma": "Disease@MESH:D007511"}, {"text": "aquaporin-5", "type": "Gene", "identifier": "362", "lemma": "Gene@362"}, {"text": "Aquaporin 1", "type": "Gene", "identifier": "358", "lemma": "Gene@358"}, {"text": "TMEM106B", "type": "Gene", "identifier": "54664", "lemma": "Gene@54664"}, {"text": "granulin", "type": "Gene", "identifier": "2896", "lemma": "Gene@2896"}, {"text": "vascular dementia", "type": "Disease", "identifier": "MESH:D015140", "lemma": "Disease@MESH:D015140"}, {"text": "rheumatoid arthritis", "type": "Disease", "identifier": "MESH:D001172", "lemma": "Disease@MESH:D001172"}, {"text": "corneal sterile inflammation", "type": "Disease", "identifier": "MESH:D007246", "lemma": "Disease@MESH:D007246"}, {"text": "PICALM", "type": "Gene", "identifier": "8301", "lemma": "Gene@8301"}, {"text": "bipolar disorder", "type": "Disease", "identifier": "MESH:D001714", "lemma": "Disease@MESH:D001714"}, {"text": "inflammation", "type": "Disease", "identifier": "MESH:D007249", "lemma": "Disease@MESH:D007249"}, {"text": "CR1", "type": "Gene", "identifier": "1378", "lemma": "Gene@1378"}, {"text": "TNF-alpha", "type": "Gene", "identifier": "7124", "lemma": "Gene@7124"}, {"text": "EGF", "type": "Gene", "identifier": "1950", "lemma": "Gene@1950"}, {"text": "Bax", "type": "Gene", "identifier": "581", "lemma": "Gene@581"}, {"text": "Ku70", "type": "Gene", "identifier": "2547", "lemma": "Gene@2547"}, {"text": "colon cancer", "type": "Disease", "identifier": "MESH:D015179", "lemma": "Disease@MESH:D015179"}, {"text": "cdk5", "type": "Gene", "identifier": "1020", "lemma": "Gene@1020"}, {"text": "p35", "type": "Gene", "identifier": "3592", "lemma": "Gene@3592"}, {"text": "PID", "type": "Gene", "identifier": "9219", "lemma": "Gene@9219"}, {"text": "squamous carcinoma", "type": "Disease", "identifier": "MESH:D002294", "lemma": "Disease@MESH:D002294"}, {"text": "toxicity", "type": "Disease", "identifier": "MESH:D064420", "lemma": "Disease@MESH:D064420"}, {"text": "MAGI3", "type": "Gene", "identifier": "260425", "lemma": "Gene@260425"}, {"text": "VIPR1", "type": "Gene", "identifier": "7433", "lemma": "Gene@7433"}, {"text": "ADH1C", "type": "Gene", "identifier": "126", "lemma": "Gene@126"}, {"text": "ZC3H13", "type": "Gene", "identifier": "23091", "lemma": "Gene@23091"}, {"text": "TLL1", "type": "Gene", "identifier": "7092", "lemma": "Gene@7092"}, {"text": "ABCA13", "type": "Gene", "identifier": "154664", "lemma": "Gene@154664"}, {"text": "SEC23IP", "type": "Gene", "identifier": "11196", "lemma": "Gene@11196"}, {"text": "LINC00607", "type": "Gene", "identifier": "646324", "lemma": "Gene@646324"}, {"text": "LINC00314", "type": "Gene", "identifier": "246705", "lemma": "Gene@246705"}, {"text": "rs12470837", "type": "Mutation", "identifier": "rs12470837", "lemma": "Mutation@rs12470837"}, {"text": "rs17507884", "type": "Mutation", "identifier": "rs17507884", "lemma": "Mutation@rs17507884"}, {"text": "rs57375391", "type": "Mutation", "identifier": "rs57375391", "lemma": "Mutation@rs57375391"}, {"text": "rs73431975", "type": "Mutation", "identifier": "rs73431975", "lemma": "Mutation@rs73431975"}, {"text": "rs10102274", "type": "Mutation", "identifier": "rs10102274", "lemma": "Mutation@rs10102274"}, {"text": "rs7533701", "type": "Mutation", "identifier": "rs7533701", "lemma": "Mutation@rs7533701"}, {"text": "rs417387", "type": "Mutation", "identifier": "rs417387", "lemma": "Mutation@rs417387"}, {"text": "rs12195424", "type": "Mutation", "identifier": "rs12195424", "lemma": "Mutation@rs12195424"}, {"text": "rs1693575", "type": "Mutation", "identifier": "rs1693575", "lemma": "Mutation@rs1693575"}, {"text": "rs1662046", "type": "Mutation", "identifier": "rs1662046", "lemma": "Mutation@rs1662046"}, {"text": "rs77121579", "type": "Mutation", "identifier": "rs77121579", "lemma": "Mutation@rs77121579"}, {"text": "rs3783863", "type": "Mutation", "identifier": "rs3783863", "lemma": "Mutation@rs3783863"}, {"text": "rs741668", "type": "Mutation", "identifier": "rs741668", "lemma": "Mutation@rs741668"}, {"text": "rs2456721", "type": "Mutation", "identifier": "rs2456721", "lemma": "Mutation@rs2456721"}, {"text": "rs1006064", "type": "Mutation", "identifier": "rs1006064", "lemma": "Mutation@rs1006064"}, {"text": "rs72635116", "type": "Mutation", "identifier": "rs72635116", "lemma": "Mutation@rs72635116"}, {"text": "rs9972327", "type": "Mutation", "identifier": "rs9972327", "lemma": "Mutation@rs9972327"}, {"text": "rs79215379", "type": "Mutation", "identifier": "rs79215379", "lemma": "Mutation@rs79215379"}, {"text": "rs11006002", "type": "Mutation", "identifier": "rs11006002", "lemma": "Mutation@rs11006002"}, {"text": "rs2442825", "type": "Mutation", "identifier": "rs2442825", "lemma": "Mutation@rs2442825"}, {"text": "rs9305339", "type": "Mutation", "identifier": "rs9305339", "lemma": "Mutation@rs9305339"}, {"text": "rs17068510", "type": "Mutation", "identifier": "rs17068510", "lemma": "Mutation@rs17068510"}, {"text": "rs131814", "type": "Mutation", "identifier": "rs131814", "lemma": "Mutation@rs131814"}, {"text": "rs6758001", "type": "Mutation", "identifier": "rs6758001", "lemma": "Mutation@rs6758001"}, {"text": "rs144495862", "type": "Mutation", "identifier": "rs144495862", "lemma": "Mutation@rs144495862"}, {"text": "MAF                                                       1", "type": "Gene", "identifier": "84232", "lemma": "Gene@84232"}, {"text": "THNSL2", "type": "Gene", "identifier": "55258", "lemma": "Gene@55258"}, {"text": "MTF2", "type": "Gene", "identifier": "22823", "lemma": "Gene@22823"}, {"text": "OR51E2", "type": "Gene", "identifier": "81285", "lemma": "Gene@81285"}, {"text": "LINC00635", "type": "Gene", "identifier": "151658", "lemma": "Gene@151658"}, {"text": "LINC01163", "type": "Gene", "identifier": "101927381", "lemma": "Gene@101927381"}, {"text": "LINC01014", "type": "Gene", "identifier": "100874330", "lemma": "Gene@100874330"}, {"text": "rs4428865", "type": "Mutation", "identifier": "rs4428865", "lemma": "Mutation@rs4428865"}, {"text": "rs12492269", "type": "Mutation", "identifier": "rs12492269", "lemma": "Mutation@rs12492269"}, {"text": "rs4930776", "type": "Mutation", "identifier": "rs4930776", "lemma": "Mutation@rs4930776"}, {"text": "rs2007029", "type": "Mutation", "identifier": "rs2007029", "lemma": "Mutation@rs2007029"}, {"text": "rs1575951", "type": "Mutation", "identifier": "rs1575951", "lemma": "Mutation@rs1575951"}, {"text": "rs7995618", "type": "Mutation", "identifier": "rs7995618", "lemma": "Mutation@rs7995618"}, {"text": "rs66478310", "type": "Mutation", "identifier": "rs66478310", "lemma": "Mutation@rs66478310"}, {"text": "rs7589728", "type": "Mutation", "identifier": "rs7589728", "lemma": "Mutation@rs7589728"}, {"text": "rs520885", "type": "Mutation", "identifier": "rs520885", "lemma": "Mutation@rs520885"}, {"text": "rs11793419", "type": "Mutation", "identifier": "rs11793419", "lemma": "Mutation@rs11793419"}, {"text": "rs2502399", "type": "Mutation", "identifier": "rs2502399", "lemma": "Mutation@rs2502399"}, {"text": "rs13121109", "type": "Mutation", "identifier": "rs13121109", "lemma": "Mutation@rs13121109"}, {"text": "rs4545046", "type": "Mutation", "identifier": "rs4545046", "lemma": "Mutation@rs4545046"}, {"text": "rs2029773", "type": "Mutation", "identifier": "rs2029773", "lemma": "Mutation@rs2029773"}, {"text": "rs4637816", "type": "Mutation", "identifier": "rs4637816", "lemma": "Mutation@rs4637816"}, {"text": "rs58655671", "type": "Mutation", "identifier": "rs58655671", "lemma": "Mutation@rs58655671"}, {"text": "blood coagulation", "type": "Disease", "identifier": "MESH:D001778", "lemma": "Disease@MESH:D001778"}, {"text": "ventricular septum", "type": "Disease", "identifier": "MESH:C562832", "lemma": "Disease@MESH:C562832"}]}