{"entities": [{"text": "FGFR2", "type": "Gene", "identifier": "2263", "lemma": "Gene@2263"}, {"text": "Acute Myeloid Leukemia", "type": "Disease", "identifier": "MESH:D015470", "lemma": "Disease@MESH:D015470"}, {"text": "RUNX1", "type": "Gene", "identifier": "861", "lemma": "Gene@861"}, {"text": "JAK1", "type": "Gene", "identifier": "3716", "lemma": "Gene@3716"}, {"text": "PDGFRA", "type": "Gene", "identifier": "5156", "lemma": "Gene@5156"}, {"text": "cancer", "type": "Disease", "identifier": "MESH:D009369", "lemma": "Disease@MESH:D009369"}, {"text": "rs2912759", "type": "Mutation", "identifier": "rs2912759", "lemma": "Mutation@rs2912759"}, {"text": "rs7090018", "type": "Mutation", "identifier": "rs7090018", "lemma": "Mutation@rs7090018"}, {"text": "RUNX1T1", "type": "Gene", "identifier": "862", "lemma": "Gene@862"}, {"text": "CBFB", "type": "Gene", "identifier": "865", "lemma": "Gene@865"}, {"text": "MYH11", "type": "Gene", "identifier": "4629", "lemma": "Gene@4629"}, {"text": "core-binding factor", "type": "Gene", "identifier": "10153", "lemma": "Gene@10153"}, {"text": "CAML", "type": "Gene", "identifier": "819", "lemma": "Gene@819"}, {"text": "myeloid neoplasms", "type": "Disease", "identifier": "MESH:D007951", "lemma": "Disease@MESH:D007951"}, {"text": "bone marrow", "type": "Disease", "identifier": "MESH:D001855", "lemma": "Disease@MESH:D001855"}, {"text": "leukemia", "type": "Disease", "identifier": "MESH:D007938", "lemma": "Disease@MESH:D007938"}, {"text": "deaths", "type": "Disease", "identifier": "MESH:D003643", "lemma": "Disease@MESH:D003643"}, {"text": "FLT3", "type": "Gene", "identifier": "2322", "lemma": "Gene@2322"}, {"text": "JAK2", "type": "Gene", "identifier": "3717", "lemma": "Gene@3717"}, {"text": "NRAS", "type": "Gene", "identifier": "4893", "lemma": "Gene@4893"}, {"text": "KRAS", "type": "Gene", "identifier": "3845", "lemma": "Gene@3845"}, {"text": "rs762247", "type": "Mutation", "identifier": "rs762247", "lemma": "Mutation@rs762247"}, {"text": "acute lymphoblastic leukemia", "type": "Disease", "identifier": "MESH:D054198", "lemma": "Disease@MESH:D054198"}, {"text": "rs8133478", "type": "Mutation", "identifier": "rs8133478", "lemma": "Mutation@rs8133478"}, {"text": "rs310199", "type": "Mutation", "identifier": "rs310199", "lemma": "Mutation@rs310199"}, {"text": "rs310202", "type": "Mutation", "identifier": "rs310202", "lemma": "Mutation@rs310202"}, {"text": "rs310201", "type": "Mutation", "identifier": "rs310201", "lemma": "Mutation@rs310201"}, {"text": "rs11208534", "type": "Mutation", "identifier": "rs11208534", "lemma": "Mutation@rs11208534"}, {"text": "rs3790541", "type": "Mutation", "identifier": "rs3790541", "lemma": "Mutation@rs3790541"}, {"text": "hematological malignancies", "type": "Disease", "identifier": "MESH:D019337", "lemma": "Disease@MESH:D019337"}, {"text": "FIP1L1", "type": "Gene", "identifier": "81608", "lemma": "Gene@81608"}, {"text": "idiopathic hypereosinophilic syndrome", "type": "Disease", "identifier": "MESH:D017681", "lemma": "Disease@MESH:D017681"}, {"text": "familial gastrointestinal stromal tumors", "type": "Disease", "identifier": "MESH:D046152", "lemma": "Disease@MESH:D046152"}, {"text": "brain tumor", "type": "Disease", "identifier": "MESH:D001932", "lemma": "Disease@MESH:D001932"}, {"text": "eosinophilia", "type": "Disease", "identifier": "MESH:D004802", "lemma": "Disease@MESH:D004802"}, {"text": "AKT", "type": "Gene", "identifier": "207", "lemma": "Gene@207"}, {"text": "oral squamous cell carcinoma", "type": "Disease", "identifier": "MESH:D002294", "lemma": "Disease@MESH:D002294"}, {"text": "breast cancer", "type": "Disease", "identifier": "MESH:D001943", "lemma": "Disease@MESH:D001943"}, {"text": "endometrial cancer", "type": "Disease", "identifier": "MESH:D016889", "lemma": "Disease@MESH:D016889"}, {"text": "multiple myeloma (MM) and myeloproliferative disorder", "type": "Disease", "identifier": "MESH:D009101", "lemma": "Disease@MESH:D009101"}, {"text": "gastric cancer", "type": "Disease", "identifier": "MESH:D013274", "lemma": "Disease@MESH:D013274"}, {"text": "liver hematopoiesis", "type": "Disease", "identifier": "MESH:C536227", "lemma": "Disease@MESH:C536227"}, {"text": "JAK3", "type": "Gene", "identifier": "3718", "lemma": "Gene@3718"}, {"text": "ZNF148", "type": "Gene", "identifier": "7707", "lemma": "Gene@7707"}, {"text": "neuroectodermal tumours", "type": "Disease", "identifier": "MESH:D017599", "lemma": "Disease@MESH:D017599"}, {"text": "ependymomas", "type": "Disease", "identifier": "MESH:D004806", "lemma": "Disease@MESH:D004806"}, {"text": "eosinophilia-associated acute myeloid leukemia and lymphoblastic T-cell lymphoma", "type": "Disease", "identifier": "MESH:D054218", "lemma": "Disease@MESH:D054218"}, {"text": "Fibroblast Growth Factor (FGF-2", "type": "Gene", "identifier": "2247", "lemma": "Gene@2247"}, {"text": "FGFR-3", "type": "Gene", "identifier": "2261", "lemma": "Gene@2261"}, {"text": "colorectal cancers", "type": "Disease", "identifier": "MESH:D015179", "lemma": "Disease@MESH:D015179"}, {"text": "FGFR1", "type": "Gene", "identifier": "2260", "lemma": "Gene@2260"}, {"text": "FIM", "type": "Gene", "identifier": "7750", "lemma": "Gene@7750"}, {"text": "ulcers", "type": "Disease", "identifier": "MESH:D014456", "lemma": "Disease@MESH:D014456"}]}