{"entities": [{"text": "Diabetes", "type": "Disease", "identifier": "MESH:D003920", "lemma": "Disease@MESH:D003920"}, {"text": "PLEKHH2", "type": "Gene", "identifier": "130271", "lemma": "Gene@130271"}, {"text": "rs11124945", "type": "Mutation", "identifier": "rs11124945", "lemma": "Mutation@rs11124945"}, {"text": "Hypertension", "type": "Disease", "identifier": "MESH:D006973", "lemma": "Disease@MESH:D006973"}, {"text": "DM", "type": "Disease", "identifier": "MESH:D009223", "lemma": "Disease@MESH:D009223"}, {"text": "KCNJ1", "type": "Gene", "identifier": "3758", "lemma": "Gene@3758"}, {"text": "TCF7L2", "type": "Gene", "identifier": "6934", "lemma": "Gene@6934"}, {"text": "dyslipidemia", "type": "Disease", "identifier": "MESH:D050171", "lemma": "Disease@MESH:D050171"}, {"text": "coronary artery disease", "type": "Disease", "identifier": "MESH:D003324", "lemma": "Disease@MESH:D003324"}, {"text": "Cis", "type": "Gene", "identifier": "1154", "lemma": "Gene@1154"}, {"text": "THADA", "type": "Gene", "identifier": "63892", "lemma": "Gene@63892"}, {"text": "p14", "type": "Gene", "identifier": "11102", "lemma": "Gene@11102"}, {"text": "TLR1", "type": "Gene", "identifier": "7096", "lemma": "Gene@7096"}, {"text": "TLR6", "type": "Gene", "identifier": "10333", "lemma": "Gene@10333"}, {"text": "TLR10", "type": "Gene", "identifier": "81793", "lemma": "Gene@81793"}, {"text": "rs4833103", "type": "Mutation", "identifier": "rs4833103", "lemma": "Mutation@rs4833103"}, {"text": "thyroid adenoma", "type": "Disease", "identifier": "MESH:D013964", "lemma": "Disease@MESH:D013964"}, {"text": "diabetic nephropathy", "type": "Disease", "identifier": "MESH:D003928", "lemma": "Disease@MESH:D003928"}, {"text": "prostate cancer", "type": "Disease", "identifier": "MESH:D011471", "lemma": "Disease@MESH:D011471"}, {"text": "rs6544683", "type": "Mutation", "identifier": "rs6544683", "lemma": "Mutation@rs6544683"}, {"text": "polycystic ovary syndrome GWAS", "type": "Disease", "identifier": "MESH:D011085", "lemma": "Disease@MESH:D011085"}, {"text": "rs7578597", "type": "Mutation", "identifier": "rs7578597", "lemma": "Mutation@rs7578597"}, {"text": "death", "type": "Disease", "identifier": "MESH:D003643", "lemma": "Disease@MESH:D003643"}, {"text": "TLR2", "type": "Gene", "identifier": "7097", "lemma": "Gene@7097"}, {"text": "TLR4", "type": "Gene", "identifier": "7099", "lemma": "Gene@7099"}, {"text": "NFkappaB", "type": "Gene", "identifier": "4790", "lemma": "Gene@4790"}, {"text": "NLRP3", "type": "Gene", "identifier": "114548", "lemma": "Gene@114548"}, {"text": "IL-18", "type": "Gene", "identifier": "3606", "lemma": "Gene@3606"}, {"text": "IL-1beta", "type": "Gene", "identifier": "3553", "lemma": "Gene@3553"}, {"text": "pancreatic beta-cell insulin secretion and systemic insulin", "type": "Disease", "identifier": "MESH:D007333", "lemma": "Disease@MESH:D007333"}, {"text": "pancreatic islet", "type": "Disease", "identifier": "MESH:C535838", "lemma": "Disease@MESH:C535838"}, {"text": "glucose homeostasis", "type": "Disease", "identifier": "MESH:D018149", "lemma": "Disease@MESH:D018149"}, {"text": "pancreatic", "type": "Disease", "identifier": "MESH:D010195", "lemma": "Disease@MESH:D010195"}, {"text": "deterioration of glucose homeostasis", "type": "Disease", "identifier": "MESH:D060825", "lemma": "Disease@MESH:D060825"}, {"text": "cardiovascular disease", "type": "Disease", "identifier": "MESH:D002318", "lemma": "Disease@MESH:D002318"}, {"text": "stroke", "type": "Disease", "identifier": "MESH:D020521", "lemma": "Disease@MESH:D020521"}, {"text": "Heart disease", "type": "Disease", "identifier": "MESH:D006331", "lemma": "Disease@MESH:D006331"}, {"text": "KCNMB1", "type": "Gene", "identifier": "3779", "lemma": "Gene@3779"}, {"text": "glomerulosclerosis", "type": "Disease", "identifier": "MESH:D005921", "lemma": "Disease@MESH:D005921"}, {"text": "type 2 diabetes", "type": "Disease", "identifier": "MESH:D003924", "lemma": "Disease@MESH:D003924"}, {"text": "DENND1A", "type": "Gene", "identifier": "57706", "lemma": "Gene@57706"}, {"text": "p21", "type": "Gene", "identifier": "644914", "lemma": "Gene@644914"}, {"text": "CDC123", "type": "Gene", "identifier": "8872", "lemma": "Gene@8872"}, {"text": "CAMK1D", "type": "Gene", "identifier": "57118", "lemma": "Gene@57118"}, {"text": "ADAMTS9", "type": "Gene", "identifier": "56999", "lemma": "Gene@56999"}, {"text": "BCL11A", "type": "Gene", "identifier": "53335", "lemma": "Gene@53335"}, {"text": "MTNR1B", "type": "Gene", "identifier": "4544", "lemma": "Gene@4544"}, {"text": "pancreatic diseases", "type": "Disease", "identifier": "MESH:D010182", "lemma": "Disease@MESH:D010182"}, {"text": "vascular disease", "type": "Disease", "identifier": "MESH:D000783", "lemma": "Disease@MESH:D000783"}, {"text": "cytochrome P450 2C19", "type": "Gene", "identifier": "1557", "lemma": "Gene@1557"}, {"text": "beta2", "type": "Gene", "identifier": "10242", "lemma": "Gene@10242"}, {"text": "SIGLEC12", "type": "Gene", "identifier": "89858", "lemma": "Gene@89858"}, {"text": "A1BG", "type": "Gene", "identifier": "1", "lemma": "Gene@1"}, {"text": "VKORC1", "type": "Gene", "identifier": "79001", "lemma": "Gene@79001"}, {"text": "CACNA1C", "type": "Gene", "identifier": "775", "lemma": "Gene@775"}, {"text": "SBP", "type": "Gene", "identifier": "8991", "lemma": "Gene@8991"}, {"text": "DBP", "type": "Gene", "identifier": "1628", "lemma": "Gene@1628"}, {"text": "Hypercholesterolemia", "type": "Disease", "identifier": "MESH:D006937", "lemma": "Disease@MESH:D006937"}, {"text": "ischemic", "type": "Disease", "identifier": "MESH:D007511", "lemma": "Disease@MESH:D007511"}, {"text": "Left ventricular hypertrophy 19", "type": "Disease", "identifier": "MESH:D017379", "lemma": "Disease@MESH:D017379"}, {"text": "FTOP1", "type": "Gene", "identifier": "100874223", "lemma": "Gene@100874223"}, {"text": "KLF3", "type": "Gene", "identifier": "51274", "lemma": "Gene@51274"}, {"text": "KLHL5", "type": "Gene", "identifier": "51088", "lemma": "Gene@51088"}, {"text": "FAM114A1", "type": "Gene", "identifier": "92689", "lemma": "Gene@92689"}]}