{"entities": [{"text": "SEMA5B", "type": "Gene", "identifier": "54437", "lemma": "Gene@54437"}, {"text": "TMPRSS2", "type": "Gene", "identifier": "7113", "lemma": "Gene@7113"}, {"text": "ITPK1", "type": "Gene", "identifier": "3705", "lemma": "Gene@3705"}, {"text": "ANKRD26", "type": "Gene", "identifier": "22852", "lemma": "Gene@22852"}, {"text": "rs460976", "type": "Mutation", "identifier": "rs460976", "lemma": "Mutation@rs460976"}, {"text": "stroke", "type": "Disease", "identifier": "MESH:D020521", "lemma": "Disease@MESH:D020521"}, {"text": "diabetes mellitus", "type": "Disease", "identifier": "MESH:D003920", "lemma": "Disease@MESH:D003920"}, {"text": "rs4905014", "type": "Mutation", "identifier": "rs4905014", "lemma": "Mutation@rs4905014"}, {"text": "neurodegenerative diseases", "type": "Disease", "identifier": "MESH:D019636", "lemma": "Disease@MESH:D019636"}, {"text": "cardiovascular diseases", "type": "Disease", "identifier": "MESH:D002318", "lemma": "Disease@MESH:D002318"}, {"text": "coronary heart disease", "type": "Disease", "identifier": "MESH:D003324", "lemma": "Disease@MESH:D003324"}, {"text": "DM", "type": "Disease", "identifier": "MESH:D009223", "lemma": "Disease@MESH:D009223"}, {"text": "heart failure", "type": "Disease", "identifier": "MESH:D006333", "lemma": "Disease@MESH:D006333"}, {"text": "infection", "type": "Disease", "identifier": "MESH:D007239", "lemma": "Disease@MESH:D007239"}, {"text": "rs12420422", "type": "Mutation", "identifier": "rs12420422", "lemma": "Mutation@rs12420422"}, {"text": "hematopoiesis", "type": "Disease", "identifier": "MESH:C536227", "lemma": "Disease@MESH:C536227"}, {"text": "rs7081476", "type": "Mutation", "identifier": "rs7081476", "lemma": "Mutation@rs7081476"}, {"text": "inflammation", "type": "Disease", "identifier": "MESH:D007249", "lemma": "Disease@MESH:D007249"}, {"text": "cancer", "type": "Disease", "identifier": "MESH:D009369", "lemma": "Disease@MESH:D009369"}, {"text": "fitness", "type": "Disease", "identifier": "MESH:D012640", "lemma": "Disease@MESH:D012640"}, {"text": "rs8082812", "type": "Mutation", "identifier": "rs8082812", "lemma": "Mutation@rs8082812"}, {"text": "rs1869717", "type": "Mutation", "identifier": "rs1869717", "lemma": "Mutation@rs1869717"}, {"text": "APOE", "type": "Gene", "identifier": "348", "lemma": "Gene@348"}, {"text": "PTPN22", "type": "Gene", "identifier": "26191", "lemma": "Gene@26191"}, {"text": "AD", "type": "Disease", "identifier": "MESH:D000544", "lemma": "Disease@MESH:D000544"}, {"text": "dementia", "type": "Disease", "identifier": "MESH:D003704", "lemma": "Disease@MESH:D003704"}, {"text": "Brooks-Wilson", "type": "Disease", "identifier": "MESH:D006527", "lemma": "Disease@MESH:D006527"}, {"text": "rheumatoid arthritis", "type": "Disease", "identifier": "MESH:D001172", "lemma": "Disease@MESH:D001172"}, {"text": "Crohn's disease", "type": "Disease", "identifier": "MESH:D003424", "lemma": "Disease@MESH:D003424"}, {"text": "myocardial infarction", "type": "Disease", "identifier": "MESH:D009203", "lemma": "Disease@MESH:D009203"}, {"text": "van der Sluis", "type": "Disease", "identifier": "MESH:C536528", "lemma": "Disease@MESH:C536528"}, {"text": "p10", "type": "Gene", "identifier": "6281", "lemma": "Gene@6281"}, {"text": "HRS", "type": "Disease", "identifier": "MESH:D020191", "lemma": "Disease@MESH:D020191"}, {"text": "CHS", "type": "Disease", "identifier": "MESH:D002609", "lemma": "Disease@MESH:D002609"}, {"text": "Atherosclerosis", "type": "Disease", "identifier": "MESH:D050197", "lemma": "Disease@MESH:D050197"}, {"text": "FHS Original cohort", "type": "Disease", "identifier": "MESH:D014717", "lemma": "Disease@MESH:D014717"}, {"text": "Hemoglobin A1c. CRP", "type": "Gene", "identifier": "1401", "lemma": "Gene@1401"}, {"text": "HBP", "type": "Gene", "identifier": "50865", "lemma": "Gene@50865"}, {"text": "Psychiatric diseases", "type": "Disease", "identifier": "MESH:D001523", "lemma": "Disease@MESH:D001523"}, {"text": "lung diseases", "type": "Disease", "identifier": "MESH:D008171", "lemma": "Disease@MESH:D008171"}, {"text": "Arthritis", "type": "Disease", "identifier": "MESH:D001168", "lemma": "Disease@MESH:D001168"}, {"text": "ND", "type": "Disease", "identifier": "MESH:C537849", "lemma": "Disease@MESH:C537849"}, {"text": "hypertension", "type": "Disease", "identifier": "MESH:D006973", "lemma": "Disease@MESH:D006973"}, {"text": "HbA1", "type": "Gene", "identifier": "3039", "lemma": "Gene@3039"}, {"text": "Cystatin C", "type": "Gene", "identifier": "1471", "lemma": "Gene@1471"}, {"text": "TC Cancer", "type": "Disease", "identifier": "OMIM:275350", "lemma": "Disease@OMIM:275350"}, {"text": "HC AF", "type": "Disease", "identifier": "MESH:D001281", "lemma": "Disease@MESH:D001281"}, {"text": "Death FHS", "type": "Disease", "identifier": "MESH:D003643", "lemma": "Disease@MESH:D003643"}, {"text": "Death FHS C2", "type": "Disease", "identifier": "OMIM:217000", "lemma": "Disease@OMIM:217000"}, {"text": "blood glucose", "type": "Disease", "identifier": "MESH:D006402", "lemma": "Disease@MESH:D006402"}, {"text": "Cox", "type": "Gene", "identifier": "1351", "lemma": "Gene@1351"}, {"text": "GRASP", "type": "Gene", "identifier": "160622", "lemma": "Gene@160622"}, {"text": "hypersensitive", "type": "Disease", "identifier": "MESH:D004342", "lemma": "Disease@MESH:D004342"}, {"text": "TCF7L2", "type": "Gene", "identifier": "6934", "lemma": "Gene@6934"}, {"text": "HSPA8", "type": "Gene", "identifier": "3312", "lemma": "Gene@3312"}, {"text": "MAML3", "type": "Gene", "identifier": "55534", "lemma": "Gene@55534"}, {"text": "p = 4", "type": "Gene", "identifier": "201780", "lemma": "Gene@201780"}, {"text": "p = 8", "type": "Gene", "identifier": "6279", "lemma": "Gene@6279"}, {"text": "p = 1", "type": "Gene", "identifier": "1423", "lemma": "Gene@1423"}, {"text": "p = 5", "type": "Gene", "identifier": "10130", "lemma": "Gene@10130"}, {"text": "rs4132670", "type": "Mutation", "identifier": "rs4132670", "lemma": "Mutation@rs4132670"}, {"text": "rs7901695", "type": "Mutation", "identifier": "rs7901695", "lemma": "Mutation@rs7901695"}, {"text": "rs4506565", "type": "Mutation", "identifier": "rs4506565", "lemma": "Mutation@rs4506565"}, {"text": "MASTL", "type": "Gene", "identifier": "84930", "lemma": "Gene@84930"}, {"text": "LINC00202-1", "type": "Gene", "identifier": "387644", "lemma": "Gene@387644"}, {"text": "p = 9", "type": "Gene", "identifier": "11340", "lemma": "Gene@11340"}, {"text": "p = 7", "type": "Gene", "identifier": "84068", "lemma": "Gene@84068"}, {"text": "p = 3", "type": "Gene", "identifier": "518", "lemma": "Gene@518"}, {"text": "p = 6", "type": "Gene", "identifier": "6283", "lemma": "Gene@6283"}, {"text": "rs12573313", "type": "Mutation", "identifier": "rs12573313", "lemma": "Mutation@rs12573313"}, {"text": "Rs7081476", "type": "Mutation", "identifier": "Rs7081476", "lemma": "Mutation@Rs7081476"}, {"text": "rs7069690", "type": "Mutation", "identifier": "rs7069690", "lemma": "Mutation@rs7069690"}, {"text": "Rs12420422", "type": "Mutation", "identifier": "Rs12420422", "lemma": "Mutation@Rs12420422"}, {"text": "CLMP", "type": "Gene", "identifier": "79827", "lemma": "Gene@79827"}, {"text": "MX1", "type": "Gene", "identifier": "4599", "lemma": "Gene@4599"}, {"text": "MX2", "type": "Gene", "identifier": "4600", "lemma": "Gene@4600"}, {"text": "rs2276348", "type": "Mutation", "identifier": "rs2276348", "lemma": "Mutation@rs2276348"}, {"text": "Rs460976", "type": "Mutation", "identifier": "Rs460976", "lemma": "Mutation@Rs460976"}, {"text": "rs11910387", "type": "Mutation", "identifier": "rs11910387", "lemma": "Mutation@rs11910387"}, {"text": "rs7280422", "type": "Mutation", "identifier": "rs7280422", "lemma": "Mutation@rs7280422"}, {"text": "Rs7632505", "type": "Mutation", "identifier": "Rs7632505", "lemma": "Mutation@Rs7632505"}, {"text": "PDIA5", "type": "Gene", "identifier": "10954", "lemma": "Gene@10954"}, {"text": "rs72974405", "type": "Mutation", "identifier": "rs72974405", "lemma": "Mutation@rs72974405"}, {"text": "rs9829771", "type": "Mutation", "identifier": "rs9829771", "lemma": "Mutation@rs9829771"}, {"text": "Rs4905014", "type": "Mutation", "identifier": "Rs4905014", "lemma": "Mutation@Rs4905014"}, {"text": "neuroblastoma", "type": "Disease", "identifier": "MESH:D009447", "lemma": "Disease@MESH:D009447"}, {"text": "Rs8082812", "type": "Mutation", "identifier": "Rs8082812", "lemma": "Mutation@Rs8082812"}, {"text": "Rs1869717", "type": "Mutation", "identifier": "Rs1869717", "lemma": "Mutation@Rs1869717"}, {"text": "dysfunction", "type": "Disease", "identifier": "MESH:D006331", "lemma": "Disease@MESH:D006331"}, {"text": "ANKRD26", "type": "Gene", "identifier": "232339", "lemma": "Gene@232339"}, {"text": "non-syndromic thrombocytopenia-2", "type": "Disease", "identifier": "MESH:D013921", "lemma": "Disease@MESH:D013921"}, {"text": "glucose homeostasis", "type": "Disease", "identifier": "MESH:D018149", "lemma": "Disease@MESH:D018149"}, {"text": "obesity", "type": "Disease", "identifier": "MESH:D009765", "lemma": "Disease@MESH:D009765"}, {"text": "viral respiratory infections", "type": "Disease", "identifier": "MESH:D012131", "lemma": "Disease@MESH:D012131"}, {"text": "peripheral vascular occlusive disease", "type": "Disease", "identifier": "MESH:D016491", "lemma": "Disease@MESH:D016491"}, {"text": "thromboangiitis obliterans", "type": "Disease", "identifier": "MESH:D013919", "lemma": "Disease@MESH:D013919"}, {"text": "neural tube defects", "type": "Disease", "identifier": "MESH:D009436", "lemma": "Disease@MESH:D009436"}, {"text": "RAB12", "type": "Gene", "identifier": "201475", "lemma": "Gene@201475"}, {"text": "PTPRM", "type": "Gene", "identifier": "5797", "lemma": "Gene@5797"}, {"text": "transferrin", "type": "Gene", "identifier": "7018", "lemma": "Gene@7018"}, {"text": "rs1531070", "type": "Mutation", "identifier": "rs1531070", "lemma": "Mutation@rs1531070"}, {"text": "congenital heart malformation", "type": "Disease", "identifier": "MESH:D006330", "lemma": "Disease@MESH:D006330"}, {"text": "hyperglycemia", "type": "Disease", "identifier": "MESH:D006943", "lemma": "Disease@MESH:D006943"}, {"text": "toxicity", "type": "Disease", "identifier": "MESH:D064420", "lemma": "Disease@MESH:D064420"}, {"text": "Parkinson's disease", "type": "Disease", "identifier": "MESH:D010300", "lemma": "Disease@MESH:D010300"}, {"text": "fatness", "type": "Disease", "identifier": "MESH:D005218", "lemma": "Disease@MESH:D005218"}, {"text": "platelet syndrome", "type": "Disease", "identifier": "MESH:D001791", "lemma": "Disease@MESH:D001791"}, {"text": "FoxP1", "type": "Gene", "identifier": "27086", "lemma": "Gene@27086"}, {"text": "thrombospondin-1", "type": "Gene", "identifier": "7057", "lemma": "Gene@7057"}, {"text": "Heat shock proteins", "type": "Disease", "identifier": "MESH:D012769", "lemma": "Disease@MESH:D012769"}, {"text": "mTORC1", "type": "Gene", "identifier": "382056", "lemma": "Gene@382056"}, {"text": "vascular disease", "type": "Disease", "identifier": "MESH:D000783", "lemma": "Disease@MESH:D000783"}, {"text": "CTLA4", "type": "Gene", "identifier": "1493", "lemma": "Gene@1493"}, {"text": "RPTP delta", "type": "Gene", "identifier": "5789", "lemma": "Gene@5789"}, {"text": "RPTP psi", "type": "Gene", "identifier": "10076", "lemma": "Gene@10076"}, {"text": "thrombosis", "type": "Disease", "identifier": "MESH:D013927", "lemma": "Disease@MESH:D013927"}, {"text": "p57Kip2", "type": "Gene", "identifier": "1028", "lemma": "Gene@1028"}, {"text": "p27Kip1", "type": "Gene", "identifier": "1027", "lemma": "Gene@1027"}]}