{"entities": [{"text": "TRPM1", "type": "Gene", "identifier": "4308", "lemma": "Gene@4308"}, {"text": "ABHD2", "type": "Gene", "identifier": "11057", "lemma": "Gene@11057"}, {"text": "AMD", "type": "Disease", "identifier": "MESH:D006009", "lemma": "Disease@MESH:D006009"}, {"text": "C16069T", "type": "Mutation", "identifier": "g.16069C>T", "lemma": "Mutation@g.16069C>T"}, {"text": "G12771A", "type": "Mutation", "identifier": "g.12771G>A", "lemma": "Mutation@g.12771G>A"}, {"text": "A4917G", "type": "Mutation", "identifier": "rs984641027", "lemma": "Mutation@rs984641027"}, {"text": "T5004C", "type": "Mutation", "identifier": "rs1262963065", "lemma": "Mutation@rs1262963065"}, {"text": "MT-ND2", "type": "Gene", "identifier": "4536", "lemma": "Gene@4536"}, {"text": "RLBP1", "type": "Gene", "identifier": "6017", "lemma": "Gene@6017"}, {"text": "MT-ND5", "type": "Gene", "identifier": "4540", "lemma": "Gene@4540"}, {"text": "retinal disease", "type": "Disease", "identifier": "MESH:D012164", "lemma": "Disease@MESH:D012164"}, {"text": "blindness", "type": "Disease", "identifier": "MESH:D001766", "lemma": "Disease@MESH:D001766"}, {"text": "CFH", "type": "Gene", "identifier": "3075", "lemma": "Gene@3075"}, {"text": "TIMP3", "type": "Gene", "identifier": "7078", "lemma": "Gene@7078"}, {"text": "VEGFA", "type": "Gene", "identifier": "7422", "lemma": "Gene@7422"}, {"text": "atrophy", "type": "Disease", "identifier": "MESH:D001284", "lemma": "Disease@MESH:D001284"}, {"text": "CAF", "type": "Gene", "identifier": "8850", "lemma": "Gene@8850"}, {"text": "rs7182946", "type": "Mutation", "identifier": "rs7182946", "lemma": "Mutation@rs7182946"}, {"text": "rs6493454", "type": "Mutation", "identifier": "rs6493454", "lemma": "Mutation@rs6493454"}, {"text": "LIPC", "type": "Gene", "identifier": "3990", "lemma": "Gene@3990"}, {"text": "rs2070895", "type": "Mutation", "identifier": "rs2070895", "lemma": "Mutation@rs2070895"}, {"text": "rs2043085", "type": "Mutation", "identifier": "rs2043085", "lemma": "Mutation@rs2043085"}, {"text": "rs144871045", "type": "Mutation", "identifier": "rs144871045", "lemma": "Mutation@rs144871045"}, {"text": "rs4932480", "type": "Mutation", "identifier": "rs4932480", "lemma": "Mutation@rs4932480"}, {"text": "rs2351006", "type": "Mutation", "identifier": "rs2351006", "lemma": "Mutation@rs2351006"}, {"text": "rs11459118", "type": "Mutation", "identifier": "rs11459118", "lemma": "Mutation@rs11459118"}, {"text": "rs875391", "type": "Mutation", "identifier": "rs875391", "lemma": "Mutation@rs875391"}, {"text": "rs2070780", "type": "Mutation", "identifier": "rs2070780", "lemma": "Mutation@rs2070780"}, {"text": "rs875390", "type": "Mutation", "identifier": "rs875390", "lemma": "Mutation@rs875390"}, {"text": "rs4932478", "type": "Mutation", "identifier": "rs4932478", "lemma": "Mutation@rs4932478"}, {"text": "RELA", "type": "Gene", "identifier": "5970", "lemma": "Gene@5970"}, {"text": "RUNX3", "type": "Gene", "identifier": "864", "lemma": "Gene@864"}, {"text": "DHS", "type": "Disease", "identifier": "MESH:C566369", "lemma": "Disease@MESH:C566369"}, {"text": "hypersensitivity", "type": "Disease", "identifier": "MESH:D004342", "lemma": "Disease@MESH:D004342"}, {"text": "GATA2", "type": "Gene", "identifier": "2624", "lemma": "Gene@2624"}, {"text": "USF1", "type": "Gene", "identifier": "7391", "lemma": "Gene@7391"}, {"text": "EBF1", "type": "Gene", "identifier": "1879", "lemma": "Gene@1879"}, {"text": "rs3809579", "type": "Mutation", "identifier": "rs3809579", "lemma": "Mutation@rs3809579"}, {"text": "dystrophy", "type": "Disease", "identifier": "MESH:D009136", "lemma": "Disease@MESH:D009136"}, {"text": "retinitis punctata albescens", "type": "Disease", "identifier": "MESH:C562733", "lemma": "Disease@MESH:C562733"}, {"text": "vision deterioration", "type": "Disease", "identifier": "MESH:D015354", "lemma": "Disease@MESH:D015354"}, {"text": "autosomal recessive congenital stationary night blindness", "type": "Disease", "identifier": "MESH:C536122", "lemma": "Disease@MESH:C536122"}, {"text": "vision loss", "type": "Disease", "identifier": "MESH:D014786", "lemma": "Disease@MESH:D014786"}, {"text": "atherosclerotic lesions", "type": "Disease", "identifier": "MESH:D050197", "lemma": "Disease@MESH:D050197"}, {"text": "damage or dysfunction", "type": "Disease", "identifier": "MESH:D004194", "lemma": "Disease@MESH:D004194"}, {"text": "metabotropic glutamate receptor 6", "type": "Gene", "identifier": "2916", "lemma": "Gene@2916"}, {"text": "microphthalmia-associated transcription factor", "type": "Gene", "identifier": "4286", "lemma": "Gene@4286"}, {"text": "EFEMP1", "type": "Gene", "identifier": "2202", "lemma": "Gene@2202"}, {"text": "mitochondrial dysfunction", "type": "Disease", "identifier": "MESH:D028361", "lemma": "Disease@MESH:D028361"}, {"text": "cadherin 13", "type": "Gene", "identifier": "1012", "lemma": "Gene@1012"}, {"text": "retinal dystrophies", "type": "Disease", "identifier": "MESH:D058499", "lemma": "Disease@MESH:D058499"}, {"text": "mGluR6", "type": "Gene", "identifier": "14806", "lemma": "Gene@14806"}, {"text": "retinal ON-bipolar", "type": "Disease", "identifier": "MESH:D001714", "lemma": "Disease@MESH:D001714"}, {"text": "melanoma", "type": "Disease", "identifier": "MESH:D008545", "lemma": "Disease@MESH:D008545"}, {"text": "Rdh5", "type": "Gene", "identifier": "5959", "lemma": "Gene@5959"}, {"text": "Cain", "type": "Gene", "identifier": "23523", "lemma": "Gene@23523"}, {"text": "Evangelia E", "type": "Disease", "identifier": "MESH:D016751", "lemma": "Disease@MESH:D016751"}, {"text": "Cornelia M. van Duijn,24 Claudia N. von Strachwitz", "type": "Disease", "identifier": "MESH:C566367", "lemma": "Disease@MESH:C566367"}, {"text": "NRL", "type": "Gene", "identifier": "4901", "lemma": "Gene@4901"}, {"text": "Neurodegeneration", "type": "Disease", "identifier": "MESH:D019636", "lemma": "Disease@MESH:D019636"}, {"text": "6INSERM", "type": "Mutation", "identifier": "6INSERM", "lemma": "Mutation@6INSERM"}, {"text": "Diabetes", "type": "Disease", "identifier": "MESH:D003920", "lemma": "Disease@MESH:D003920"}, {"text": "de la Vision", "type": "Disease", "identifier": "MESH:C535395", "lemma": "Disease@MESH:C535395"}, {"text": "Ophthalmology Columbia", "type": "Disease", "identifier": "MESH:C536647", "lemma": "Disease@MESH:C536647"}]}