{"sentences": [{"sent": "In a genome-wide association study of structural Disease@MESH:D017825, we mapped the 3D profile of temporal lobe volume differences in 742 brain MRI scans of Disease@MESH:D000544 patients, mildly impaired, and healthy elderly subjects. After searching 546,314 genomic markers, 2 single nucleotide polymorphisms (SNPs) were associated with bilateral temporal lobe volume (P < 5x10-7). One SNP, Mutation@rs10845840, is located in the Gene@2904 gene which encodes the N-Methyl-D-Aspartate (NMDA) glutamate receptor Gene@2904 subunit. This protein - involved in learning and memory, and excitotoxic cell Disease@MESH:D003643 - has Gene@5973-dependent prevalence in the synapse and is already a therapeutic target in Disease@MESH:D000544. Risk alleles for lower temporal lobe volume at this SNP were significantly over-represented in Disease@MESH:D000544 and MCI subjects versus controls (odds ratio = 1.273; P = 0.039) and were associated with the mini-mental state exam (MMSE; t = -2.114; P = 0.035) demonstrating a negative effect on global cognitive function. Voxelwise maps of genetic association of this SNP with regional brain volumes, revealed intense temporal lobe effects (FDR correction at q = 0.05; critical P = 0.0257). This study uses large-scale brain mapping for gene discovery with implications for Disease@MESH:D000544", "type": "abstract"}, {"sent": "The quest to identify genes that influence brain integrity or Disease@MESH:D012162 has been greatly accelerated by large scale scanning and genotyping of subjects with Disease@MESH:D000544 (Disease@MESH:D000544) and those at risk with Disease@MESH:D003072 (MCI). Here we developed a high resolution mapping approach to associate 546,314 genomic markers with regional volumetric differences in the brain MRI scans of 742 subjects. The resulting study is the largest brain mapping to date that has used genome-wide scans, which we applied to create point-by-point maps of genetic association. We found that lower temporal lobe volumes were most associated with a common variant in the glutamate receptor gene, Gene@2904. In addition, this risk allele was statistically over-represented in Disease@MESH:D000544 and MCI versus elderly control subjects", "type": "paragraph"}, {"sent": "Disease@MESH:D001927 is characteristic of Disease@MESH:D000544 and MCI, a condition with 5-fold increased risk for subsequent development of Disease@MESH:D000544. In Disease@MESH:D000544, the hippocampus and entorhinal cortex of the temporal lobes are typically the first structures to degenerate. Temporal lobe volume differences are detectable on structural brain MRI through delineation of the hippocampus or by tensor-based morphometry, which plots the 3D profile of volume loss or gain relative to a template. Lower temporal lobe volume is a well known biological marker and risk factor for Disease@MESH:D000544 and MCI, and reflects both cellular Disease@MESH:D001284 (shrinkage) and overt Disease@MESH:D009410. In young healthy adults, twin studies attribute ~50% of the temporal lobe volume variation and 40-69% of hippocampal volume variation to genetic influences", "type": "paragraph"}, {"sent": "Late-onset Disease@MESH:D000544 is genetically complex; most likely, many genes with small effects contribute to the overall disease phenotype. Several genetic variants are known to increase the risk for late onset Disease@MESH:D000544 including those in the Gene@1191 and Gene@8301 genes and most notably the epsilon4 allele of the Gene@348 gene; however, the epsilon4 allele is found in only around 38% of those with Disease@MESH:D000544 (relative to 14% of healthy subjects), and these genetic variants do not account for the full genetic risk for late-onset Disease@MESH:D000544. Risk alleles for Disease@MESH:D000544 have been verified by comparing allele frequencies of common polymorphisms between Disease@MESH:D000544 patients and healthy controls. Here, instead of first comparing the incidence of genetic polymorphisms between diagnostic categories, we ask a distinct but related question: which common genetic polymorphisms influence brain structure in pathological aging? Progressive temporal lobe and Disease@MESH:D001284 may mediate the link between genes and Disease@MESH:D001523, so any genes associated with Disease@MESH:D020914 may be a more powerful way to identify mechanisms of disease onset and Disease@MESH:D003072. In addition, the gene products identified may become future therapeutic targets", "type": "paragraph"}, {"sent": "Prior genome-wide analysis using quantitative traits relevant to disease or brain function has been successful, and will likely help in better understanding the etiology of these processes. Genetic variants in the Gene@23286 gene were identified using association to memory performance and other genetic variants worthy of further study were implicated through studying activation during fMRI tasks of working memory", "type": "paragraph"}, {"sent": "In a large-scale genetic analysis of 742 subjects, we set out to identify common genetic polymorphisms that influence brain structure in the elderly. By enforcing a genome-wide statistical threshold to avoid false positives, and incorporating prior knowledge of genetic mechanisms in biochemical pathways relevant to aging and Disease@MESH:D000544, we identified 2 regions on the genome that are strongly associated with temporal lobe structure. The structure-modifying genetic variants were further assessed by comparing allele frequencies between Disease@MESH:D000544 patients and healthy controls, a common method to validate a candidate risk gene. The function of the most strongly associated gene, already known from prior studies of glutamate receptors, is highly relevant to learning and memory, and relates to current therapeutic strategies for Disease@MESH:D000544 (i.e., memantine drug treatment)", "type": "paragraph"}, {"sent": "Neuroimaging and genetic data were acquired from 818 subjects as part of the Disease@MESH:D000544 (ADNI), a large five-year study launched in 2004 by the National Institute on Aging (NIA), the National Institute of Biomedical Imaging and Bioengineering (NIBIB), the Food and Drug Administration (FDA), private pharmaceutical companies, and non-profit organizations, as a $60 million, public-private partnership. The goal of the ADNI study is to determine biological markers of Disease@MESH:D000544 through neuroimaging, genetics, neuropsychological tests and other measures in order to develop new treatments and monitor their effectiveness, and lessen the time of clinical trials. Subjects were recruited from 58 sites in the United States. The study was conducted according to the Good Clinical Practice guidelines, the Declaration of Helsinki, and U.S. 21 CFR Part 50 - Protection of Human Subjects, and Part 56 - Institutional Review Boards. Written informed consent was obtained from all participants before protocol-specific procedures were performed. All data acquired as part of this study are publicly available (http://www.loni.ucla.edu/ADNI/)", "type": "paragraph"}, {"sent": "All subjects underwent thorough clinical and cognitive assessment at the time of scan acquisition to determine diagnosis. The mini-mental state exam (MMSE) was administered to provide a global measure of mental status. The clinical Disease@MESH:D003704 rating (CDR) was used to assess Disease@MESH:D003704 severity. Healthy volunteer status was determined through MMSE scores between 24-30 (inclusive), a CDR of 0, non-depressed, non-MCI, and non-demented. MCI diagnosis was determined by MMSE scores between 24-30 (inclusive), a memory complaint, objective Disease@MESH:D008569 measured by education adjusted scores on the Wechsler Memory Scale Logical Memory II, a CDR of 0.5, absence of significant levels of impairment in other cognitive domains, essentially preserved activities of daily living, and an absence of Disease@MESH:D003704. Diagnosis of Disease@MESH:D000544 was made according to NINCDS-ADRDA criteria for probable Disease@MESH:D000544, MMSE scores between 20-26 (inclusive), and CDR of 0.5 or 1.0. Definitive autopsy-based diagnosis of Disease@MESH:D000544 was not possible", "type": "paragraph"}, {"sent": "DNA was isolated from B lymphocytes cells taken from blood and extracted using standard procedures. Genomic DNA samples were analyzed on the Human 610-Quad BeadChip (Illumina, Inc. San Diego, CA) according to the manufacturer's protocols (Infinium Disease@MESH:D006816 Assay; Super Protocol Guide; Rev. A May 2008). Before the initiation of the assay, 50ng of genomic DNA from each sample was examined qualitatively on a 1% Tris-acetate-EDTA agarose gel for visual signs of degradation. Any degraded DNA samples were excluded from further analysis. Samples were quantitated in triplicate with PicoGreen  reagent (Invitrogen, Carlsbad, CA) and diluted to 50ng/mul in Tris-EDTA buffer (10mM Tris, 1mM EDTA, pH 8.0). 200 ng of DNA was then denatured, neutralized, and amplified for 22 hours at 37 C (this is termed the Gene@27235 plate). The Gene@27235 plate was then fragmented with FMS reagent (Illumina) at 37 C for one hour and then precipitated with 2-propanol and incubated at 4 C for 30 minutes. The resulting blue precipitate was then resuspended in RA1 reagent (Illumina) at 48 C for one hour. The samples were then denatured (95 C for 20 minutes) and immediately hybridized onto BeadChips at 48 C for 20 hours. BeadChips were then washed and subjected to single base extension and staining. Finally, the BeadChips were coated with XC4 reagent (Illumina), dessicated, and imaged on the BeadArray Reader (Illumina)", "type": "paragraph"}, {"sent": "Genome-wide genotype information was collected at 620,901 markers. Multiple types of genetic variants were genotyped, but only Single Nucleotide Polymorphisms (SNPs) were included in this analysis. Alleles on the forward strand are reported. Individual markers were excluded from the analysis that did not satisfy the following quality criteria based on previous genome-wide association studies: genotype call rate < 95 % (42,680 SNPs removed), significant deviation from Hardy-Weinberg equilibrium P < 5.7x10-7 (873 markers removed), minor allele frequency < 0.01 (60,867 SNPs removed), and a platform-specific recommended quality control score of < 0.15 (variable number of SNPs removed across subjects). 546,314 SNPs remained for analysis after quality control. Association was conducted using the Plink software package (version 1.05; http://pngu.mgh.harvard.edu/purcell/plink/) to conduct a regression at each SNP with the number of minor alleles, Gene@5973, and sex as the independent variables and the quantitative phenotype (temporal lobe or hippocampal volume) as the dependent variable, assuming an additive genetic model", "type": "paragraph"}, {"sent": "In addition to a standard regression analysis, a permutation test was conducted to give P-values corrected for multiple comparisons across all the SNPs assessed for potential association. First, the effects of Gene@5973 and sex were regressed on the phenotype. The residuals of this regression formed Gene@5973 and sex adjusted phenotypes. Phenotypes (i.e. image data) were randomly swapped between subjects without restriction, and the linear regression analysis without covariates was performed again for each marker and the t-statistic of association was saved. This process was repeated 10,000 times to obtain a non-parametric null distribution for the best SNP. We note that this is quite a conservative approach, as the SNP's P-value is not merely compared to its own association P-value in null data (which would be appropriate if it were the only SNP examined). Instead, it is compared with the best (most strongly associated) SNP's P-value at each randomization. To assign a corrected P-value to a SNP, the t-value for association when the data were correctly assigned is compared to the maximum of all the permuted statistics at each iteration", "type": "paragraph"}, {"sent": "Genes and ESTs in close proximity to significant SNPs were localized through the UCSC genome browser (http://genome.ucsc.edu/) and are shown in Table 1. Results were visualized and linkage disequilibrium (LD) patterns with putative causative mutations in the general population were explored using Haploview (version 4.1; http://www.broad.mit.edu/Gene@4350/haploview/) using allele frequency information from a European population (CEU) derived from the HapMap project (Release 22; http://www.hapmap.org/). Additionally, gene functions and known associations with disease were reviewed using the Online Mendelian Inheritance in Man database (OMIM; http://www.ncbi.nlm.nih.gov/sites/entrez?db=omim) and gene ontology information from the Entrez Gene (http://www.ncbi.nlm.nih.gov/sites/entrez?db=gene) database", "type": "paragraph"}, {"sent": "To ensure that diagnosis did not confound the analyses, empirical P-values were generated using the \"-within\" flag in Plink. This permutation algorithm randomly swaps phenotypes between individuals, but only within specified subgroups - in this case diagnosis group (Disease@MESH:D000544, MCI, controls). Any effect of group is then built into the null (reference) distribution formed by permutation tests. The linear regression analysis without covariates was performed again for each marker and the t-statistic for each marker was saved. This process was adaptively repeated to ensure stable P-values (up to 100 million replicates). SNPs that proved unlikely to become significant after a small number of permutations were no longer swapped for computational efficiency as high precision for non-associated (high) P-values is not desirable here. The number of times a test statistic met or exceeded the observed test statistic was divided by the total number of permutations performed for that SNP. The effect of diagnosis is therefore preserved in each permuted dataset. In this way, we were able to control for diagnosis in the analyses without the loss of power and multiple testing issues related to analyzing each group separately", "type": "paragraph"}, {"sent": "To control for population substructure, an additional analysis was performed which controls for genetic relatedness. First, a kinship matrix was estimated from the identity-by-state relationship of each subject to each other. A linear mixed effects model was then used to estimate the significance of each SNP to the phenotype of interest controlling for any population structure and also controlling for Gene@5973 and sex according to the formul", "type": "paragraph"}, {"sent": "  where y is a vector representing the phenotype; X is a matrix of fixed effects containing the additive genetic effect of a SNP, Gene@5973, sex, and a constant term; beta is a vector representing the fixed effect regression coefficients; Z is an identity matrix; u is the random effect with Var(u) = sigma2gK, where K is the kinship matrix; and e is a matrix of residual effects with Var(e)= sigma2eI. This analysis was implemented using Efficient Mixed-Model Association (EMMA; http://mouse.cs.ucla.edu/emma/)", "type": "paragraph"}, {"sent": "Three-dimensional T1-weighted baseline brain MRI scans were analyzed using tensor-based morphometry (TBM) and an automated hippocampal recognition algorithm as detailed in previous studies. Briefly, high-resolution structural brain MRI scans were acquired at 58 ADNI sites with 1.5 T MRI scanners using a sagittal 3D MP-Gene@177 sequence developed for consistency across sites (TR = 2400 ms, TE = 1000 ms, flip angle = 8 , field of view = 24 cm, final reconstructed voxel resolution = 0.9375 x 0.9375 x 1.2 mm3). Images were calibrated with phantom-based geometric corrections to ensure consistency across scanners. Additional image corrections included: (1) correction of geometric distortions due to gradient non-linearity, (2) adjustment for image intensity inhomogeneity due to B1 field non-uniformity using calibration scans, (3) reducing residual intensity homogeneity, and (4) geometric scaling according to a phantom scan acquired for each subject to adjust for scanner- and session-specific calibration errors. Images were linearly registered with 9 parameters to the International Consortium for Brain Imaging template (ICBM-53) to adjust for differences in brain position and scaling", "type": "paragraph"}, {"sent": "For TBM analysis, the protocol was identical to that of a prior study analyzing the clinical correlates of temporal lobe volume differences in a smaller population; since then, genome-wide genotype data was collected. First, a minimal deformation template (MDT) was created for the healthy elderly group to serve as an unbiased average template image to which all other images were warped using a non-linear inverse-consistent elastic intensity-based registration algorithm. Volumetric tissue differences were assessed in all individuals by averaging the determinant of the Jacobian matrix of deformation in a bilateral temporal lobe region of interest, manually delineated on the MDT (Figure 2a). The average of the determinant of the Jacobian matrix multiplied by the volume of the temporal lobe delineated on the template gives the volume of the temporal lobe in each subject. This volumetric difference relative to a population-based brain template served as the temporal lobe volume measure", "type": "paragraph"}, {"sent": "For the hippocampal volume analysis, the protocol is identical to that of a prior study assessing hippocampal volume. Two independent raters reliably delineated the hippocampus in 21 subjects (7 Disease@MESH:D000544, 7 MCI, and 7 healthy elderly). The auto context model, a machine learning algorithm based on AdaBoost, was used to create a model based on the most predictive features from the images in one of the rater's training sets. The model was then applied to all other scans in the sample, generating a 3D outline of the hippocampus in the full set of images (Figure 2b). The average bilateral hippocampal volume served as the hippocampal volume phenotype. To reduce effects of any segmentation errors on the hippocampal volume estimates, we eliminated some subjects with volumes in the extreme lowest and highest percentiles of the full sample (40 lying more than 2 standard deviations below the mean and 1 subjects lying more than 2 standard deviations above the mean)", "type": "paragraph"}, {"sent": "As expected, the two phenotypes of temporal lobe volume and hippocampal volume were moderately correlated (r2 = 0.079, P = 1.02x10-13). The quantitative phenotypes are partially dependent, as both hippocampal and temporal lobe volume reduction occur with normal aging and Disease@MESH:D000544, but the variance in one explained by the other is low", "type": "paragraph"}, {"sent": "Population stratification is a known problem in genetic association analyses which can produce false-positive or false-negative results. When multiple subpopulations are present in the data (population stratification), spurious associations (or lack of associations) can result from allele frequency differences between populations rather than associations with the phenotype. Self-declared Caucasian (non-Hispanic) subjects represented the vast majority of the genetic data in the Disease@MESH:D000544 Neuroimaging Initiative sample (91%), so only these subjects (N = 745) were included to reduce population stratification effects. It is possible that self-declared ethnicity does not match with true ethnicity, and that substructure exists even within the Caucasian group. To examine this, multi-dimensional scaling (MDS) was used to project the identity-by-state (IBS) relationship of each subject in relation to other subjects to a 2-dimensional space. Substructures in the data, showing genetically more or less related groups, can then be easily visualized (Figure 1). The MDS results showed that all self-identified Caucasians fell within the same genotypic cluster, confirming the self-report and providing evidence for using only Caucasian subjects to reduce the effects of population stratification (Figure 1, Left). Additionally, the MDS plot identified 2 pairs of subjects as siblings within the Caucasian group (Figure 1, Middle) and otherwise showed some substructure within the data (Figure 1, Right)", "type": "paragraph"}, {"sent": "Two partially independent phenotypes were analyzed: temporal lobe volume and hippocampal volume, each with a slightly different population sample. Temporal lobe volume was assessed in 173 Disease@MESH:D000544 patients (78 female/95 male; mean Gene@5973 +- standard deviation = 75.54 +- 7.66), 361 MCI subjects (130 female/231 male; 75.16 +- 7.29), and 208 healthy elderly subjects (95 female/113 male; 76.07 +- 4.95). Gene@5973 was not significantly different between groups (F2,739 = 1.172; P = 0.3103), but gender was (chi2(2) = 6.787, P = 0.0334). Hippocampal volume was assessed in 162 Disease@MESH:D000544 patients (73 female/89 male; 75.17 +- 7.57), 343 MCI subjects (128 female/215 male; 74.94 +- 7.26), and 193 healthy elderly (91 female/102 male; 76.11 +- 4.97). Gene@5973 was not significantly different between groups (F2,695 = 1.892; P = 0.1516), but there was a trend in gender differences between the groups (chi2(2) = 5.810, P = 0.0547)", "type": "paragraph"}, {"sent": "The profile of temporal lobe volume differences were assessed with Tensor Based Morphometry (TBM; Figure 2a) which plots, in 3D, the pattern of differences in regional brain volumes, for each brain, relative to a minimal deformation template (MDT) of healthy elderly subjects from this study. The volume difference for all voxels in a bilateral temporal lobe region of interest was averaged and used as a quantitative phenotype for genomic association, as a summary measure of temporal lobe volume. Hippocampal volume was assessed with an automated recognition program (Figure 2b) that was trained on 21 manual delineations of the hippocampus by a reliable rater. The average bilateral hippocampal volume was also used as a quantitative phenotype for genomic association", "type": "paragraph"}, {"sent": "As expected, an initial comparison of temporal lobe volume between diagnostic groups showed significant differences between both Disease@MESH:D000544 vs. healthy elderly (mean temporal lobe volume in mm3 +- s.d. 255,483 +- 13,927 vs. 264,405 +- 11,827; t379 = -6.76; P = 5.19 x 10-11) and MCI vs. healthy elderly (259,501 +- 13,886 vs. 264,405 +- 11,827; t567 = - 4.27; P = 2.22 x 10-5). A comparison of hippocampal volume between diagnostic groups also showed significant differences, as expected, between both Disease@MESH:D000544 vs. healthy elderly (mean hippocampal volume in mm3 +- s.d. 2,713.2 +- 555.4 vs. 3,417.6 +- 531.0; t353 = -12.19; P = 2.2 x 10-16) and MCI vs. healthy elderly (3,001.6 +- 574.2 vs. 3,417.6 +- 531.0; t534 = -8.27; P = 1.1 x 10-15)", "type": "paragraph"}, {"sent": "Genome-wide association analysis at 546,314 SNPs using temporal lobe and hippocampal volume as quantitative phenotypes, after controlling for Gene@5973 and sex, revealed two SNPs that survived the genome-wide evidence threshold of P < 5x10-7 (Figure 3a). Information on SNPs surviving a more liberal threshold of P < 1x10-5 and their closest genes (within +- 50 kb) is presented in Table 1", "type": "paragraph"}, {"sent": "To assess the corrected significance level of these findings, we constructed a quantile-quantile plot of sorted P-values based on a log10 scale (Figure 3b). No inflation of observed versus expected P-values (black line) was found, as shown through these plots and by calculation of variance inflation factors, lambda, which do not differ greatly from 1 (temporal lobe volume lambda =1.021, hippocampal volume lambda =1.013). This demonstrates that the data generally follow the null hypothesis of no association and only deviate in the far tails of the distribution. Population stratification is therefore again unlikely to account for the results", "type": "paragraph"}, {"sent": "Both SNPs that survived the genome-wide evidence threshold were found using the temporal lobe volume phenotype. One SNP, Mutation@rs10845840 (P = 1.260x10-7), is located on chromosome 12 within an intron of the Gene@2904 gene, which encodes for the regulatory subunit 2B (Gene@2904) of the NMDA glutamate receptor. An additional SNP, Mutation@rs11055612, strongly associated with the temporal lobe volume phenotype (P = 2.809x10-6) is also located in an intron of the Gene@2904 gene and in high LD with Mutation@rs10845840 (r2 = 0.872). The other SNP which survived the genome-wide evidence threshold, Mutation@rs2456930 (P = 3.142x10-7), lies in an intergenic region of chromosome 15. Upon randomly removing two subjects, one from each of the sibling pairs identified above, the results were changed very little and still survived the genome-wide evidence threshold (P = 1.715 x10-7 for Mutation@rs10845840; P = 2.191x10-7 for Mutation@rs2456930; N = 740). Additionally, because some population substructure was identified (Figure 1, Right) an analysis was conducted using a mixed model approach that controls for genetic relatedness. The two SNPs identified here remained significant in this analysis (P = 1.463x10-7 for Mutation@rs10845840; P = 3.762 x10-7 for Mutation@rs2456930; N = 742) clearly showing that population substructure is not accounting for the results. These findings also survive the genome-wide evidence threshold after controlling for diagnostic group by permuting phenotype values within each of the three diagnostic categories (P = 4.033x10-7 for Mutation@rs10845840 and P = 1.500x10-7 for Mutation@rs2456930; N = 742). After correction for multiple comparisons using permutation testing, both SNPs have trend-level association (corrected P = 0.05419 for Mutation@rs10845840 and corrected P = 0.1369 for Mutation@rs2456930; N = 742)", "type": "paragraph"}, {"sent": "Other genes of interest (Table 1) were identified with both the temporal lobe volume and hippocampal volume phenotype at a more liberal threshold of P < 1x10-5. These genes include Gene@55182, Gene@27340, and KIAA0743. Gene@55182 and Gene@27340 are largely unstudied, but they fall into functional groups of metal binding (Gene@55182) and suppression of cell proliferation (Gene@27340). KIAA0743 is also known as Gene@9369 (Gene@9369) and is involved with axon guidance and cell adhesion. Additionally, SNP Mutation@rs1448284 is located on chromosome 4 within an expressed sequence tag (EST; GenBank Accession DA204899) showing expression in the brain; however, it is not in linkage disequilibrium (LD) with any RefSeq (a curated Reference Sequence database) gene. Additional interesting SNPs were identified in intergenic regions which were not close to genes or ESTs", "type": "paragraph"}, {"sent": "To determine how the different genotypes of the most associated SNPs affected brain volumes, boxplots were created for each of these SNPs (Figure 4). As expected, an additive genetic effect is clearly evident with the lowest phenotype value resembling a risk genotype (T allele for Mutation@rs10845840 and G allele for Mutation@rs2456930)", "type": "paragraph"}, {"sent": "After detecting their effect on brain structure, we tested if the allele frequencies for the two most associated SNPs identified in this study were over-represented in impaired versus healthy subjects (Disease@MESH:D000544 and MCI vs. healthy elderly) in all 745 Caucasian (non-Hispanic) subjects with genomic data. Intriguingly, the adverse genotype of the SNP within Mutation@rs10845840 (in the glutamate receptor Gene@2904 gene) was significantly over-represented in MCI and Disease@MESH:D000544 (chi2 = 4.242; OR = 1.273; P = 0.039). The allele frequency of the other SNP, Mutation@rs2456930, was not significantly different between diagnostic groups (chi2 = 0.760; OR = 0.902; P = 0.383). Additionally, MMSE scores were associated with the adverse genotype of the Gene@2904 SNP Mutation@rs10845840 (t = -2.114; P = 0.035) showing that risk alleles are associated with a negative effect on global cognitive function. However, MMSE scores were not associated with Mutation@rs2456930 (t = -0.3373; P = 0.736)", "type": "paragraph"}, {"sent": "The polymorphisms identified here could serve as proxies for association tests to causative SNPs not directly genotyped in this experiment. The HapMap database gives the linkage disequilibrium, or correlation between the presence of two alleles in a population, for many more SNPs across the genome than were genotyped in this experiment. We identified three functional SNPs within the Gene@2904 gene (including adjacent regulatory regions) that were also genotyped in a European population in the HapMap database. Functional SNPs were defined as SNPs in untranslated regions with potential to affect transcription (3' or 5' UTR), SNPs in exons that change the amino acid or prematurely end translation of the protein (coding non-synonymous), and SNPs in splice sites. The SNP in the Gene@2904 gene identified here (Mutation@rs10845840) had low correlation to three SNPs in the 5' UTR of the Gene@2904 gene: Mutation@rs1805502 (r2 = 0.0060), Mutation@rs1805476 (r2 = 0.096), Mutation@rs890 (r2 = 0.1). Other functional SNPs exist within the Gene@2904 gene but are not available from the HapMap database version used here (Release 22)", "type": "paragraph"}, {"sent": "To estimate how many subjects would be needed to replicate the finding, conditional on the dataset used, that these genetic variants are associated with temporal lobe structure, we took a resampling approach. Three subjects, one from each diagnostic category (Disease@MESH:D000544, MCI, and healthy control), were randomly picked and removed from the analysis and the P-value for each of the most associated SNPs was calculated. The process was repeated until no more subjects remained in the diagnostic category with the least number of subjects (173 Disease@MESH:D000544 subjects). To estimate confidence intervals for this estimate, the resampling was repeated 1000 times. 95% confidence intervals were based on the 2.5th and 97.5th percentiles of the resampled distribution (Figure 5). Fewer than 323 and <223 subjects would be required to replicate the effect of Mutation@rs10845840 and Mutation@rs2456930, respectively, with 95% confidence in a new sample at a significance level of P < 0.025 (a nominal P < 0.05, Bonferroni corrected for two independent tests). We note that the standard P < 0.05 level rather than the genome-wide threshold would be applicable to a replication sample, as a prior hypothesis regarding the specific gene exists", "type": "paragraph"}, {"sent": "The phenotype used initially for the genome-wide search was the overall bilateral volume of the temporal lobes. This phenotype proved useful for finding genomic markers highly associated with the temporal lobe; however, it does not provide the spatial localization of the SNP's effect on the temporal lobe volume. To further investigate this, the difference in temporal lobe volume relative to a standard template was assessed at every voxel in the temporal lobe through TBM, a widely-used method for mapping the 3D profile of brain volumetric differences in human populations. Temporal lobe volume differences at each voxel were regressed on the number of minor alleles at SNP Mutation@rs10845840, after adjusting for simultaneous effects of Gene@5973, and sex, at all voxels, across all subjects. The P-value of the genetic association to Mutation@rs10845840 for each voxel was then plotted, and is shown in Figure 6. To correct for multiple comparisons across voxels, a False Discovery Rate correction of q = 0.05 was used to establish a critical P-value threshold of 0.0257. With this approach, on average, only 5% of the suprathreshold voxels in a map of this kind will be false positives; in other words, it is expected that the voxel-by-voxel genetic associations are true associations at 95% of the suprathreshold voxels shown. The SNP has wide ranging effects across the temporal lobe, but the strongest effects are on the bilateral temporal poles and in the medial temporal lobes, bilaterally", "type": "paragraph"}, {"sent": "It is also of interest to know if the genetic association between the GRIN2B glutamate receptor gene variant and brain volumes can be found within each diagnostic group: controls, MCI, and Disease@MESH:D000544 patients. We computed 3 separate maps of the genetic association between the GRIN2B glutamate receptor gene variant and brain volumes in healthy elderly controls, MCI, and Disease@MESH:D000544 patients, separately. For all 3 groups, a cumulative distribution function plot of the observed P-values in each of the diagnostic groups is shown in Figure 7. This figure shows the cumulative distribution of P-values in the temporal lobe (see Figure 6) for all Disease@MESH:D000544, MCI, and healthy elderly subjects separately. In these plots, the curves that rise more sharply than the reference curve (y=20x) are considered to show significant effects after the conventional correction for multiple spatial comparisons, because they find associations at a rate that is at least 20 times the rate that would be expected by chance if all genomic data were null and showed no association. As shown, only the MCI group passes the FDR threshold of q = 0.05 with a critical P-value threshold of 0.0053. The MCI group also has the greatest number of subjects", "type": "paragraph"}, {"sent": "The epsilon4 allele of the Gene@348 gene is a well-validated genetic risk factor for Disease@MESH:D000544, and we and others have previously found that this allele is associated with Disease@MESH:D004833 and with the rate of hippocampal Disease@MESH:D001284. Excluding all APOE epsilon2 allele carriers, we tested the additive genetic effect of carrying an Gene@348 epsilon4 allele (controlling for Gene@5973 and sex) on temporal lobe structure using a voxelwise approach. As expected, this was significant after correcting for multiple comparisons through FDR (critical P = 0.000431; q = 0.05; N = 619). We then tested whether there was a significant interaction between (1) the additive effect of the risk allele at SNP Mutation@rs10845840 in the Gene@2904 gene, and (2) the additive effect of the Gene@348 epsilon4 allele, in terms of their statistical effect on temporal lobe volume differences. A multiple regression model predicting temporal lobe volume differences based on the Mutation@rs10845840 genotype, Gene@348 epsilon4 genotype, and the interaction of the two (controlling for Gene@5973 and sex) did not survive multiple comparisons correction using FDR at q = 0.05, suggesting that epistatic interactions between APOE epsilon4 and Gene@2904 do not account for our findings", "type": "paragraph"}, {"sent": "We have identified here two common polymorphisms that are associated with temporal lobe volume with genome-wide support in a large cohort of elderly subjects, assessed with brain imaging and genome-wide scanning. We also identified several potential candidate genes associated with both temporal lobe and hippocampal volume. We identified one SNP within an intergenic region on chromosome 15 which is strongly associated with temporal lobe volume. The most strongly associated polymorphism was within the Gene@2904 gene, which encodes the Gene@2904 subunit of the NMDA receptor, and is a promising functional candidate considering the prior evidence of its involvement in learning and memory, structural plasticity of the brain, and in characteristic features of Disease@MESH:D000544 and Disease@MESH:D019636, including as a therapeutic target receptor. NMDA receptors have long been implicated in long-term potentiation, a key process in learning and memory, and over-expression of the GRIN2B glutamate receptor gene enhances learning and memory in mice. Synaptic plasticity mediated through NMDA receptors also causes structural remodeling of neurons, which reinforces these connections. Pharmaceutical blockade of NMDA receptor channels can limit cell Disease@MESH:D003643 induced by Disease@None. In addition, the relative prevalence and location of the Gene@2904 subunit within the synapse is Gene@5973-dependent. In early postnatal development, there is greater prevalence of the Gene@2904 subunit, and its distribution shifts toward extrasynaptic locations with aging", "type": "paragraph"}, {"sent": "In addition, we performed fine-scale voxel-by-voxel mapping of associations between this genetic polymorphism and brain structure. The genes identified here were found based on gross summaries of anatomy, and stringent genome-wide evidence. However, we subsequently used a voxel-based mapping method to assess, at each point in the brain, the statistical association between Mutation@rs10845840 and variations in brain structure. This clarified the anatomical specificity and localization of the gene effects, revealing strong effects in the bilateral temporal poles and bilateral medial temporal lobes. In situ hybridization in post-mortem human brain has revealed high expression of Gene@2904 mRNA within pyramidal cells of the temporal cortex and hippocampus, consistent with this SNP having effects in these regions", "type": "paragraph"}, {"sent": "These findings may add another piece to the multifactorial genetic puzzle of late onset Disease@MESH:D000544. Late-onset Disease@MESH:D000544 is hypothesized to be influenced by many genes, each with a relatively small effect. Difficulties in finding these genes may arise from the heterogeneous nature of the disease, which can lead to groups of subjects with the same diagnosis but with different genetic architectures. Here, we use a different approach by studying a phenotype that is biologically based and is strongly associated with the disease. We note that the risk allele identified in the Gene@2904 gene is over-represented in patients with Disease@MESH:D000544 and MCI. It passes the genome-wide support threshold for association with Disease@MESH:D004833, which are a known risk factor for Disease@MESH:D000544. The polymorphisms identified here also have relatively small effect: Mutation@rs2456930 decreases temporal lobe volume, on average, by 1.473% per risk allele, and Mutation@rs10845840 decreases temporal lobe volume by 1.457% per risk allele. Each of these genetic variations may contribute somewhat to the as yet unmodeled sources of heritability of Disease@MESH:D000544 beyond the currently accepted risk alleles, such as APOE epsilon4. A combined approach of studying genetic risk for Disease@MESH:D000544 through diagnosis, neuroimaging and structural endophenotypes may result in progress in discovering genetic contributors to late-onset Disease@MESH:D000544", "type": "paragraph"}, {"sent": "The image pre-processing conducted here used a 9 parameter linear registration step that matches the position and scales the size of each brain to the MDT. In general, we use 9 parameter registration in our cross-sectional studies of Disease@MESH:D000544 because head size and brain size vary so widely across subjects; the temporal lobe tends to be more vulnerable to Disease@MESH:D001284 than the rest of the brain, so there is still substantial residual Disease@MESH:D001284 in Disease@MESH:D000544 versus controls even after adjusting for brain size. Because of this, Disease@MESH:D004833 is typically easier to detect after controlling for overall brain volume, because the effects of wide variations in head size have been largely removed. In addition, work by Paling et al. has advocated the use of 9 parameter linear registration, especially in multi-site imaging studies, as it can correct for scanner voxel size variations in large studies involving multiple sites, scanners, and acquisition sequences, such as this one (these are typically mild and may result in variations of 1-3% in brain volume, but they add to measurement error)", "type": "paragraph"}, {"sent": "Even so, as we have noted in our prior studies, there is however some evidence for non-proportional scaling of brain subregions relative to the overall size of the brain. In all stereotaxic studies (e.g., those producing voxel-wise maps), this may confound the interpretation of apparently localized brain differences between groups. Put another way, the fraction of the brain that a specific brain substructure is expected to occupy may be larger (or smaller) in a smaller brain. Such an effect can be modeled by including brain volume as a regressor in the scaled Jacobian maps, perhaps after logarithmic transformation of both variables. For a full analysis of this effect, please see. This power law effect is relevant to all morphometric studies as regional brain volume is always somewhat affected by the overall size of the brain, and it cannot be ruled out that SNPs influencing subregional volumes do so because they influence the overall size of the brain, if the relative volumes of the brain substructures follow a (nonlinear) power law", "type": "paragraph"}, {"sent": "Hippocampal volumes proved to be a less informative phenotype than temporal lobe volume. Hippocampal volumes, though widely studied in a genetic context, are only moderately heritable most likely due to the large environmental influence as the hippocampus is a highly plastic structure - responsive to individual experiences. Additionally, though we have used new and reliable delineation methods for automatically delineating the hippocampus in the MRI scans, it remains one of the most difficult structures to accurately model due to the resolution of the MRI scans and the small intensity differences between the structure and surrounding tissue", "type": "paragraph"}, {"sent": "One previous genome-wide association study of brain structure found SNPs with associations with temporal brain volume and hippocampal volume, but its power was limited as it examined related individuals, had few hippocampal volumes, and low genomic coverage. Those temporal lobe SNPs identified in the Seshadri study were either not identified or not replicated here. Mutation@rs5028798 was not directly genotyped in our sample and no good proxy in HapMap was identified; Mutation@rs2143881 was neither directly genotyped in our sample nor in HapMap; Mutation@rs2793772 was not directly genotyped in our sample but was genotyped in HapMap with a good proxy Mutation@rs1104973 (r2 = 1) but was not replicated (P = 0.6964); Mutation@rs10497352 was directly genotyped in our sample but was not replicated (P = 0.6476); Mutation@rs1433527 was directly genotyped in our sample but was not replicated (P = 0.9804). Those hippocampal SNPs identified in the Seshadri study were not identified here. Mutation@rs9293140 and Mutation@rs1963442 were neither directly genotyped in our sample or in HapMap", "type": "paragraph"}, {"sent": "The sample sizes examined here are extremely large for an imaging study (this is one of the largest brain imaging studies to date), but are smaller than other genome-wide association studies that have not used brain scanning. Several factors empower the design. Scans of 742 healthy elderly control, MCI, and Disease@MESH:D000544 subjects allowed accurate structural measurements across a broad phenotypic range. The genome-wide analyses were not split within diagnostic groups as the goal was to present as broad a phenotypic continuum as possible. Though it is possible that diagnostic groups represent distinct genetic backgrounds and may therefore confound the interpretation of our results, here we operate under the hypothesis that associations are evident regardless of diagnostic group, but may be more pronounced in disease. In interpreting findings in this mixed cohort, it cannot be ruled out that the SNP effects are influencing the normal aging process independently of Disease@MESH:D000544 pathology. In fact, the SNP effects may even be present in young adults, prior to substantial brain aging. Conversely, it cannot be ruled out that such associations are driven by the presence of different diagnostic categories, and might not be found if only normal subjects were examined. In the future, when the sample sizes are greatly increased as more imaging and genetic data are collected, it should be possible to further stratify the image database to understand (1) which specific sub-populations show a detectable SNP effect, and (2) which processes (Disease@MESH:D000544, aging, early development, or all of them) are influenced by the SNPs of interest. At present we have a more restricted goal of finding SNPs that influence brain structure in a mixed cohort of healthy and ill subjects, including those with Disease@MESH:D000544 and those who are healthy. Treating this cohort as a continuum is arguably more defensible than (for example) studying a mixed cohort of subjects with a Mendelian Disease@MESH:D030342 (such as Disease@MESH:D005600) and controls. This is because for Disease@MESH:D000544, a continuum is arguably evident in that some of cellular processes characteristic of Disease@MESH:D000544 (e.g., increased cerebral amyloid load) are typically present to some degree in those not yet diagnosed. For example, healthy elderly subjects often show some hallmarks of Disease@MESH:D000544 pathology at a subclinical level (amyloid plaques and Gene@4137 neurofibrillary tangles) that can be detected on imaging and negatively correlate with cognitive status. As such, the effect of pathology on the SNP associations cannot be disentangled easily by focusing only on controls, as many harbor pathology at a subclinical level. Additionally, the boundary between MCI and Disease@MESH:D000544 is based on cognitive tests and observations of daily living that are easy to assess clinically, not biologically based boundaries. The continuum from healthy aging to mild Disease@MESH:D060825 gives the broadest phenotypic range and therefore the highest power to detect the genetic determinants of brain volume in old Gene@5973, including variants that may have relevance to Disease@MESH:D000544. Therefore splitting between diagnostic groups is likely to reduce power through both fewer subjects and a smaller phenotypic range. Even so, using a permutation algorithm we found that the findings exist regardless of diagnostic group. Additionally, the use of continuous traits (instead of discrete diagnostic categories) may also better reflect the underlying biology than clinical diagnosis alone", "type": "paragraph"}, {"sent": "In this study we used a genome-wide evidence threshold of P < 5x10-7 as in other genome-wide association studies querying multiple phenotypes. We refer in this paper to genome-wide evidence or support rather than genome-wide significance because there is not yet a universal consensus on how to define an appropriate significance threshold. We used permutation testing in which the imaging data is permuted across subjects and all SNPs are tested to estimate the probability that so high a P-value for association could have occurred by chance. This is determined by keeping the same set of SNPs in each subject, but randomizing the assignment of images to subjects. After conducting associations with all the SNPs, the lowest P-value is retained. This procedure can be used to determine a significance threshold that incorporates the fact that SNPs within the same subject are not independent (due to linkage disequilibrium). The two SNPs reported here have a permutation-corrected significance level of P = 0.05419 for Mutation@rs10845840 and P = 0.1369 for Mutation@rs2456930. The first of these results can be considered to mean that the Gene@2904 variant associates with the phenotype so strongly that only 1 in 20 times would any SNP at all be so strongly associated in completely null data. This is therefore evidence supporting that the association did not occur by chance", "type": "paragraph"}, {"sent": "More recent work has proposed an additional argument, suggesting that a genome-wide significance threshold should account for not just the markers directly measured as part of the experiment, but rather the variation of the entire genome. Such an approach is more conservative; it is based on the premise that the subset of SNPs chosen for genotyping (which depends on the chip and the density of genotyping) could have been a \"lucky\" choice that came up with a high significance hit, and as such one should control for all genomic variants, even if they were not in fact genotyped in the current experiment. Such a line of argument suggests a genome-wide significance threshold of P < 7.2x10-8", "type": "paragraph"}, {"sent": "Regardless of the genome-wide significance criterion, the gold standard for determining if hits are true positives is replication. Additional replication of this study's findings is necessary. Work is actively ongoing through the Enhancing NeuroImaging Genetics through Meta-Analysis (ENIGMA) Network to find collaborations to replicate the findings presented here. Using a re-sampling approach, we estimate that fewer than 323 and <223 subjects will be needed to replicate the effect of Mutation@rs10845840 and Mutation@rs2456930, respectively, in a new sample at a reduced prior hypothesis significance level with 95% confidence. In addition to statistical validation, functional validation is also necessary to understand the mechanism by which these polymorphisms contribute to temporal lobe volume differences. First, it is necessary to determine what the causative polymorphism is within the gene. Mutation@rs2456930 resides in an intergenic region on the genome, so further characterization of the functional significance of this region is needed. Mutation@rs10845840 lies in an intron of the Gene@2904 gene and is not in LD with more finely mapped potential causative mutations from a European sample identified in the current release of HapMap. However, more mutations within the gene do exist and detailed mapping of these variants could lead to identification of a causal mutation. Following this, the mechanism of action can be learned through knock-in animal models containing the causative mutation. Additionally, these intronic and intergenic gene variants could themselves alter biological pathways through changes in expression levels", "type": "paragraph"}, {"sent": "In summary, we identified potential quantitative trait loci associated with temporal lobe volume differences at a genome-wide evidence threshold in the elderly. These candidate genes can now serve as a target of study in future large replication samples. The polymorphisms identified here may also represent risk factors for diseases with characteristic Disease@MESH:D004833 such as Disease@MESH:D000544 and its common precursor, MCI; the NMDA/glutamate pathway is also a target for anti-Disease@MESH:D003704 drugs such as memantine. These associations support the theory that endophenotypes will help to discover genes that influence brain structure. Ultimately studies combining imaging and genomic methods may help to provide a more mechanistic understanding of neurological and Disease@MESH:D001523", "type": "paragraph"}, {"sent": "Multi-dimensional scaling shown in three groups of subjects. Each dot represents a subject, and the distance between dots represents overall genetic similarity. Dots close together represent genetically more similar subjects. Left: MDS for all subjects genotyped as part of the ADNI dataset. Self-declared Caucasians (blue) group together very closely, whereas non-Caucasians (black) do not. Middle: MDS for Caucasian subjects only. Four outliers are seen which represent two sibling pairs. Right: MDS for Caucasian subjects only randomly excluding one person from each of the two sibling pairs. Some substructure is evident", "type": "fig_caption"}, {"sent": "Temporal Lobe and Hippocampal Volume Measures. (a) An unthresholded color-coded map shows the average percent volume reduction of Disease@MESH:D000544 patients (N = 173) relative to a standard mean brain image based on identically scanned healthy subjects, in a temporal lobe region of interest overlaid on the population based template. Here the temporal lobe is ~10% smaller in red regions than the average volume in matched controls. The average bilateral temporal lobe volume was used as a quantitative phenotype for the genomic association analysis, prior to fine-scale voxel-based genetic association mapping. (b) Automatic delineation of the hippocampus in a representative healthy elderly subject (the hippocampal boundary is shown in green). The average of the left and right hemisphere hippocampal volumes was used as a quantitative phenotype for the genomic association analysis", "type": "fig_caption"}, {"sent": "Association of 546,314 SNPs to temporal lobe and hippocampal volume in N = 742 and N = 698 subjects, respectively. (a) The x-axis moves along each base pair of each chromosome (identified in color in the key) and the y-axis gives the -log10 of the P-value for association. The red line corresponds to the genome-wide evidence value of P = 5x10-7; all points above this line represent SNPs that are strongly associated with the phenotype. The two SNPs which survive the genome-wide evidence threshold are Mutation@rs10845840 on chromosome 12 and Mutation@rs2456930 on chromosome 15. The blue line corresponds to a more liberal threshold identifying genes of interest (P = 1x10-5). (b) A quantile-quantile plot shows the distribution of P-values in this sample versus the P-values expected under the null hypothesis of no association (blue dots). The black line and grey shading shows 95% confidence intervals of the expected distribution", "type": "fig_caption"}, {"sent": "Box plots of temporal lobe volume grouped by genotype at most associated SNPs. Box plots show the median value (horizontal line), first and third quartiles (box), 1.5 multiplied by the interquartile range (whiskers), and outliers beyond that range (open dots) for each genotype group. Each box plot is in the order homozygous minor allele (TT or AA), heterozygous (TC or AG), homozygous major allele (CC or GG) at each SNP. The frequencies of each genotype are 12.96%, 49.53%, 37.52% for Mutation@rs2456930, and 18.73%, 50.67%, 30.59% for Mutation@rs10845840. Red numbers show the difference between the mean phenotype value of the higher-volume genotype group versus the mean phenotype value of each other genotype group", "type": "fig_caption"}, {"sent": "The minimal number of subjects needed to detect the effect of the most significant SNPs was estimated with a resampling approach. Subjects were randomly removed from each of the diagnostic categories until none was left in a category, and the association P-value of the SNP was calculated. This process was repeated 1000 times, to estimate 95% confidence intervals (red lines). The median P-value of the repetitions for each number of subjects removed is shown as the solid black line. The dashed black line represents the genome-wide evidence level (P = 5x10-7). The dashed blue line represents the replication significance threshold (P = 0.025). The dotted blue line shows the estimated minimum sample size that would be required to detect a replication of the finding with 95% confidence (N = 323 and <223 for Mutation@rs10845840 and Mutation@rs2456930, respectively). The dotted black line shows the median sample size needed for genome-wide support (N = 670 and 706 for Mutation@rs10845840 and Mutation@rs2456930, respectively)", "type": "fig_caption"}, {"sent": "A voxelwise representation of significant influences of the SNP Mutation@rs10845840, a genetic polymorphism of the glutamate receptor Gene@2904 gene, on volumetric differences in the temporal lobe. Indicated in color are brain regions where volumes are statistically associated with variants in the glutamate receptor gene, in 742 subjects, overlaid on a population specific template. Using a convention that is standard in brain mapping, the map was thresholded at an FDR q-value of 0.05 across voxels of the temporal lobe, and the overall map is significant after correction for multiple spatial comparisons, and controls the expected number of suprathreshold false positive voxels (i.e., voxels where the association is spurious) at 5% of the total. Z-Coordinates in MNI space are shown for each axial slice going from inferior to superior every 4 mm. The frontal lobes are at the top of each panel and the occipital lobes are at the bottom. The images are in radiological convention (left of the image is the right side of the subject). Significance is shown as -log10(P-value), with warmer colors representing more significant influence of the SNP on regional temporal lobe volume", "type": "fig_caption"}, {"sent": "The cumulative distribution function of P-values in the voxelwise genetic association map of SNP Mutation@rs10845840 (genetic variation in the glutamate receptor) within diagnostic groups and localization of significance in the MCI group. Left: The diagnostic groups here are distinguished according to the color of the line. The black line represents the threshold that curves must cross, to control the false discovery rate at 5%. The maps of genetic association are considered to be significant in the MCI sample because the curve passes above the y=20x black line. This means that false positives in the maps of genetic association are likely to be occurring at less than 5% of the suprathreshold voxels shown. Middle and Right: The voxelwise association overlaid on a subject specific template in both axial (middle; MNI Z-coordinate shown) and coronal (right; MNI X-coordinate shown) views thresholded to only show significant voxels", "type": "fig_caption"}, {"sent": "All SNPs surviving the P < 1x10-5 threshold for genome-wide association with Disease@MESH:D004833 and hippocampal volumes", "type": "table_caption"}]}