{"sentences": [{"sent": "Although more than 20 genetic susceptibility loci have been reported for Disease@MESH:D003924 (T2D), most reported variants have small to moderate effects and account for only a small proportion of the heritability of T2D, suggesting that the majority of inter-person genetic variation in this disease remains to be determined. We conducted a multistage, genome-wide association study (GWAS) within the Asian Consortium of Disease@MESH:D003920 to search for T2D susceptibility markers. From 590,887 SNPs genotyped in 1,019 T2D cases and 1,710 controls selected from Chinese women in Shanghai, we selected the top 2,100 SNPs that were not in linkage disequilibrium (r2<0.2) with known T2D loci for in silico replication in three T2D GWAS conducted among European Americans, Koreans, and Singapore Chinese. The 5 most promising SNPs were genotyped in an independent set of 1,645 cases and 1,649 controls from Shanghai, and 4 of them were further genotyped in 1,487 cases and 3,316 controls from 2 additional Chinese studies. Consistent associations across all studies were found for Mutation@rs1359790 (13q31.1), Mutation@rs10906115 (10p13), and Mutation@rs1436955 (15q22.2) with P-values (per allele OR, 95%CI) of 6.49x10-9 (1.15, 1.10-1.20), 1.45x10-8 (1.13, 1.08-1.18), and 7.14x10-7 (1.13, 1.08-1.19), respectively, in combined analyses of 9,794 cases and 14,615 controls. Our study provides strong evidence for a novel T2D susceptibility locus at 13q31.1 and the presence of new independent risk variants near regions (10p13 and 15q22.2) reported by previous GWAS", "type": "abstract"}, {"sent": "Disease@MESH:D003924, a Disease@MESH:D007105 affecting more than a billion people worldwide, is believed to be caused by both environmental and genetic factors. Although some studies have shown that certain genes may make some people more susceptible to type 2 Disease@MESH:D003920 than others, the genes reported to date have only a small effect and account for a small proportion of type 2 Disease@MESH:D003920 cases. Furthermore, few of these studies have been conducted in Asian populations, although Asians are known to be more susceptible to Gene@3630 resistance than people living in Western countries, and incidence of Disease@MESH:D003924 has been increasing alarmingly in Asian countries. We conducted a multi-stage study involving 9,794 type 2 Disease@MESH:D003920 cases and 14,615 controls, predominantly Asians, to discover genes related to susceptibility to type 2 Disease@MESH:D003920. We identified 3 genetic regions that are related to increased risk of type 2 Disease@MESH:D003920", "type": "abstract"}, {"sent": "Disease@MESH:D003924 (T2D) is a common Disease@MESH:D007105 that affects over a billion people worldwide. Through genome-wide association studies (GWAS), at least 24 genetic susceptibility loci have been reported for T2D, including a SNP, Mutation@rs7593730, at 2q24 near the Gene@5937 and Gene@3694 genes that was associated with Disease@MESH:D003920 risk in a recent report from the Nurses' Health Study/Health Professionals Follow-up Study (NHS/HPFS). However, most of the reported genetic variants have small to moderate effects and account for only a small proportion of the heritability of T2D, suggesting that the majority of inter-person genetic variation in this disease remains to be determined. Over the last two decades, China, like many other Asian countries, has experienced a dramatic increase in T2D incidence. Cumulative evidence suggests that Asians may be more susceptible to Gene@3630 resistance compared with populations of European ancestry. However, among the previously reported T2D genetic markers, only three SNPs - including two reported very recently - have been identified in populations of Asian ancestry. SNP Mutation@rs2283228 in the Gene@3784 gene was identified in a 3-stage study that included 194 Disease@MESH:D003920 patients and 1,558 controls and 268,068 SNPs in the first (discovery) stage. A study conducted among Han Chinese in Taiwan recently identified two additional novel loci in the Gene@5789 (Gene@5789; P = 8.54x10-10) and Gene@63826 (SRR; P = 3.06x10-9) genes", "type": "paragraph"}, {"sent": "Large genetic studies conducted in Asian populations will facilitate the identification of additional genetic markers for T2D, particularly for markers with a higher frequency in Asians than in other populations. We recently completed a GWAS of T2D in Shanghai. We report here our first effort, using a fast-track, multiple-stage study approach, to identify novel genetic markers for Disease@MESH:D003920", "type": "paragraph"}, {"sent": "The study protocol was approved by the institutional review boards at Vanderbilt University Medical Center and at each of the collaborating institutes. Informed consent was obtained from all participants", "type": "paragraph"}, {"sent": "This study consisted of a discovery stage and two validation stages, i.e. an in silico and a de novo validation study. The overall study design is presented in Figure S1", "type": "paragraph"}, {"sent": "The discovery stage included 1,019 T2D cases, 886 incident T2D cases from the Shanghai Women's Health Study (SWHS), an ongoing, population-based, prospective cohort study of women living in Shanghai, and 133 prevalent T2D cases identified among controls of the Disease@MESH:D001943 Study (SBCS), who were recruited in Shanghai during approximately the same period as the SWHS. Controls for the discovery phase were 1,710 non-Disease@MESH:D003920 female controls from the SBCS (for further details, see Text S1, online). The biologic samples used for genotyping in this study were collected by the SWHS and SBCS", "type": "paragraph"}, {"sent": "DNA samples were genotyped using the Affymetrix Genome-Wide Human SNP Array 6.0. Extensive quality control (QC) procedures were implemented in the study. In the SWHS/SBCS GWAS scan, three positive QC samples purchased from Coriell Cell Repositories and a negative QC sample were included in each of the 96-well plates of the Affymetrix SNP Array 6.0. SNP data obtained from positive quality control samples showed a very high concordance rate of called genotypes based on 79,764,872 comparisons (mean, 99.87%; median, 100%). Samples with genotyping call rates less than 95% were excluded. The sex of all study samples was confirmed to be female. The identity-by-descent analysis based on identity by state was performed to detect first-degree cryptic relationships using PLINK version 1.06. We excluded from the study 21 samples that had: 1) call rate <95% (n = 5); 2) samples that were contaminated or had mixed-up labels or that had been duplicated (n = 12); 3) first-degree relatives, such as parent-offspring or full siblings (n = 4)", "type": "paragraph"}, {"sent": "We also excluded from the analysis SNPs that met any of following criteria: 1) Gene@4094 <0.05; 2) call rate <95%; 3) P for Hardy-Weinburg equilibrium HWE <0.00001 in either the case or control groups or in the combined data set; 4) concordance rate <95% among the duplicated QC samples; 5) significant difference in allele frequency distribution (P<0.00001) between the 886 T2D cases from the SWHS and the 133 T2D cases from the SBCS; 6) significant difference in missing rates between cases and controls (P<0.00001). After applying the QC filter, 590,887 SNPs remained for the analyses", "type": "paragraph"}, {"sent": "Because of financial constraints, we conducted a fast-track validation study using an approach that combined in silico and de novo replication. We selected a total of 2,100 SNPs from the discovery phase that had P-values of 1.3x10-9 to 5.0x10-3 derived from the additive model and that were not in linkage disequilibrium (LD; r2<0.2 based on the HapMap CHB dataset) with any previously reported T2D GWAS SNPs for an in silico replication using the GWAS scan data from the Disease@MESH:C538336/HPFS. We used the Disease@MESH:C538336 scans for our first step of validation, because the Shanghai T2D GWAS was conducted concurrently and used the same genotyping platform as the Disease@MESH:C538336 and a priori arrangement was made for the two studies to exchange the top 2,000 SNPs for in silico replication. The Disease@MESH:C538336/HPFS T2D GWAS included 2,591 cases and 3,052 controls of European ancestry. We recognize that this approach may have reduced our chances of finding ethnicity-specific T2D markers, however, this approach had the advantage of enhancing our ability of finding true genetic markers. From the first in silico replication, 65 SNPs with the same direction of association in both studies and with a Gene@4094 >20% were chosen for a second in silico replication using GWAS scan data from a Korean T2D study, which included 1,042 cases and 2,943 controls genotyped with the Affymetrix Genome-Wide Human SNP Array 5.0 platform. In order to improve yield, only the top SNPs that are included in Affymetrix 5.0 (N = 56) or that are in high LD (r2>0.8) with at least one SNP on Affymetrix 5.0 (N = 9) were selected for replication (Table S1). Of the 65 SNPs, the top 8 SNPs replicated in the Korean T2D study were further investigated using GWAS data from a T2D study conducted among Singapore Chinese (2,010 cases and 1,945 controls) who were genotyped by using Illumina HumanHap 610 or Illumina Human1M (Table S2). Four of the 8 SNPs were not directly genotyped in the Singapore study, so instead, we selected SNPs that are in strong LD with these 4 SNPs (imputed SNP information became available recently and is presented in this report). Finally, the 5 top SNPs (Mutation@rs2815429, Mutation@rs10906115, Mutation@rs1359790, Mutation@rs10751301, and Mutation@rs1436955) were selected for de novo genotyping in an independent sample set of 1,645 T2D cases and 1,649 controls identified from the SWHS and Shanghai Men's Health Study (SMHS). Four of these SNPs (Mutation@rs10906115, Mutation@rs1359790, Mutation@rs10751301, and Mutation@rs1436955) were selected for the final stage of de novo genotyping replication in two independent Chinese studies, the Disease@MESH:D003920 Study (WDS; 1,063 cases and 1,408 controls) and the Nutrition and Health of Aging Population in China (NHAPC) study (424 cases and 1,908 controls). Detailed descriptions of the study designs and populations for each of the participating studies are presented in Text S1 online", "type": "paragraph"}, {"sent": "Genotyping for the 5 SNPs included in the SWHS and SMHS sample set was completed using the iPLEX Sequenom MassArray platform. Included in each 96-well plate as quality control samples were two negative controls, two blinded duplicates, and two samples included in the HapMap project. We also included 65 subjects who had been genotyped by the Affymetrix SNP Array 6.0 in the Sequenom genotyping. The consistency rate was 100% for all SNPs for the blinded duplicates, compared with the HapMap data and compared with data from the Affymetrix SNP Array 6.0. Genotyping for the final 4 SNPs in the WDS and NHAPC was completed using TaqMan assays at the two local institute laboratories using reagents provided by the Vanderbilt Molecular Epidemiology Laboratory. Both laboratories were asked to genotype a trial plate provided by the Vanderbilt Molecular Epidemiology Laboratory that contained DNA from 70 Chinese samples before the main study genotyping was conducted. The consistency rates for these trial samples were 100% compared with genotypes previously determined at Vanderbilt for all four SNPs in both local laboratories. In addition, replicate samples comparing 3-7% of all study samples were dispersed among genotyping plates for both studies", "type": "paragraph"}, {"sent": "The imputation of un-genotyped SNPs in all participating GWASs was carried out after the completion of the current study using the programs MACH (http://www.sph.umich.edu/csg/abecasis/MACH/) or IMPUTE (https://mathgen.stats.ox.ac.uk/impute) with HapMap Asian data as the reference for Asians and CEU data as the reference for European-ancestry samples. Only data with high imputation quality (RSQR >0.3 for MACH) were included in the current analysis", "type": "paragraph"}, {"sent": "PLINK version 1.06 was used to analyze genome-wide data obtained in the SBCS/SWHS GWAS scan. Population structure was evaluated by principal component analysis using EIGENSTRAT (http://genepath.med.harvard.edu/~reich/Software.htm).A set of 12,533 SNPs with a Gene@4094 >=10% in Chinese samples and a distance of >=25 kb between two adjacent SNPs was selected to evaluate the population structure. The first two principal components were included in the logistic regression models for adjustment of population structures. The inflation factor lambda was estimated to be 1.03, suggesting that population substructure, if present, should not have any appreciable effect on the results", "type": "paragraph"}, {"sent": "Pooled and meta-analyses were carried out in SAS to derive combined odds ratios (OR) by using data from studies of all stages. We applied the weighted z-statistics method, where weights are proportional to the square root of the number of subjects in each study. Results from both random and fixed effect models are presented", "type": "paragraph"}, {"sent": "ORs and 95% confidence intervals (CI) were estimated using logistic regression models with adjustment for age, BMI, population structure (for GWAS data), and gender, when appropriate. Analyses with additional adjustment for smoking were conducted by pooled analysis whenever possible and by meta-analysis when KARE data were included in order to examine the confounding and modification effects of these factors (Table S2). Genotype distributions for the top 4 SNPs included in the final de novo genotyping were consistent with HWE (P> 0.05) in each study. All P values presented are based on two-tailed tests, except where indicated otherwise", "type": "paragraph"}, {"sent": "The general characteristics of the participating study populations are presented in Table 1. T2D cases had a higher BMI than controls across all studies. Except for the SWHS, SMHS, and Shanghai Nutrition Institute (SNI) validation studies, where cases and controls were matched on age, cases were older than controls in all other studies. A difference in gender distribution was also seen in several studies. These variables were adjusted for in subsequent analyses", "type": "paragraph"}, {"sent": " Table 2 presents the results of analyses of associations of T2D with previously reported, GWAS-identified genetic markers in our discovery samples. Of the 24 SNPs reported by previous GWAS, 15 were directly genotyped by the Affymetrix SNP Array 6.0. One SNP (Mutation@rs7578597) showed a Gene@4094 = 0 in HapMap CHB data and was not included on the Affymetrix 6.0 chip. The remaining 8 SNPs, including Mutation@rs2943641, Mutation@rs10010131, Mutation@rs13266634, Mutation@rs12779790, and Mutation@rs4430796, as well as the newly identified markers Mutation@rs391300 and Mutation@rs17584499, were imputed. SNP Mutation@rs4430796 showed low imputation quality (RSQR = 0.06) in the SBCS/SWHS GWAS and was excluded from the analysis", "type": "paragraph"}, {"sent": "We found that 8 of these SNPs showed an association consistent with initial reports at P<0.05, including Mutation@rs4402960 (3q27.2, Gene@10644), Mutation@rs10946398 (6p22.3, Gene@54901), Mutation@rs13266634 (8q24.11, Gene@169026), Mutation@rs10811661 (9p21.3, Gene@1029;1030), Mutation@rs5015480 (10q23.33, Gene@3087), Mutation@rs7901695 (10q25.2, Gene@6934), Mutation@rs2283228 (11p15.5, Gene@3784), and Mutation@rs5215 (11p15.1, Gene@3767). Among the remaining 11 SNPs, 4 SNPs had a Gene@4094 of 3-7% in our study population. Thus, our study did not have sufficient statistical power (statistical power range: 19-45%) to replicate these markers (Table 2). Associations of T2D with SNPs that are in LD with the reported T2D SNPs discovered in European-ancestry populations or in Asians are presented in Table S3", "type": "paragraph"}, {"sent": "Multidimensional scaling analyses of the GWAS scan data showed no evidence of apparent genetic admixture in our study population (Figure S2). The observed number of SNPs with a small P value was larger than expected by chance (Figure S3). We found that Mutation@rs10906115 (10p13), Mutation@rs1359790 (13q31.1), and Mutation@rs1436955 (15q22.2) were consistently associated with T2D across all studies, although the 95% CI for the per allele ORs in several studies included 1.0 (Table 3; Figure 1). P-values for trend tests (per allele OR, 95% CI) from meta-analyses of data from all studies were highly statistically significant for these associations: 1.45x10-8 for Mutation@rs10906115 (1.13, 1.08-1.18), 6.49x10-9 for Mutation@rs1359790 (1.15, 1.10-1.20), and 7.14x10-7 for Mutation@rs1436955 (1.13, 1.08-1.19). These P-values were below (for Mutation@rs1359790 and Mutation@rs10906115) or near (for Mutation@rs1436955) the genome-wide significance level of 5.0x10-8. SNP Mutation@rs10751301 (11q14.1) was not replicated in the Singapore or de novo genotyping studies; the P-value for the meta-analysis was 1.31x10-4 in the fixed effect model and 0.004 in the random effect model. Additional adjustment for smoking history did not appreciably change the point estimates described above, although the P-values were slightly elevated (Table S2)", "type": "paragraph"}, {"sent": "In an exploratory analysis stratified by smoking, BMI, family history of T2D, and age at diagnosis, SNP Mutation@rs1359790 showed a slightly stronger association with T2D risk among non-smokers (per allele OR = 1.19, 95% CI = 1.12-1.26, P = 6.4x10-8) than among smokers (OR = 1.09, 95% CI = 1.00-1.19, P = 0.044) with a P value of 0.11 for interaction (Table S4). None of the SNPs were related to age at onset of T2D. Neither family history of T2D nor BMI altered the SNP-T2D associations under study", "type": "paragraph"}, {"sent": "Using the GWAS data from our discovery stage samples, we were able to validate 8 of 22 previously reported, GWAS-identified T2D SNPs, lending strong support to the validity of the initial discovery samples and methodologies. Applying a fast-track validation study approach, we also identified three promising new T2D markers", "type": "paragraph"}, {"sent": "The most significant association identified by our study was for Mutation@rs1359790 (13q13.1), a novel genetic susceptibility locus identified for T2D (Figure 2). Several transcription factors, such as Gene@56954, CdxA, Gene@2624, and Gene@1523, bind to this polymorphic site. The C to T transition eliminates a Gene@2624 binding site and creates a TATA binding site. The closest known gene, sprouty homolog 2 (Drosophila) (Gene@10253), is located 193 kb upstream of Mutation@rs1359790. The Gene@10253 gene encodes a protein belonging to the sprouty family and inhibits growth factor-mediated, receptor tyrosine kinase-induced, mitogen-activated protein kinase signaling. The encoded protein contains a carboxyl-terminal cysteine-rich domain essential for the inhibitory activity of receptor tyrosine kinase signaling proteins and is required for growth factor-stimulated translocation of the protein to membrane ruffles. Gene@10253 also modulates the apoptotic actions induced by the pro-inflammatory cytokine, Gene@7124. Gene@81848, a homolog of Gene@10253, inhibits the Gene@3643-transduced MAPK signaling pathway and regulates development of the pancreas", "type": "paragraph"}, {"sent": "Results (-logP) are shown for directly genotyped (blue diamonds) and imputed (white circles) SNPs for a 1Mb region centered on the SNP of interest. Gene locations are from the March 2006 UCSC genome browser assembly", "type": "fig_caption"}, {"sent": "SNP Mutation@rs10906115 is located on chromosome 10p13 (Figure 2), 13.0 kb from Mutation@rs12779790, which was reported by a previous GWAS of T2D. These two SNPs, however, are in low LD in both Chinese (r2 = 0.06) and European populations (r2 = 0.19) based on HapMap data. SNP Mutation@rs12779790 was not included in the Affymetrix SNP Array 6.0, Illumina HumanHap 610-Quad, or Human1M-Duo; thus, it was imputed for both the SBCS/SWHS and the Disease@MESH:C538336/HPFS by using MACH with RSQR>0.9 and for the Singapore studies using IMPUTE with PROPER_INFO >0.85. The imputed SNP Mutation@rs12779790 was associated with a per allele OR of 1.10 (95% CI = 1.01-1.19, P = 0.035) in the analysis of pooled data from three studies. However, when both Mutation@rs12779790 and Mutation@rs10906115 were included in the same logistic model, the association with Mutation@rs10906115 remained statistically significant (per allele OR = 1.09, 95% CI = 1.02-1.16, P = 0.007), while the association with Mutation@rs12779790 was no longer statistically significant (per allele OR = 1.04 [95% CI = 0.96-1.12], P = 0.38; Table 4). These data provide strong evidence that Mutation@rs10906115 is a new genetic variant at 10p13 independent of the previously-identified SNP Mutation@rs12779790", "type": "paragraph"}, {"sent": "SNP Mutation@rs10906115 is located 22.4 kb downstream of the cell division-cycle 123 homolog (S. cerevisiae) (Gene@850912) gene and 76.6 kb upstream of the calcium/calmodulin-dependent protein kinase ID (Gene@57118) gene (Figure 2). The Gene@8872 gene encodes a protein involved in cell cycle regulation and nutritional control of gene transcription. The Gene@57118 gene encodes a member of the Ca2+/calmodulin-dependent protein kinase 1 subfamily of serine/threonine kinases. The encoded protein may be involved in the regulation of granulocyte function through the chemokine signal transduction pathway. The role of the Gene@8872 and Gene@57118 genes in the etiology of T2D is unclear", "type": "paragraph"}, {"sent": "SNP Mutation@rs1436955, located on chromosome 15q22.2 (Figure 2), is 51.4 kb downstream of a C2 calcium-dependent domain containing the 4B gene (Gene@388125; also known as Gene@388125 or Gene@388125). Gene@388125 is up-regulated by pro-inflammatory cytokines and may play a role in regulating genes that control cellular architecture. The role of Disease@MESH:D007249 in the pathophsyiology of T2D has been suggested previously. Gene@388125 and Gene@10253 are both highly expressed in human Disease@MESH:D010195 tissue. Intriguingly, a very recent report from the Meta-Analysis of Glucose and Gene@3630-related traits Consortium (MAGIC) found that a SNP (Mutation@rs11071657) near the Gene@388125 gene was associated with fasting glucose (P = 3.6x10-8) and T2D (P = 2.9x10-3). SNPs Mutation@rs11071657 and Mutation@rs1436955, however, are not in LD (r2 = 0.04) in Asians, although they are weakly related (r2 = 0.25) in Europeans, according to HapMap data. SNP Mutation@rs11071657 is not included in the Affymetrix SNP 6.0 array. Imputed data from the SBCS/SWHS GWAS showed that this SNP was not significantly associated with T2D risk (per A allele OR = 1.06, 95% CI = 0.94-1.19), although the direction of the association was consistent with that reported by the MAGIC consortium. Adjusting for Mutation@rs11071657 did not alter the association of T2D risk with Mutation@rs1436955 (per allele OR = 1.21, 95% CI = 1.06-1.39, P = 0.006). Again, these data strongly imply that Mutation@rs1436955 may be a new genetic risk variant for T2D at 15q22.2 independent of the recently reported SNP Mutation@rs11071657", "type": "paragraph"}, {"sent": "In summary, in this first GWAS of T2D conducted in a Chinese population, we identified a novel genetic susceptibility locus for T2D, Mutation@rs1359790, at 13q31.1. Furthermore, we revealed two new genetic variants (Mutation@rs10906115 at 10p13 and Mutation@rs1436955 at15q22.2) near T2D susceptibility loci previously reported by GWAS of T2D conducted in European-ancestry populations. Our study demonstrates the value of conducting GWAS in non-European populations for the identification of novel genetic susceptibility markers for T2D", "type": "paragraph"}]}