{"sentences": [{"sent": "The Cancer Genetic Markers of Susceptibility (CGEMS) initiative has conducted a three-stage genome-wide association study (GWAS) of Disease@MESH:D001943 in 9,770 cases and 10,799 controls. In Stage 1, we genotyped 528,173 single nucleotide polymorphisms (SNPs) in 1,145 cases of Disease@MESH:D001943 among postmenopausal white women, and 1,142 controls; in Stage 2, 24,909 SNPs with low p values observed in Stage 1 were analyzed in 4,547 cases and 4,434 controls. In Stage 3 we investigated 21 loci in 4,078 cases and 5,223 controls with low p values from Stage 1 and 2 combined. Two novel loci achieved genome-wide significance. A pericentromeric SNP on chromosome 1p11.2, Mutation@rs11249433, (p=6.74 x 10-10 adjusted genotype test with 2 degrees of freedom) resides in a large block of linkage disequilibrium neighboring Gene@4853 and Gene@2210 and is predominantly associated with Gene@2099-positive Disease@MESH:D001943. A second SNP, Mutation@rs999737 on chromosome 14q24.1 (p=1.74 x 10-7), localizes to Gene@5890, a gene in the homologous recombination DNA repair pathway, a prior candidate pathway for Disease@MESH:D001943 susceptibility. We confirmed previously reported markers on chromosome 2q35, 5q11.2, 5p12, 8q24, 10q26, and 16q12.1. Our results underscore the importance of large-scale replication in the identification of low penetrance Disease@MESH:D001943 alleles", "type": "abstract"}, {"sent": "Epidemiologic investigation of Disease@MESH:D001943 has identified a number of environmental and lifestyle risk factors (e.g., age at menarche and menopause, parity, age at first birth, body mass index and exogenous hormone use). Disease@MESH:D001943 is nearly twice as frequent in first degree-relatives of women with the disease than in relatives of women without such a history, suggesting an important contribution of inherited susceptibility. Established causal variants from before the GWAS era account for only a small fraction of Disease@MESH:D001943. Established associations include high penetrance germline mutations segregating in high-risk pedigrees, most notably in Gene@672 and Gene@675; a handful of rare susceptibility variants with lower penetrance identified in DNA repair and apoptosis genes; only one locus with a minor allele frequency larger than 5% (Gene@841) was found using the candidate gene approach in association studies", "type": "paragraph"}, {"sent": "Genome-wide association studies have identified multiple new common genetic variants influencing Disease@MESH:D001943 risk. Easton et al. analyzed genotypes from 390 cases enriched for a strong family history of Disease@MESH:D001943 and 364 controls with 227,876 SNPs and followed the top 10,405 SNPs in a two-stage replication study (primarily conducted in population-based studies of unrelated subjects), resulting in the identification of 5 loci (10q26 (Gene@2263), 16q12.1 (Gene@27324), 5q11.2 (Gene@4214), 8q24 and 11p15.5 (Gene@4046)) based on large-scale follow-up studies. In the initial report from the NCI Cancer Genetic Markers of Susceptibility (CGEMS) initiative, based on a follow-up of the top ten SNPs from the Stage 1 GWAS, we independently identified SNPs in intron 2 of Gene@2263 as associated with Disease@MESH:D001943 at genome-wide significant levels. Subsequently, the Gene@2263 locus was also identified in an Icelandic population and a locus at 2q35 was also reported to confer susceptibility to Gene@2099 [Gene@2099] positive Disease@MESH:D001943. Finally, combined analysis of a promising signal using the three published GWAS led to the identification of an additional locus on 5p12. Power calculations based on the available sample sizes (390-1,791 cases) in the three GWAS efforts, suggest each has limited power to detect the low observed relative risks (RRs of 1.1-1.3 per allele) at conventional levels of genome-wide significance (p < 5 x 10-7). Thus, it is likely that a high proportion of the susceptibility loci have not yet been detected", "type": "paragraph"}, {"sent": "In Stage 1 of CGEMS, we genotyped 1,145 cases post-menopausal women of European ancestry with Disease@MESH:D001943 and 1,142 matched controls nested within the prospective Nurses' Health Study cohort. This stage used 528,173 SNPs that were estimated to be correlated with an r2>0.8 to approximately 90% of the common HapMap Phase II SNPs. We report here a follow-up of this first stage. In Stage 2, we attempted to genotype 30,448 SNPs in 4,547 cases and 4,434 controls from four different studies (Table 1). These SNPs were selected using a stepwise procedure (Supplementary Methods); the majority were chosen by an hypothesis-free (agnostic) strategy while approximately one fifth of the SNPs were selected by alternative approaches fully reported in the supplementary methods and described below", "type": "paragraph"}, {"sent": "Briefly, for Stage 2, 22,136 SNPs were first selected based on a p-value less than 0.05 in a logistic regression model using a two-degree of freedom (df) score test with indicator variables for heterozygous and homozygous carriers and four continuous variables representing principal components of population stratification. The 2-df score test was chosen because it makes minimal assumptions for the underlying genetic model. This set of SNPs was complemented with 2,773 SNPs with a p-value less than 0.06 in tests of dominant, recessive or multiplicative models that were not already included by virtue of their p-value in the score test (each test has 1 df - see Supplementary Methods). In the 'agnostic' category, SNPs with low p-values in strong linkage disequilibrium (r2>=0.8) were removed. We selected an additional 1,436 'agnostic' SNPs not included in the two previous criteria based on a 2-SNP test that conditioned each SNP on a neighboring SNP, if this improved the p-value relative to the single SNP-statistics by an order of magnitude. Loci marked by SNPs previously established by GWAS were further explored with a dense set of 1,711 SNPs. Also included were 3,788 SNPs drawn from candidate genes in previously proposed pathways or identified in an analysis of suggested interaction with variants in intron 2 of the Gene@2263 gene. Finally, to monitor population stratification, 1,508 SNPs with low pair-wise linkage disequilibrium were included", "type": "paragraph"}, {"sent": "A total of 30,278 SNPs (92.1%) provided reliable genotypes according to our quality control metrics (see Supplemental Methods). We removed subjects with greater than 20% admixture of non-European origin based on analysis using the STRUCTURE program. We conducted a principal component analysis (PCA) using the SNPs chosen to monitor population stratification and there was minimal evidence of population stratification observed between cases and controls; the distribution of the p-values for the association statistics with a 2 degree-of-freedom test unadjusted for population heterogeneity was close to the expected distribution under the null hypothesis. The inflation factor, lambda, 1.010 was reduced to 1.009 when the first four principal components were included as covariates in the association test. A joint analysis of the genotypes in the first and second stages was performed using an age, study design and population stratification-adjusted multinomial regression analysis (2 df test)", "type": "paragraph"}, {"sent": "In the combined analysis of the initial scan with the second stage, we note that markers in 6 of the reported 7 loci identified in prior GWAS studies were strongly associated with Disease@MESH:D001943 risk in post-menopausal women (Table 2). SNPs in 2q35, 5q11.2 (Gene@4214), 5p12, 8q24, 10q26 (Gene@2263) and 16q12.1 (Gene@27324/Gene@27324) provided strong signals (Table 2 and Supplemental Table 1); in some cases, an alternative SNP to the originally reported SNP provided a smaller p value (see below). The lowest p value for a marker at 11p15.5 (Gene@4046, Mutation@rs3817198) was minimally significant (p= 3.87 x 10-2, trend test with 1 df- see Supplemental Table 1) but its allele-specific odd ratio was similar to that reported previously (heterozygote odds ratio [OR] 1.04; 95% CI 1.00 to 1.09; homozygote OR 1.09; 95% CI 1.00-1.19 in our combined three-stage analysis. For the single candidate gene variant that had previously been reported as genome-wide significant, the results for Mutation@rs1045485 in Gene@841 (p=5.47 x 10-2, trend test with 1 df) were also consistent with previous findings (heterozygote OR 0.96; CI 95% 0.91-1.00; homozygote OR 0.92; CI 95% 0.84-1.00). After Stage 2, no indication of association (p2df=0.50) was observed for Mutation@rs2107425 in the H19 region, previously associated at lower level of significance by Easton et al. (reported ptrend=2 x 10-5). A GWAS in American Jewish women of Ashkenazi background had identified a locus on chromosome 6 (Mutation@rs2180341) with a Gene@4094 of 0.21 and a per allele OR of 1.41 (p= 3.0 x10-8). In CGEMS, SNP Mutation@rs9398840, which was strongly correlated with Mutation@rs2180341 (r2=1.0) in the CEU HapMap population was not significantly associated (p2df=0.58) and not taken into Stage 2", "type": "paragraph"}, {"sent": "Stage 3 included a set of 24 SNPs, 21 of which were based on a preliminary combined analysis of the first two stages, in 4,078 cases and 5,223 controls drawn from five studies (Tables 1 and 2). Specifically, we examined 16 promising novel regions based on the lowest p values of the preliminary data build with one SNP. Two novel regions were examined with two SNPs apiece. In a region of 3p24.1, two SNPs, Mutation@rs724244 and 4973768, separated by 170 kb (r2 =0.35) each had low p values. In region 1p34.2 because of difficulty in the assay design, two SNPs, separated by 40 kb and in strong LD were selected (r2= 0.88). In the region of the two SNPs in 5p12, in which Mutation@rs4415084 and Mutation@rs10941679 were recently reported by Stacey et. al., we advanced two more SNPs, Mutation@rs7716600 and Mutation@rs2067980, separated by 100 kb (r2= 0.50) (Figure 1) Thus, the 5p12 region was explored with four SNPs. For Stage 3, Mutation@rs3817198 in Gene@4046 was also added to the set because of a prior publication", "type": "paragraph"}, {"sent": "The results of Stage 3 are remarkable for only four SNPs. Two novel SNPs, Mutation@rs11249433 in the pericentromeric region of chromosome 1, and Mutation@rs999737 in the candidate gene, Gene@5888-like 1 gene (Gene@5890) on chromosome 14q24.1, reached genome-wide significance in the combined analysis of all three stages (Table 3). Two of the SNPs in 5p12, Mutation@rs7716600 and Mutation@rs4415084, confirmed the previously reported signals", "type": "paragraph"}, {"sent": "The results of a combined joint adjusted analysis of the initial genome-wide scan plus two stages of follow-up provide conclusive statistical significance for an association with a novel marker, Mutation@rs11249433 located in the pericentromeric region of the short arm of chromosome 1 (p = 6.74 x 10-10) (Figure 1 and Table 3). Pericentromeric regions are known to be recombination-poor regions and thus it is not surprising to observe that Mutation@rs11249433 maps to large block of linkage disequilibrium. The definition of the block is difficult to determine for two reasons: (1) its close proximity to the centromere and (2) presence of a SNP desert of approximately 220kb which is immediately distal to the block (Figure 2A). The block contains several pseudogenes, and a member of the highly paralogous low affinity Gene@2209 family, Gene@2210. Distal to the SNP desert is the promoter of Gene@4853, a gene recently shown to be associated with type 2 Disease@MESH:D003920. Some epidemiological studies have suggested an association between type 2 Disease@MESH:D003920 and post-menopausal Disease@MESH:D001943. Further mapping and subsequent functional work is required to provide plausibility for the association signal observed with Mutation@rs11249433", "type": "paragraph"}, {"sent": "The second novel marker, Mutation@rs999737 is in a gene in prior candidate pathway for Disease@MESH:D001943 susceptibility, the double-strand break repair/homologous recombination pathway, Gene@5890 (also known as Gene@5890) on chromosome 14q24.1 (p = 1.74 x 10-7) (Table 3). The SNP maps to a 70Kb LD block defined by two recombination hotspots and is entirely contained within intron 12 of the gene (Figure 2B and Supplemental Figure 1). Its gene product is one of five paralogs that interact directly with that of the Gene@5888 gene, that catalyzes key reactions in homologous recombination. A polymorphism in the 5'UTR of Gene@5888 has recently been identified as a genetic modifier of outcome in women with deleterious Gene@675 mutations. A copy number variation on chromosome 14q24.1 that includes the Gene@5890 has been observed repeatedly in pedigrees with Disease@MESH:D016864, suggesting a possible contribution of this locus to the spectrum of Disease@MESH:D009369 (that includes Disease@MESH:D001943) observed in this Disease@MESH:D009386. Further work is warranted to dissect the genetic signal and investigate potential functional variants", "type": "paragraph"}, {"sent": "Tumor Gene@2099 (Gene@2099) status was available for 6,386 cases. Figure 3 shows the results of the analysis for the two novel SNPs, Mutation@rs11249433 (chromosome 1) and Mutation@rs999737 (chromosome 14) by Gene@2099 status. The association with Mutation@rs11249433 is more apparent for Gene@2099+ compared to Gene@2099- Disease@MESH:D001943 (Supplementary Tables 2, 3 and 4). The observed difference was significant in a case/case comparison (trend p value = 0.001), suggesting that the chromosome 1 locus could be more important in Gene@2099+ Disease@MESH:D001943 susceptibility. Although there was also some evidence for a stronger association with Gene@2099+ disease for the chromosome 14 SNP, Mutation@rs999737, it was not significant (trend p value = 0.20). An analysis stratified by age did not demonstrate any significant differences for the two SNPs, though it should be emphasized that the majority of cases are post-menopausal women", "type": "paragraph"}, {"sent": "Given the initial genome coverage of the CGEMS study using the Illumina HumanHap500 platform and the number of cases and controls investigated, it is unlikely that many more common loci with relative risks comparable to Gene@2263 will be discovered for the European population. The present study has confirmed strong association signals for 6 genomic regions previously reported and identified novel associations at genome-wide significance for markers on chromosome 1p11.2 and 14q24.1. In addition, we provide supportive evidence for two loci, previously associated with genome-wide significance, namely, 2p24.1 (Gene@841) and 11p15.5 (Gene@4046). Though the direction and magnitude of the association signal is consistent with prior reports, our study indicates that larger data sets are required to identify at genome-wide significance levels loci with smaller estimated per allele effect sizes, especially SNPs with low Gene@4094 or for which the per allele OR is estimated to be 1.1 or less. Moreover, our study suggests the value of combining scans for discovery with subsequent follow-up in large data sets, such as CGEMS and Disease@MESH:D001943 Association Consortium (BCAC). The individual genotype data for the Stage 1 CGEMS GWAS in 1,145 cases and 1,142 controls, and the aggregate data for Stages 1, 2 and 3 are available to researchers registered after approval by the NCI Data Access Committee (DAC) through the CGEMS portal (http://cgems.Disease@MESH:D009369.gov)", "type": "paragraph"}, {"sent": "To date, GWAS for Disease@MESH:D001943 have been conducted largely among women of European ancestry, mainly with Gene@2099+ Disease@MESH:D009369. Well-designed scans in other populations should yield additional loci, some of which could be population-specific. Additional scans of Gene@2099-ve Disease@MESH:D009369 will be needed to find loci specific to this subtype. Together these findings should accelerate the effort to dissect the genetic signals observed in multi-stage GWAS in an effort to nominate variants for further investigation of their biological basis. The evidence for two new associations presented in this study pinpoints genomic regions that could elucidate novel etiologic pathways contributing to the development of Disease@MESH:D001943. Carriage of the multiple loci reported so far, together with additional loci to be identified in follow-up of this and other studies, should refine estimates of the increased risk of Disease@MESH:D001943 associated with inherited genetic loci, although the clinical utility of these estimates has yet to be determine", "type": "paragraph"}, {"sent": "Briefly, this study reports the follow-up genotyping of studies based on the previously reported genome-wide scan conducted in the prospective Nurses' Health Study using the Human Hap500 Infinium Assay (Illumina) in 1,145 cases of women with post-menopausal Disease@MESH:D001943 and 1,142 controls. The details are reported elsewhere. Quality control metrics included removal of samples with call rates under 90% and SNP assays with call rates under 95%. Subjects with more than 15% admixture of non-European background were removed from the analysis", "type": "paragraph"}, {"sent": "In Stage 2, we genotyped 30,278 SNPs in four follow-up studies of women of European background with Disease@MESH:D001943 totaling 4,547 cases and 4,434 controls drawn from the American Disease@MESH:D009369 Prevention Study II, the Prostate, Lung, Colon and Ovarian Screening Trial, part of the available Polish Disease@MESH:D001943 Study and the observational arm of the Women's Health Initiative. In Stage 3, we genotyped 24 SNPs in 4,078 cases of Disease@MESH:D001943 in women of European background and 5,223 controls drawn from the CONOR Norwegian cohort, the remaining cases and controls of the Polish Disease@MESH:D001943 Study, the U.S. Radiologic Technologists Study, the Nurses' Health Study II, and the Women's Health Study. These studies were approved by the appropriate institutional review boards", "type": "paragraph"}, {"sent": "In Stages 2 and 3, we genotyped 18,282 unique subjects (excluding validation samples and study duplicates) passing sample handling quality control metrics in the Core Genotyping Facility of the National Cancer Institute. For Disease@MESH:C538336 and WHS, the 24 SNPs of Stage 3 were genotyped at the DF/HCC Genotyping Core at the Harvard School of Public Health, Boston, MA. Stage 2 was genotyped using a custom-designed iSelect assay from Illumina with content described above; 9,804 samples were attempted (including known duplicates). Using quality control measures, samples were removed with call rates under 90% and SNPs with call rates under 95%. Fitness for Hardy-Weinberg proportion was assessed for each SNP in unique controls subjects only but was not used to exclude SNP assays (see Supplemental Methods). In Stage 3, we genotyped 9,301 unique subjects for 24 TaqMan assays (ABI) selected on the criteria described above using custom designed assays that were subsequently optimized in the SNP500Cancer initiative", "type": "paragraph"}, {"sent": "A small fraction (less than 2%) of subjects who were successfully genotyped in Stage 2 were excluded from analysis due to one of the following reasons: 1. Unanticipated interstudy or intrastudy duplicates; 2. Unanticipated non-European admixture of greater than 20% (e.g., African or East Asian; notably, in Stage 1, the threshold for non-European admixture was 15%); and/or 3. Incomplete covariate data", "type": "paragraph"}, {"sent": "In Stage 2, a total of 16,715 discordant genotypes were detected out of a possible 7,255,923 genotype comparisons (237 duplicate pairs and one triplicate) yielding a discordance rate of 0.23%. Infinium cluster plots for notable SNPs are included in Supplemental Methods", "type": "paragraph"}, {"sent": "For the 24 SNPs analyzed in Stage 3, we validated genotype calls determined by Infinium HumanHap500 and custom iSelect assay by comparing TaqMan results in the entire Polish Disease@MESH:D001943 Study. 1,110 samples were genotyped with both platforms and the overall concordance rate was 99.52% (see Supplemental Materials for results)", "type": "paragraph"}, {"sent": "For the follow-up replication studies, all one-SNP analyses were conducted using unconditional logistic regression, adjusted for age in ten year intervals and study. For Stages 1 and 2, four continuous covariates were included to account for population heterogeneity based on principal component analysis of genotype correlations. Separate analyses were conducted according to the individual studies, the pooled replication studies in Stage 2 and Stage 3 and for all studies combined. Genotype effects were modeled individually, and a single-SNP score test with two degrees of freedom was computed. To enable comparison with other published GWAS, a Cochran-Armitage trend test was also performed. To explore a possible difference in effect between estrogen-positive and estrogen-negative Disease@MESH:D001943, separate analyses were conducted for Gene@2099+ and Gene@2099- cases, using a trend test with 1 degree of freedom.", "type": "paragraph"}, {"sent": "We used GLU (Genotyping Library and Utilities version 1.0), a suite of tools available as an open-source application for management, storage and analysis of GWAS data. STRUCTURE and EIGENSTRAT programs were used to assess population heterogeneity (see URLs below", "type": "paragraph"}, {"sent": "This figure includes the most promising SNP associations based on a combined analysis of Stage 1 and Stage 2. A joint analysis of the genotypes was performed using an age, study design and population stratification-adjusted logistic regression analysis (2 df test). Dashed vertical lines indicate loci previously reported in GWAS. The horizontal magenta line denotes the range of genome-wide significance (p < 5 x 10-7). Black vertical arrows indicate loci explored in Stage 3 chosen on the basis of the p value. The magenta vertical arrow point to Mutation@rs3817198 in the Gene@4046 gene. Blue dots denote the results of the genotype test and red dots denote the trend test", "type": "fig_caption"}, {"sent": "Both panels present the LD plots (using D') for novel loci based on SNPs with Gene@4094 > 5% using HapMap Stage II individuals of European background (n=60 unrelated individuals). Above the plots are the results of the three individual Stages and the combined analysis for the SNPs reaching genome-wide significance. Panel A. Chromosome 1 region marked by Mutation@rs11249433 and bounded by SNPs between chr1:120,400,700 -121,060,765. Note that one side is closely anchored to the centromere while the region distal to the centromere is bounded by a \"SNP desert\" of approximately 220 kb. Panel B. Chromosome 14q24.1 region marked by Mutation@rs999737 and the block resides in the intron between two exons, of which the last has been observed in one of the three splice variants observed. Note that the SNP is located in an intron exclusive to the longest predicted transcript of Gene@5890", "type": "fig_caption"}, {"sent": "The results of the Overall Pooled analysis, and case-control analyses for Gene@2099+ cases, and Gene@2099-ve cases, were generated using a trend test with one degree of freedom. The figure includes per allele odd ratio (log additive/multiplicative model) for each study. For the overall analysis, the P-heterogeneity values are for Mutation@rs1124933 P=0.44, and for Mutation@rs999737 P=0.79. Data were available for Gene@2099 status in 6,586 cases", "type": "fig_caption"}]}