{"sentences": [{"sent": "Genome Wide Association Studies (GWAs) have begun to investigate associations between inherited Disease@MESH:D030342 and Disease@MESH:D001943 prognosis. Here we report our findings from a GWAs conducted in 536 early onset Disease@MESH:D001943 patients aged 40 or less at diagnosis and with a mean follow-up period of 4.1 years (S.D=1.96). Patients were selected from the Gene@57630 (Prospective study of Outcomes in Disease@MESH:D001943). A Bonferroni correction for multiple testing determined that a p-value of 1.0 x 10-7 was a statistically significant association signal. Following QC we identified 487496 SNPs for association tests in stage-1. In stage 2, 35 SNPs with the most significant associations were genotyped in 1516 independent cases from the same early onset cohort. In stage-2, 11 SNPs remained associated in the same direction (p{less than or equal to}0.05). Fixed effects meta-analysis models identified one SNP associated at close to genome wide level of significance 556 kb upstream of the Gene@57561 locus HR=1.61 (1.33-1.96, p=9.5 x 10-7). Four further associations at or close to the Gene@5087, Gene@6095, Gene@9423 and Gene@148281 loci also came close to genome wide significance levels (p=10-6). In the first ever GWAS for identification of SNPs associated with prognosis in early onset Disease@MESH:D001943 patients we report a SNP upstream of the Gene@57561 locus as potentially associated with prognosis (Median follow-up time for genotypes CC=4 years, CT=3 years and TT=2.7 years, Wilcoxon rank sum test CC vs. CT, p=4 x 10-4 and CT vs. TT, P=0.76). Four further loci might also be associated with prognosi", "type": "abstract"}, {"sent": "Disease@MESH:D001943 incidence increases with increasing age. Less than 5% of all Disease@MESH:D001943 cases are diagnosed before 40 years of age and less than 20% before 50 years of age. Treatments vary according to Disease@MESH:D009369 stage and biological characteristics, age at diagnosis, menopausal status; co-morbidities are also important considerations in deciding what treatment to offer. Early age at Disease@MESH:D001943 diagnosis is associated with a worse prognosis although the reasons for this are still imperfectly understood. Tumours in this age group are more likely to have adverse pathological features including a greater proportion of ER negative high grade Disease@MESH:D009369. Despite accounting for these factors, outcomes remain worse for young onset patients, particularly those with ER positive Disease@MESH:D009369 and this may reflect a poorer response to Disease@MESH:D001943 treatments in younger patients. A Swedish familial study demonstrated higher risk of mortality in affected first degree relatives of Disease@MESH:D001943 patients which suggests a genetic component to prognosis following disease onset. A smaller gap in age at diagnosis between sister-sister pairs compared with mother-daughter pairs in this familial study coupled with poorer prognosis in sister-sister pairs suggests that earlier disease onset in sister-sister pairs could be linked with a greater genetic component for prognosis. Rare high penetrance genetic predisposition genes like Gene@672 are more frequently found to explain young onset Disease@MESH:D001943 cases even in the absence of a family history. In addition it is becoming clear that the growing number of common genetic variants which contribute to Disease@MESH:D001943 risk, are associated often more strongly with susceptibility to a particular sub-type of Disease@MESH:D001943", "type": "paragraph"}, {"sent": "Common genetic variants may influence prognosis either by influencing the type of Disease@MESH:D009369 that develops, the host response to Disease@MESH:D009369 or the handling or metabolism of Disease@MESH:D001943 directed therapies. Two recent studies developed from genome wide association experiments have failed to identify SNPs which are irrefutably associated with Disease@MESH:D001943 prognosis in individuals of Caucasian ancestry. The median age at diagnosis in the patients recruited for these GWASs were 66 and 52 years hence these cohorts are largely comprised of later onset Disease@MESH:D001943 patients. A more recent two stage GWAS in Chinese Disease@MESH:D001943 patients identified two potential associations with Disease@MESH:D001943 but the association effects in replication samples were much weaker than in the discovery set and would not satisfy stringent tests for multiple hypothesis correction. Studies exploring the association of known risk SNPs with prognosis have hinted at a possible role for genetic variation in clinical outcomes", "type": "paragraph"}, {"sent": "Here we report a 2-stage Genome Wide Association Study to identify common genetic variants which are associated with Disease@MESH:D001943 prognosis by using a discovery set of young onset patients that were enriched for rapid disease progression and long term Disease@MESH:D001943 specific survival. We attempt replication in a larger sample of early onset Disease@MESH:D001943 patients from the same cohort who were unselected for survival extremes. We also seek replication of the main findings from analysis in early onset patients in relatively later onset Disease@MESH:D001943 cases from Helsinki", "type": "paragraph"}, {"sent": "Early onset Disease@MESH:D001943 cases were selected from the Gene@57630 (Prospective study of Outcomes in Disease@MESH:D001943) study, participants were diagnosed with Disease@MESH:D001943 and were aged 40 or younger at diagnosis. Recruitments to the Gene@57630 cohort were made between January 2000 and January 2008 from oncology clinics across the UK. The vast majority (98%) of patients recruited to the study presented symptomatically. The recruitment, data collection and follow up procedures for the Gene@57630 study participants are described in detail elsewhere", "type": "paragraph"}, {"sent": "In stage 1, 574 participants from the Gene@57630 study were selected for the discovery phase of the analysis aimed at hypothesis generation. To enrich the discovery set patients were selected from Gene@57630 in two different groups. The first group had ER, PR and Gene@2064 negative Disease@MESH:D001943 (These triple negative patients have worse prognosis and they relapse early after diagnosis). This triple negative Disease@MESH:D001943 group was also used to identify risk genes for Disease@MESH:D001943 susceptibility in a previous study. In the second group we specifically enriched the selection for patients with either very short duration of Disease@MESH:D001943 specific survival (<2 years, n=48) or relatively long duration of Disease@MESH:D001943 specific survival (>4 years, n=125) but no selection based on immunohistochemistry was made in this group. Disease@MESH:D001943 specific survival was used as the definitive end-point for the survival analysis. Enrichment of affected individuals in a genetic association design increases the efficiency of and power to detect genetic effects. As all the study participants for this GWAs were derived from a single randomly sampled cohort of early onset patients, any overestimation of effect sizes in stage-1 was balanced out by meta-analysis with unenriched stage-2 samples. This approach is in keeping with a recent GWAS which identified five new Disease@MESH:D001943 susceptibility loci by enriching cases by recruiting individuals with family history of Disease@MESH:D001943. There were no screen detected Disease@MESH:D001943 amongst the Gene@57630 cases included in the discovery analysis, all had presented symptomatically. Amongst young onset Disease@MESH:D001943 cases a higher than average proportion is likely to be Gene@672;675 gene carriers. Since Gene@672 and Gene@675 pathogenic germ-line mutations are not known to be independently associated with prognosis, Gene@672 status was not used in making the case selection for this study. The cohort has not yet been systematically tested for germ-line Gene@672;675 mutations but amongst the Gene@57630 study stage-1 participants, 27.4% (147 cases) had previously been analysed for Gene@672 and Gene@675 mutations, either as part of other research studies or because testing had been clinically indicated (strong family history). Of those tested 38 (25.8%) had been found to carry clearly pathogenic mutations in Gene@672 or Gene@675", "type": "paragraph"}, {"sent": "1516 additional young onset cases from the Gene@57630 study that had not been selected in the discovery set were genotyped for replication in stage 2. 22.4% of the stage-2 participants were tested for Gene@672 status. 21.7% of those tested for Gene@672 status were found to carry pathogenic Gene@672 and Gene@675 mutations", "type": "paragraph"}, {"sent": "The Helsinki samples were collected in Helsinki, Finland and are representative of Disease@MESH:D001943 cases at the recruitment centre during the collection period (1997-1998 and 2000). All the Disease@MESH:D001943 cases included had histopathological and Survival data available. Detailed information on data collection and selection of participants has previously been published. The mean age at diagnosis was 56.8 years", "type": "paragraph"}, {"sent": "Genotyping for the 574 phase 1 Disease@MESH:D001943 cases was conducted using the Illumina 660-Quad SNP array. Genotyping for the samples was conducted in two separate batches at two locations. 274 patients were genotyped at the Mayo Clinic, Rochester, Minnesota, USA and were selected because they were diagnosed with triple negative Disease@MESH:D001943 (ER, PR and Gene@2064 negative). 300 Gene@57630 patients were genotyped at the Genome Institute of Singapore, National University of Singapore; this group were selected based on either short duration of Disease@MESH:D001943 specific survival (<2 years) or for long duration of Disease@MESH:D001943 specific suvrival (>4 years).In order to ensure complete harmonisation of the genotype calling, the intensity data available from both these locations in form of *.idat files were combined and used to generate genotypes based on the algorithm available in the genotyping module of Illumina's Genome Studio software. A GenCall threshold of 0.15 was selected and the HumanHap660 annotation file was used. Genotyping for the replication samples from Helsinki was conducted using the Illumina 550 platform as previously described. The intensity data generated was loaded into Illumina's Genome studio and genotypes were generated using a GenCall threshold of 0.15. HumanHap550-duo v3 annotation file was used", "type": "paragraph"}, {"sent": "SNPs were excluded from analysis based on a minor allele frequency (MAF) cut-off of 0.01, genotyping call rate <95% and Hardy-Weinberg equilibrium p-value<0.0001. We used the pairwise Identity-by-state and multidimensional scaling, implemented in Plink, to identify Gene@57630 and Helsinki participants whose genotypes did not concur with a European ancestry. 28 individuals were excluded based on a non-European ancestry or missing phenotype information in the Gene@57630 discovery analysis (Supplementary Figure 1). Three individuals from the 300 samples genotyped at the site in Singapore were excluded from analysis because of call rates lower than 95%. No individuals from the 274 triple negative cohort genotyped at the Mayo clinic were excluded from analysis based on poor call rate. Genotyping accuracy for SNPs or SNP specific call rates were over 99% in samples genotyped at the Singapore and Mayo clinic sites.*.idat files available from the Helsinki participants were fed into Illumina's Genome Studio software to call genotypes. No ethnic outliers were identified among the 805 Helsinki participants. 7 Helsinki participants were excluded because of SNP call rate (<95%)", "type": "paragraph"}, {"sent": "Genotyping of the 35 best associated SNPs from stage-1 in the 1516 additional young onset cases from the Gene@57630 study was performed by KBioscience. SNPs were genotyped using the KASPar chemistry, which is a competitive allele-specific PCR SNP genotyping system using FRET quencher cassette oligo ", "type": "paragraph"}, {"sent": "To generate estimates of pairwise Identity by descent we performed genome wide linkage disequilibrium based pruning using the --indep-pairwise command in plink. SNP data were pruned after choosing an r2 cut-off at 0.5. SNP pruning was initiated using a window of 50 SNPs. Pairwise LD was then calculated and one SNP within each SNP pair characterised by high LD (r2>0.5) was excluded. This process was repeated while choosing smaller SNP windows of 5 SNPs at a time. Multi-dimensional scaling plots were then generated after generating clusters of related individuals based on pairwise IBS distances", "type": "paragraph"}, {"sent": "SNP quality control (QC) measures were implemented using Plink. Post-QC, transposed ped (tped) and tfam files were generated for further analysis. We used GenABEL in R.2.14.0 environment to perform survival analysis using Post-QC genome wide SNP data. Cox-proportional hazard models were implemented using the mlreg command in GenABEL . The mlreg command utilizes the survival package which is routinely used for survival analysis in R. ER status was the only covariate used in Cox models. Follow-up time was calculated as the difference between the date of diagnosis of Disease@MESH:D001943 and the date of Disease@MESH:D003643 due to Disease@MESH:D001943 or the date of last follow-up if still alive or deceased from a Disease@MESH:D001943 cause (Disease@MESH:D001943 specific survival). The mean difference in time between age at diagnosis and age at registration was 0.78 years (SD=1.16 years).Kaplan Meier plots were generated using STATA v11.0 and IBM SPSS statistics 19. Mantel Haenszel Fixed effects meta-analysis was performed using the metan module in STATA v11.0. Genome wide meta-analysis was performed using MetABEL", "type": "paragraph"}, {"sent": "Imputation of the Gene@57630 GWAS data set was performed using MACH 1.0 based on SNP genotype and haplotype phase data specific for CEU population available from HapMap phase 2 project. Imputed genotypes were analysed using ProABEL. A posterior probability of 0.9 was used to output imputed genotypes. QC- measures for imputation data included excluding SNPs based on a minor allele frequency (MAF) cut-off of 0.01, genotyping call rate <95% and Hardy-Weinberg equilibrium p-value<0.0001", "type": "paragraph"}, {"sent": "Manhattan and QQ-plots were generated in R using the plot command. Regional plots were generated using LocusZoom", "type": "paragraph"}, {"sent": "Sample size calculations were performed in R.2.14.2 using survSNP package", "type": "paragraph"}, {"sent": "We used Genevar 3.2.0 to study variation in expression levels by SNP genotypes available from the MuTHER pilot project while using NCBI Build 36 /Ensembl 54 as. Twin pairs were divided into two groups of unrelated individuals. Expression data from Lymphoblastoid cell lines are reported here", "type": "paragraph"}, {"sent": "The putative changes on transcription factor binding sites caused by the variants were predicted in silico with SNPInspector within Genomatix software suite v2.5 (Genomatix Software GmbH). SNPInspector analysis is based on MatInspector", "type": "paragraph"}, {"sent": "Clinical characteristics of stage-1 and stage-2 participants are summarised in Table 1. Following QC we had SNP genotype data available for 487496 SNPs in stage-1. We had 79% power to detect a hazard ratio (HR) >=1.50 when studying a SNP with minor allele frequency (maf>=0.10). In survival analysis models no associations were observed to survive a Bonferroni correction and reach a p-value<=10-7. Eight SNPs among the top 50 SNPs achieved a p-values <7.0 x 10-6", "type": "paragraph"}, {"sent": "41 of the remaining 42 SNPs achieved p-values at10-5. At the loci on which multiple SNPs were found to be strongly associated with survival we selected the lead SNP for follow-up in stage-2 along with any other SNP(s) from the same locus which were not in high LD with the lead SNP (r2<0.6). Using this strategy we selected 35 of the best 50 associated SNPs (Supplementary Table 1) for genotyping in the stage-2 validation samples. The qq-plot demonstrated deviation of observed log transformed values from the expected log transformed p-values for SNPs associated with p-values ranging from 10-4 to 10-5 (Figure 1)", "type": "paragraph"}, {"sent": "27 of the 35 SNPs included in the stage-2 genotyping were successfully genotyped and were available for analysis. 1 SNP had greater than 10% duplicate error rate and was excluded from replication analysis. We had 70% power to detect a HR (hazard ratio) >= 1.50 in stage 2 analysis. While testing for replication effects of the 27 SNPs, we found 11 SNPs at distinct loci which were associated with prognosis in the same direction as in the stage-1 analysis (Table 2). Replication p-values for these 11 SNPs ranged from 0.05 to 0.005", "type": "paragraph"}, {"sent": "We included the eleven SNPs which remained associated in stage-2 based on consistent direction of effect, in Mantel-Haenszel fixed-effects meta-analysis models (Table-2). The strongest meta-analysis HR was observed at the Mutation@rs421379 SNP which lies upstream of the Gene@57561 gene (Figure 2, Figure 3) on the long arm of chromosome 5, HR=1.61 (1.33-1.96, p=9.5 x 10- 7). Adjusting for ER-status, N-stage and M-stage slightly reduced the strength of the overall association at this SNP in combined analysis across stage-1 and stage-2 (HR=1.55 (1.27-1.90, p=1.5 x 10-5)). The next best replication signal was observed in an intronic region of the Gene@5087 (Pre-B-Cell Disease@MESH:D007938 transcription factor-1) gene. The replication p-value for this intronic SNP was second most significant after Mutation@rs421379 in the two stage meta-analysis, and the overall association at this variant was close to being genome wide significant, HR=1.28 (1.16-1.43, p=3.8 x 10-6). Adjusting for ER-status, N-stage and M-stage did not affect the strength of the association at this variant (HR=1.26 (1.13-1.41, p=3.9 x 10-5)). The above two variants displayed the lowest levels of heterogeneity in meta-analysis. The association observed with a 5'UTR snp at the Gene@6095 locus (Mutation@rs3884558) was also close to the threshold for genome wide significance HR=1.46 (1.24-1.72, p=3.9 x 10-6), although there was modest evidence of heterogeneity in Hazard ratios between stage-1 and stage-2 models (Table 2). Two further associations Mutation@rs3785982 in the Gene@9423 gene (HR=1.40 (1.21-1.62, p=7.9 x 10-6) and Mutation@rs2774307 in the Gene@148281 gene (HR=1.30 (1.16-1.47, p=7.9 x 10-6)) also came close to genome wide significance. For the five SNPs associated at p<=10-6, we did not observe any eveidence of heterogeneity of effects on survival based on triple negative status of the Gene@57630 patients. The heterogeneity I2-statistic for these 5 SNPs ranged from 0-20.6%", "type": "paragraph"}, {"sent": "We had 87% power to detect a hazard ratio >=1.50 when analysing SNPs with Maf>=0.10 in 874 patients available from the Helsinki study. We extracted genotypes from the GWS genotype data of the Helsinki samples for 11 of the 35 SNPs which were associated in the same direction in stage-2 as in stage-1 analysis. Helsinki patients belonged to a relatively higher age group at diagnosis when compared to Gene@57630 (Average at diagnosis=56.8, SD=12.4). We found that none of the 11 SNPs which were replicated as associated with prognosis in stage-2 were associated with the same outcome in patients with later onset from Helsinki", "type": "paragraph"}, {"sent": "We imputed SNP genotypes for 2.5 million SNPs based on HapMap Phase 2 data. Imputation analysis did not identify any additional variants which were more strongly associated than the ones we found as most strongly associated using real genotype data 250 kb either side of Mutation@rs421379, Mutation@rs3884558 (5'UTR-Gene@6095), Mutation@rs3785982 (Gene@9423), Mutation@rs2774307 (Gene@148281) and Mutation@rs1387389 (Gene@5087) (Figure 2 and Supplementary Figures 2-5)", "type": "paragraph"}, {"sent": "We assessed the associations of all SNPs which were associated at p-value<=10-6 with clinical predictors of Disease@MESH:D001943 prognosis. There were five SNPs which were associated at p-value<=10-6, none of these SNPs were associated with ER-status, N-stage or M-stage after performing a Bonferroni correction for number of tests performed (Table 3)", "type": "paragraph"}, {"sent": "We queried the Genevar 3.2.0 and SNP and CNV annotation database (scandb) to identify Cis or Trans eQTL effects resulting from Mutation@rs421379. In 156 Lymphoblastoid cell lines sample collected from 78 twin pairs available via the Java based Genevar interface we did not observe an association of Mutation@rs421379 with expression of Gene@57561 gene (Figure 4). In scandb we observed that Mutation@rs421379 had trans eQTL effects on expression of Gene@83871 (p=1x 10-5) and Gene@215 (p=9 x 10-5), but neither of these associations were genome wide significant which could be a result of low sample size available with 30 HapMap-CEU trios available from scandb", "type": "paragraph"}, {"sent": "In this manuscript we have reported findings from the first genome wide association study of Disease@MESH:D001943 prognosis in early onset Disease@MESH:D001943 patients and enriched for poor survival and ER, PR and Gene@2064 negative cases in discovery stage. Recently two GWASs aimed at identifying risk alleles for poor prognosis were performed in unselected Disease@MESH:D001943 patients of Chinese and European ancestries. Azzato et al in their GWAS conducted in 4335 Caucasian breast cancer patients with mean age at diagnosis of 66 years (95% CI=44-83) did not replicate any of their main findings in a large relatively younger cohort of breast cancer patients (Mean age=51 (95% CI=23-69). Azzato et al had taken forward 10 of their most significant findings forward for replication in the SEARCH study. On the contrary Shu et al, attempted replication of their top 50 associations in their two stage GWAS in Chinese patients and identified two associations with p-values equal to 1.17 x 10-7 (Mutation@rs3784099, RAD15L) and 5.75 x 10-6 (Mutation@rs9934948). We did not find either of these two SNPs (Mutation@rs3784099, p=0.61 and Mutation@rs9934948, p=0.25) as associated with prognosis in the stage-1 data used for discovery in this GWAS nor in the Helsinki GWS data", "type": "paragraph"}, {"sent": "In our study we attempted replication of 50 of the strongest association signals from stage-1 by selecting the strongest associated SNPs at each of the new discovered loci while excluding any other SNPs which were in relative LD with the best associated SNP at the same locus r2>=0.6. Of the 35 SNPs which were selected from stage-1 for validation in stage-2, 27 SNPs were successfully genotyped in stage-2 and we found 11 of these SNPs to demonstrate nominal to strong replication signals (p-values range: 0.05-5 x 10-3). Such a high replication rate (40.7%) suggests low phenotypic heterogeneity in samples collected between stage-1 and stage-2. Large cohorts of young onset patients with comprehensive treatment and outcome data are uncommon given that less than 5% of all Disease@MESH:D001943 are diagnosed before 40 years of age. We were able to enrich our stage-1 samples further with young onset triple negative patients and patients with very short duration of Disease@MESH:D001943 specific survival. This allowed us increased statistical power to identify common genetic variants with modest effect sizes (OR>=1.50) in stage-1 data. Despite having a more enriched stage-1 dataset, we did not have sufficient power (<80%) to detect association signals associated with HRs in range of 1.10 to 1.45 in our discovery samples. Future studies in larger early onset cohorts are therefore needed to identify true associations with lower effect sizes than HR>=1.50", "type": "paragraph"}, {"sent": "The strongest association signal in our study was observed 596 kb upstream of the Gene@57561 gene. In HapMap we did not find any long range LD between Mutation@rs421379 and any SNPs at or close to the Gene@57561 locus. The Gene@57561 gene is a member of the arrestin gene family and functions in a novel regulatory pathway that controls the cell surface adhesion molecule, Gene@930 integrin (Gene@3691), a protein associated with Disease@MESH:D001523 behaviour. Furthermore deletion of the region of chromosome 5 containing the Gene@57561 gene is observed more frequently in Disease@MESH:D001943. Differential expression levels have also been associated with prognosis in Disease@MESH:D011471 patients. The associated SNP Mutation@rs421379 is located in the 5' region of the Gene@57561 gene and might affect a transcription binding site and Gene@57561 gene expression, permitting development of a more aggressive, Disease@MESH:D009361. The associated SNP Mutation@rs421379 was predicted to disrupt a binding site for Gene@4205 (Gene@4205). This transcription factor family consists of four members (MEF2A-D) sharing the binding sequence and Gene@4205 could regulate Gene@57561 gene expression. Previously, Gene@4208 has been found to be highly expressed in Disease@MESH:D001943 along with Gene@31293. Later a strong co-expression of Gene@4851 and Gene@4205 paralogs has been observed in Disease@MESH:D009369 samples from patients with metastatic disease", "type": "paragraph"}, {"sent": "We did not find a robust association signal between Mutation@rs421379 and the probe representing variation in Gene@57561 expression (Figure 4). In the SNP and CNV annotation database (scandb), Mutation@rs421379 is identified to have trans-effects on expression of Gene@83871 (p=1x 10-5) and Gene@215 (p=9 x 10-5) genes present on chromosomes 17 and X respectively. It should be noted that the association analysis in Genevar 3.2.0 and scandb analysis is based on 154 twins and the 30 HapMap CEU trios respectively as such the statistical power to detect modest effects on gene expression was not high and further given that the gene expression is quantified in lymphoblastoid cell lines these results are not reflective of potential cis-effect of Mutation@rs421379 in Disease@MESH:D001943 related cells", "type": "paragraph"}, {"sent": "The second strongest association we observed was at the Gene@5087 locus (HR=1.28 (1.16-1.43), p=3.8 x 10-6). The protein coded by this gene drives Gene@2099 signalling and Disease@MESH:D001943 progression through transcriptional programming. There was no evidence of substantial heterogeneity in hazard ratios across stage-1 and stage-2 for the SNP associated at the Gene@5087 locus (Table 2). 11 SNPs according to HapMap Phase 3 data are in high LD (r2>0.8) with the Gene@5087 SNP we found as strongly associated and all these SNPs were found to be intronic within the Gene@5087 locus. We also observed strong suggestive evidence for an association at the Gene@6095 gene (HR=1.46 (1.24-1.72), p=3.9 x 10-6). It has recently been shown that Gene@6095 protein expression is reduced in Disease@MESH:D001943 cells and also this lower expression is related to poorer prognosis in Disease@MESH:D001943 patients. There was some evidence of heterogeneity in hazard ratios between stage-1 and stage-2 patients for the Mutation@rs3884558 which lies 78.3 kb upstream of the Gene@6095 gene (p=0.04). Although there were no SNPs in high LD (r2>=0.8) 2.4 kb beyond Mutation@rs3884558, SNPs in moderately LD (r2=0.3) are located up to 95.7 kb away from Mutation@rs3884558 and close to the Gene@6095 gene. The SNP Mutation@rs3884558 was predicted to both disrupt and create multiple transcription factor binding sites. The binding site was predicted to be lost for transcription factors Gene@5451, Gene@7050, Gene@3159;8091 and Gene@1045 and new binding site was predicted to emerge for REV-ERBalpha, Gene@1385;468, Gene@3159, Gene@7411 and Gene@1877. Interestingly REV-ERBalpha belongs to the same nuclear Gene@3164 family as does Gene@6095. Moreover these family members are known to cross-talk and REV-ERBalpha has been shown to suppress the transcriptional activity of Gene@6095", "type": "paragraph"}, {"sent": "The two other associations at Gene@9423 and Gene@148281 could also be real given Gene@9423 expression is increased in Disease@MESH:D001943 and the replication signal at Gene@148281 remained strong in post replication meta-analysis (HR=1.30 (1.16-1.47), p=7.9 x 10-6) with no strong evidence of heterogeneity in hazard ratios with the associated variant", "type": "paragraph"}, {"sent": "Further studies at population level are needed to confirm the association of the 5 loci associated at p<=10-6 that we have discovered from this two stage GWAS analysis. In future analyses we will study the most strongly associated SNPs from the current study by interrogating additional well characterised and early onset Disease@MESH:D001943 cohorts. This will allow us to generate more accurate estimates of gene-survival associations and also allow the implementation of prediction statistics generated using gene score analysis. In addition, further studies are needed to establish beyond doubt the true validity of the remaining SNPs that replicated strongly but were not quite genome wide significant. Published results from biochemical analyses do suggest Gene@5087, Gene@6095 and Gene@9423 are plausible candidate loci for an effect exerted by the host genotype in altering prognosis. Fine mapping and molecular studies are needed to establish the identity of the causal variant in the intragenic region, 596 kb upstream of Gene@57561 gene. and provide insight into the mechanism of action. Much emphasis currently is on genotyping of somatic mutations in Disease@MESH:D009369 to help refine prognosis and identify treatment targets but this is only a part of the information that influences prognosis. Selecting a well characterised poor prognosis group of patients with Disease@MESH:D001943 specific mortality has been a useful strategy to identifying SNPs that influence prognosis. The ultimate validation of the clinical utility for germ-line genetic variants that influence prognosis will come from genotyping in randomised adjuvant and neo-adjuvant treatment trials. With a clear understanding of the magnitude and mechanism of prognostic SNPs, such genotyping may in future be routinely used in Disease@MESH:D009369 patients to help derive a more complete individualised risk assessment for early relapse and thereby guide treatment choices", "type": "paragraph"}, {"sent": "A quantile-quantile (qq plot) of log-transformed observed and expected P-values from the stage-1 analysis", "type": "fig_caption"}, {"sent": "Regional plot of p-values arising from cox-proportional hazard models, 250 kb either side of the Mutation@rs421379 variant in stage-1. P-values are from imputed and the genotyped SNPs", "type": "fig_caption"}, {"sent": "Kaplan Meier analysis plot depicting survival rates by Mutation@rs421379 genotypes", "type": "fig_caption"}, {"sent": "Variation in Gene@57561 expression levels with Mutation@rs421379 variant. Results are reported from twins from the same pair who were separated by id in two samples named Twin1-L and Twin2-L, which were analysed independently. Rho is the spearman rank correlation (SRC) coefficient, p-value is for SRC and Gene@4354 is the empirical p-value for SRC based on 10,000 permutations", "type": "fig_caption"}, {"sent": "Stage Wise association statistics for the eleven SNPs which were associated in stage-2 following discovery in stage-1 analysis", "type": "table_caption"}, {"sent": "Associations of SNPs associated at p<=10-6 in the two stage meta-analysis with secondary traits linked to Disease@MESH:D001943 mortality in stage 1 and stage 2 combined dataset", "type": "table_caption"}]}