{"sentences": [{"sent": "Disease@MESH:D001943 is the most common Disease@MESH:D009369 among women in worldwide including Japan. Several studies have identified common genetic variants to be associated with the risk of Disease@MESH:D001943. Due to the complex linkage disequilibrium structure and various environmental exposures in different populations, it is essential to identify variants associated with Disease@MESH:D001943 in each population, which subsequently facilitate the better understanding of mammary Disease@MESH:D063646. In this study, we conducted a genome-wide association study (GWAS) as well as whole-genome imputation with 2,642 cases and 2,099 unaffected female controls. We further examined 13 suggestive loci (P<1.0x10-5) using an independent sample set of 2,885 cases and 3,395 controls and successfully validated two previously-reported loci, Mutation@rs2981578 (combined P-value of 1.31x10-12, OR = 1.23; 95% CI = 1.16-.30) on chromosome 10q26 (Gene@2263), Mutation@rs3803662 (combined P-value of 2.79x10-11, OR = 1.21; 95% CI = 1.15-.28) and Mutation@rs12922061 (combined P-value of 3.97x10-10, OR = 1.23; 95% CI = 1.15-.31) on chromosome 16q12 (Gene@27324-LOC643714). Weighted genetic risk score on the basis of three significantly associated variants and two previously reported Disease@MESH:D001943 associated loci in East Asian population revealed that individuals who carry the most risk alleles in category 5 have 2.2 times higher risk of developing Disease@MESH:D001943 in the Japanese population than those who carry the least risk alleles in reference category 1. Although we could not identify additional loci associated with Disease@MESH:D001943, our study utilized one of the largest sample sizes reported to date, and provided genetic status that represent the Japanese population. Further local and international collaborative study is essential to identify additional genetic variants that could lead to a better, accurate prediction for Disease@MESH:D001943", "type": "abstract"}, {"sent": "Disease@MESH:D001943 is the most common Disease@MESH:D009369 among women worldwide. In Japan, Disease@MESH:D001943 comprises approximately 19% of all female Disease@MESH:D009369; it is the fifth leading cause of Disease@MESH:D003643 among women with an estimated Disease@MESH:D003643 of 12,731 in 2011. Its incidence is about 86.0 cases/100,000 individuals/year and 56,289 were newly diagnosed to have Disease@MESH:D001943 in 2007 (http://ganjoho.jp/data/public/statistics/backnumber/2012/files/Disease@MESH:D009369_statistics_2012.pdf). Even though the 5-year survival rate for Disease@MESH:D001943 is relatively better compared to other Disease@MESH:D009369, the age-adjusted incidence and mortality rate for Disease@MESH:D001943 has revealed a significant increase since 1970s in Japan. Hence, Disease@MESH:D001943 is one of the most important medical issues to be addressed. In particular, individual risk assessment (genetic and environmental factors), early detection by biomarkers and mammography screening are critically important to reduce Disease@MESH:D001943-associated Disease@MESH:D003643", "type": "paragraph"}, {"sent": "Although risk factors such as age, age at menarche, ethnicity, reproductive and menstrual history, oral contraceptives, hormone therapy, radiation exposure, mammographic breast density, alcohol intake, dietary folate intake, physical activity and benign Disease@MESH:D001941 have been reported, it is well known that Disease@MESH:D001943 is a complex Disease@MESH:D004194 in which genetic factors play an important role in disease etiology and pathogenesis. Individuals who have first-degree relatives with Disease@MESH:D001943 are indicated to have approximately 2.1-fold higher risk for the disease. Previous linkage analysis identified mutations in two highly-penetrant genes, Gene@672 and Gene@675, as one of the major cause of Disease@MESH:D009386 in many families. In addition, mutations in Gene@472, Gene@7157, Gene@11200, Gene@5728, Gene@999, Gene@6794 and Gene@79728 genes also confer risk to Disease@MESH:D001943. Nevertheless, mutations in these genes are not common in the general population and account for 5-0% of Disease@MESH:D001943 cases. Hence, there is likely to be other genetic variants that contribute to the etiology of this Disease@MESH:D009369. Since 2007, approximately 67 common genetic variants have been identified to be associated with Disease@MESH:D001943 through genome-wide association studies (GWAS) and international collaborative study from European and Asian descendants. Due to the complex linkage disequilibrium, differences in allele frequencies and environmental exposure in different populations, it is of importance to identify common genetic variants associated with Disease@MESH:D001943 in specific populations, which subsequently facilitate the development of useful prediction systems. Our group has previously reported a GWAS to identify common genetic variants associated with hormonal receptor positive Disease@MESH:D001943, but the current study has increased the sample size, which is one of the biggest sample size that represent the Japanese population, and has used a genotyping panel with better coverage aiming to identify common genetic variants associated with all types of Disease@MESH:D001943. Furthermore, we also evaluated the association of previously-identified loci showing the association with Disease@MESH:D001943 in the European population and East Asian in the current dataset. Lastly, we conducted whole-genome imputation by referring to 1000G reference panel to increase the coverage of this GWAS study", "type": "paragraph"}, {"sent": "We recruited all DNA samples from the Biobank Japan Project (http://biobankjp.org). The Biobank Japan is a bank that has collected DNAs and serum of nearly 200,000 individuals, who had been diagnosed to have one or more of 47 common diseases including various types of Disease@MESH:D009369 from 66 collaborating hospitals in Japan. One of the major objectives of this project is to identify genetic variants that are associated with common diseases and to identify individuals who are at risk for various diseases. In this study, we selected a total of 5,610 Disease@MESH:D001943 patients who had been registered in the Biobank Japan. We subsequently divided these patients into two groups of 2,725 and 2,885 cases to be used for the discovery phase and for the validation phase, respectively. For controls, we included 2,331 and 3,395 females consisting of healthy volunteers from Disease@MESH:D009759, Osaka, Japan and Health Science Research Resource Bank as well as individuals in the Biobank who had no history of Disease@MESH:D009369 as controls for discovery and validation phases, respectively. The demographic data of patients recruited for this study is summarized in Table 1. All individuals who participated in this study provided written inform consent. This study was approved by the ethical committees of the Institute of Medical Sciences, the University of Tokyo and RIKEN Center for Integrative Medical Sciences", "type": "paragraph"}, {"sent": "For the GWAS discovery stage, we genotyped both case and control samples using Illumina OmniExpress BeadChip that contained a total of 733,202 SNPs. After a standard SNP quality control which excluded SNPs with call rate of <0.98, those that deviated from the Hardy-Weinberg equilibrium (P<=1.0x10-6), those on the X chromosome and non-polymorphic SNPs, a total of 550,026 SNPs were used for further analysis. The cluster plot of 100 SNPs that revealed the strongest associations were checked by visual observation to exclude SNPs with ambiguous genotypes. For sample quality control, we evaluated cryptic relatedness for each sample with identity-by-state method. To examine population stratification of this study, we performed principal component analysis (PCA) using EIGENSTRAT software v2.0 (http://genepath.med.harvard.edu/~reich/Software.htm) with four reference populations from the HapMap data as reference including Europeans (represented by Caucasian from UTAH, CEU), Africans (represented by Yoruba from Ibadan, YRI) and East Asians (represented by Japanese from Tokyo, JPT, and Han Chinese from Beijing, Disease@None) (Figure S1a). We plotted the scatter plot by using the top two associated principal components (eigenvectors) to identify outliers who did not belong to the JPT/Disease@MESH:D003027. Subsequently, we performed PCA analysis using only the genotype information of the case and control subjects to further evaluate the population substructure (Figure S1b). Quantile-quantile (Q-Q) plot was constructed using observed P-values against expected P-values and an inflation factor value (lambda-value) that was calculated to assess potential population stratification of the study subjects (Figure S2a and S2b). After performing PCA, we selected 2,642 cases and 2,099 controls within the major Japanese (Hondo) cluster for subsequent analysis (Figure S1b)", "type": "paragraph"}, {"sent": "To increase the power and coverage of the genome-wide association scan, we performed whole genome imputation using 1000G of East Asian population (Japanese in Tokyo JPT, Chinese in Disease@None and Chinese in Denver Disease@None) Phase I Integrated Release Version 2 dataset as reference panel to infer missing genotypes. Briefly, we prepared the input files after quality control, which excluded SNPs with genotyping rate of <98%, those that deviated from HWE (HWE P<=1.0x10-6) and those with Gene@4094 of <0.01. We then confirmed that the allele frequencies of the reference allele are comparable between the GWAS dataset and the reference panel with differences of <0.15. By using MACH1.0 (http://www.sph.umich.edu/csg/abecasis/MACH/index.html), we performed haplotype phasing with the samples' genotypes referring 1000G reference panel, estimated the map crossover and error rates using 20 iterations of the Markov chain. Subsequently, we imputed the missing genotypes using Minimac (http://genome.sph.umich.edu/wiki/Minimac). We utilized stringent imputation quality control by excluding SNPs with r2 value of <0.9", "type": "paragraph"}, {"sent": "After evaluating the associations from GWAS and whole genome imputation, we selected a total of 13 candidate loci that showed suggestive association (P<1.0x10-5) with Disease@MESH:D001943 risk for further validation by an independent set of 2,885 cases and 3,395 controls. We genotyped the cases with the multiplex-PCR Invader assay and the control samples with either Illumina OmniExpress BeadChip Kits or by imputation. To verify the accuracy of the imputation analysis, we also included surrogate SNPs that showed close link (r2>0.8 and D' = 1.00) to the imputed SNPs and were included in the genotype platform. Considering multiple testing at this validation stage, we applied Bonferroni significance threshold at P<3.85x10-3 (0.05/13 independent tests)", "type": "paragraph"}, {"sent": "To verify previously-reported loci showing the association with Disease@MESH:D001943 in the European and East Asian populations, we evaluated 67 loci in the current Japanese GWAS dataset. Among the 67 SNPs examined, 6 SNPs are not polymorphic in the Japanese population, 26 SNPs are same as the previously-reported SNPs, 33 and 2 SNPs are SNPs having r2-value of more than 0.8 and 0.7 to the previously-reported SNPs, respectively (Table S4)", "type": "paragraph"}, {"sent": "The case-control associations of the GWAS discovery set and validation set were evaluated using logistic regression analysis after considering age as confounding factor from PLINK software (http://pngu.mgh.harvard.edu/~purcell/plink/). The associations of the imputed SNPs were generated with mach2dat software which utilized the output results from Minimac (dosage of the imputed SNP). To have an overview of the association of SNPs with Disease@MESH:D001943, a Manhattan plot of the study was plotted using Haploview 4.1. Meta-analysis for the combined analysis of the discovery and validation phase was performed using inverse-variance method and heterogeneity between the two phases was evaluated using Cochran's Q test. Regional association plots were generated using Locus Zoom (http://csg.sph.umich.edu/locuszoom/)", "type": "paragraph"}, {"sent": "To evaluate the cumulative effects of genetic variants associated with Disease@MESH:D001943 risk, we conducted weighted genetic risk score (wGRS) analysis on the basis of genotypes of five SNPs, three significant SNPs (Mutation@rs2981578 of 10q26/Gene@2263, Mutation@rs3803662 and Mutation@rs12922061 of 16q12/Gene@27324) from this study and two SNPs (Mutation@rs6557161 of 6q25/Gene@2099 and Mutation@rs10509168 of 10q21/Gene@22891) that were reported to be associated with Disease@MESH:D001943 risk in East Asian population and indicated suggestive association in this study. The wGRS model was developed by logistic regression analysis by incorporating five associated-SNPs and age (as covariates) using GWAS dataset to obtain the estimates (weight) of each corresponding SNP. This model was subsequently validated in an independent samples dataset drawn from the validation phase of this study. The cumulative genetic risk scores were determined by multiplying the number of risk alleles (0/1/2) of an individual by its corresponding weight, and subsequently the sum across the total number of SNPs were taken into consideration. We then classified the genetic risk score into five different categories created from the mean and standard deviation (SD); group 1, < mean-1SD; group 2, mean-1SD to mean; group 3, mean to mean+1SD; group 4, mean+1SD to mean+2SD, group 5, > mean+2SD. Odds ratio and 95% confidence interval were calculated using group 1 as a reference", "type": "paragraph"}, {"sent": "In this study, we genotyped a total of 2,725 cases and 2,311 controls with Illumina OmniExpress BeadChip Kits that contained 733,202 SNPs to identify genetic variants associated with the susceptibility to Disease@MESH:D001943 in the Japanese population. After quality check of the SNP genotyping data, a total of 550,026 autosomal SNPs were examined for the association by logistic regression analysis. Quantile-quantile (Q-Q) plot and the genomic inflation factor (lambda) of the test statistic of this GWAS based on 550, 026 SNPs with all samples was 1.183 suggesting the existence of some population substructure (Figure S2a). To exclude the possibility of population substructure for our sample population, we performed principal component analysis (PCA). Although all the subjects participating in this study were clustered in the Asian population, there was a small portion of samples that were separated from the major Japanese (Hondo) cluster when PCA analysis was performed using only the genotype information of the case and control in the study (Figure S1a and S1b). We then used samples from the major Japanese (Hondo) cluster consisting of 2,642 cases and 2,099 controls, and found that the lambda-value improved to 1.027 (Figure S2b). Hence, subsequent analysis was carried out using only samples from the major Japanese cluster. Whole genome imputation utilizing 1000G database as reference panel successfully estimated 7,791,127 SNPs. After stringent quality control by excluding SNPs with r2-value of <0.9, the total number of SNPs that were taken into account was 5,335,291. The Manhattan plot, plotting -log10 (P-value) from the GWAS and imputation analysis against the chromosome position, showed that there were no genetic loci achieving genome-wide significance with the threshold P-value of <5x10-8 (Figure 1)", "type": "paragraph"}, {"sent": "This plot is based on -log10 (P-value) from GWAS and imputation analysis against chromosome position, each color represents different chromosome. Blue line indicate suggestive association threshold, P = 1x10-5 while red line indicate genome-wide significant threshold P<5x10-8", "type": "fig_caption"}, {"sent": "To identify additional susceptible loci associated with Disease@MESH:D001943, we conducted a validation study of 13 genetic loci showing suggestive association (P<1x10-5) with Disease@MESH:D001943 after excluding SNPs that showed linkage disequilibrium (LD) coefficient (r2) of >0.8 within each LD block by examining an independent set of 2,885 Disease@MESH:D001943 cases and 3,395 controls. Among the 13 loci tested, three SNPs (Mutation@rs2981578 on chromosome 10q26.13 and Mutation@rs3803662 along with Mutation@rs12922061 on chromosome 16q12.1) were successfully validated with Bonferroni-corrected P-value of <3.85x10-3 (0.05/13 independent tests) as shown in Table 2 and Table S1. Inverse variance meta-analysis indicated that these three SNPs surpass genome-wide significance level (P-value<5x10-8) after combining the GWAS and the validation study with no significant heterogeneity (P-value >0.05) between the two stages (Table 2)", "type": "paragraph"}, {"sent": "The most significantly associated SNP, Mutation@rs2981578 (combined P-value of 1.31x10-12, OR = 1.23; 95% CI = 1.16-.30), is located within the second intron of the Gene@2263 gene on chromosome 10q26.13 (Table 2 and Figure 2a). Variants on this gene have been the most frequently validated to be associated with Disease@MESH:D001943 in multiple populations. For chromosome 16q21.1, we successfully validated Mutation@rs12922061 (combined P-value of 3.97x10-10, OR = 1.23; 95% CI = 1.15-.31) to be significantly associated with Disease@MESH:D001943 (Table 2 and Figure 2b). After conditioning the effect of Mutation@rs12922061, Mutation@rs3803662 remained suggestively associated and was successfully validated after additional samples with a combined P-value of 2.79x10-11 (OR = 1.21; 95% CI = 1.14-.25). Two of these SNPs remained significant (P-value<0.0001) after performing condition analysis by using one of the SNP as covariate, suggesting the independency of association with Disease@MESH:D001943 (Table S2). Additionally, the r2 value between these two SNPs is only 0.17, indicating they are not closely linked with each other. Haplotype analysis of the two SNPs did not reveal stronger association than a single SNP association after 100,000 permutation analysis (Table S3). The SNP, Mutation@rs3803662, is located in the last exon of LOC643714 and near to the 5' end of Gene@27324; whilst Mutation@rs12922061 is located in the first intron of LOC643714.", "type": "paragraph"}, {"sent": "SNPs from the GWAS are plotted as circles; imputed SNPs are plotted as crosses. The color intensity reflects the extent of LD with the marker SNP: red, (r2>= 0.8), orange (0.6<=r2<=0.8), green (0.4<=r2<=0.6), light blue (0.2<=r2<=0.4) and dark blue (r2<0.2). Purplish blue lines represent local recombination rates. The SNP position is based on NCBI build 37", "type": "fig_caption"}, {"sent": "In addition to perform GWAS for Disease@MESH:D001943 in Japanese population, we also evaluated the association of previously-reported Disease@MESH:D001943 risk loci in the European and East Asian populations. We evaluated a total of 61 SNPs after excluding 6 SNPs that are not polymorphic in Japanese population (Table S4). Among the 61 SNPs, eight SNPs (Mutation@rs4415084 of 5p12/Gene@10884, Mutation@rs6557161 of 6q25/Gene@2099, Mutation@rs7465364 of 8p21/Gene@646909, Mutation@rs672888 of 8q24/Gene@4609, Mutation@rs10509168 of 10q21/Gene@22891, Mutation@rs1219648 of 10q26/Gene@2263, Mutation@rs17221259 of 12p13/Gene@55729 and Mutation@rs3803662 of 16q12/Gene@27324) showed suggestive association (P-value<0.05) with Disease@MESH:D001943 in Japanese population (Table 3). All of these suggestively-associated SNPs possessed the same risk allele and showed the same direction of association that was indicated in the previous reports", "type": "paragraph"}, {"sent": "After developing wGRS model using five SNPs from the GWAS dataset, the model was subsequently validated in an independent sample set represented by the validation samples. The cumulative effect of five SNPs evaluated by the wGRS analysis indicated that odds ratio of each category increased according to the level of risk score, and individuals who are in category five carrying the most risk alleles have 2.2 times higher risk to develop Disease@MESH:D001943 when utilizing category 1 as a reference (Table 4)", "type": "paragraph"}, {"sent": "To investigate the involvement of common genetic variants (SNPs) associated with Disease@MESH:D001943 in the Japanese population, we performed GWAS, whole genome imputation using 1000G database as reference panel and validation study using a total of 5,527 Disease@MESH:D001943 cases and 5,494 controls individuals. We successfully validated the association of chromosome 10q26.13 (Gene@2263), and 16q12.1 (Gene@27324-LOC643714). In addition to the two aforementioned loci, we validated a total of 67 loci that were previously reported the association with Disease@MESH:D001943 and identified six additional loci (Mutation@rs4415084 of 5p12/Gene@10884, Mutation@rs6557161 of 6q25/Gene@2099, Mutation@rs7465364 of 8p21/Gene@646909, Mutation@rs672888 of 8q24/Gene@4609, Mutation@rs10509168 of 10q21/Gene@22891 and Mutation@rs17221259 of 12p13/Gene@55729) to have suggestive association (P<0.05) with Disease@MESH:D001943 in Japanese population. Further fine mapping of these loci might identify insightful findings for future analysis", "type": "paragraph"}, {"sent": "Hunter DJ et al. first reported the association of Gene@2263 with Disease@MESH:D001943 in 2007. Since then, this locus has been successfully validated in various populations throughout the world including those of European ancestry, Asian, Ashkenazi Jewish and Israeli populations. Gene@2263 encodes fibroblast growth factor receptor type 2, which is a receptor tyrosine kinase playing a critical role in the growth signaling pathway that is involved in growth and differentiation of cells in various tissues including the breast and kidney. All the SNPs that were found to be associated with Disease@MESH:D001943 are located in intron 2 of the gene; the risk allele of Mutation@rs2981578, a SNP that was identified in this study, created a putative binding site for Gene@5451/Gene@860, which gives rise to a strong protein-DNA complex that alters binding of the transcription factor and causes differential expression between the common and minor haplotypes of Gene@2263 . Additionally, Zhu et al. also reported that there is a potential role of histone 3/4 acetylation in modulating access to the polymorphic sites within intron 2 in addition to downstream splicing sites in generating variable Gene@2263 levels and isoforms in Disease@MESH:D001943", "type": "paragraph"}, {"sent": "The second significantly associated locus is located on chromosome 16q12.1 (Gene@27324-LOC643714). LOC643714 is an uncharacterized gene of unknown function; Gene@27324, also known as Gene@27324 or Gene@27324, encodes a high mobility group box nuclear protein, which is involved in regulating calcium-dependent transcription. A previous study indicated that increased expression of Gene@27324 could be a predictor of Disease@MESH:D009362 to bone. In this study, we identified two independently associated SNPs, Mutation@rs3803662 and Mutation@rs12922061, with Disease@MESH:D001943 in the Japanese population. The minor allele of Mutation@rs3803662 is reported to cause lower mRNA expression of Gene@27324 gene, and this regulatory SNP may alter the expression of a distant gene, Gene@5934, in cis ", "type": "paragraph"}, {"sent": "Although wGRS of five associated loci with Disease@MESH:D001943 in the Japanese population revealed that individuals with the highest risk (category 5) have 2.2 times higher risk than those with the lowest risk (category 1), it is believed that a complex disease such as Disease@MESH:D001943 would be affected by a large number of common genetic variants that have very modest effects. This phenomenon was also supported by the six additional reported loci that showed suggestive association in this dataset, indicating that our current dataset is still under statistical power. Hence, to increase the power and to enlarge the sample number, there is a need for more local and international institutions to collaborate with each other in identifying more common variants associated with Disease@MESH:D001943, which hopefully will lead to the development of promising and accurate prediction system", "type": "paragraph"}]}