{"sentences": [{"sent": "Genetic factors play an important role in the etiology of both sporadic and Disease@MESH:D001943. We aimed to discover novel genetic susceptibility loci for Disease@MESH:D001943. We conducted a four-stage genome-wide association study (GWAS) in 19,091 cases and 20,606 controls of East-Asian descent including Chinese, Korean, and Japanese women. After analyzing 690,947 SNPs in 2,918 cases and 2,324 controls, we evaluated 5,365 SNPs for replication in 3,972 cases and 3,852 controls. Ninety-four SNPs were further evaluated in 5,203 cases and 5,138 controls, and finally the top 22 SNPs were investigated in up to 17,423 additional subjects (7,489 cases and 9,934 controls). SNP Mutation@rs9485372, near the Gene@56911 (TAB2) gene in chromosome 6q25.1, showed a consistent association with Disease@MESH:D001943 risk across all four stages, with a P-value of 3.8x10-12 in the combined analysis of all samples. Adjusted odds ratios (95% confidence intervals) were 0.89 (0.85-0.94) and 0.80 (0.75-0.86) for the A/G and A/A genotypes, respectively, compared with the genotype G/G. SNP Mutation@rs9383951 (P = 1.9x10-6 from the combined analysis of all samples), located in intron 5 of the Gene@2099 gene, and SNP Mutation@rs7107217 (P = 4.6x10-7), located at 11q24.3, also showed a consistent association in each of the four stages. This study provides strong evidence for a novel Disease@MESH:D001943 susceptibility locus represented by Mutation@rs9485372, near the TAB2 gene (6q25.1), and identifies two possible susceptibility loci located in the Gene@2099 gene and 11q24.3, respectively", "type": "abstract"}, {"sent": "Disease@MESH:D001943 is one of the most common Disease@MESH:D009369 among women worldwide. Genetic factors play an important role in the etiology of Disease@MESH:D001943. To identify common genetic susceptibility alleles for Disease@MESH:D001943, we performed a four-stage genome-wide association study in 19,091 cases and 20,606 controls among East-Asian women. Single nucleotide polymorphism (SNP) Mutation@rs9485372, near the Gene@6885 (TAB2) gene at chromosome 6q25.1, was associated with Disease@MESH:D001943 risk (P = 3.8x10-12). SNPs Mutation@rs9383951, located in intron 5 of the Gene@2099 (Gene@2099) gene, and Mutation@rs7107217, located at 11q24.3, were also consistently associated with Disease@MESH:D001943 risk in all four stages with a combined P of 1.9x10-6 and 4.6x10-7, respectively. This study provides strong evidence for a novel Disease@MESH:D001943 susceptibility locus represented by Mutation@rs9485372, near the TAB2 gene (6q25.1), and identifies two possible susceptibility loci located in the Gene@2099 gene and 11q24.3, respectively", "type": "abstract"}, {"sent": "Disease@MESH:D001943 is one of the most common Disease@MESH:D009369 diagnosed among women worldwide, including those living in East Asian countries. Genetic factors play an important role in the etiology of both sporadic and Disease@MESH:D001943. In the past two decades, more than 1,000 reports have been published addressing the association between variants in candidate genes and Disease@MESH:D001943 risk. However, only a few genetic risk factors have been confirmed for this common Disease@MESH:D009369. Recent genome-wide association studies (GWAS) have identified approximately 20 common genetic susceptibility loci for Disease@MESH:D001943. However, these newly-identified genetic factors, along with known high-penetrance Disease@MESH:D001943 susceptibility genes explain less than 30% of the heritability for this Disease@MESH:D009369. Furthermore, most GWAS were conducted among women of European ancestry, and many of the variants discovered in European-ancestry populations showed only a weak or no association with Disease@MESH:D001943 in other ethnic groups. For example, only 8 of 12 Disease@MESH:D001943 risk SNPs identified in women of European ancestry were directly replicated in Chinese population. Therefore, GWAS conducted in non-European women are needed to fully uncover the genetic basis for Disease@MESH:D001943 susceptibility. Herein, we report results from a large GWAS of Disease@MESH:D001943 conducted in East Asian women", "type": "paragraph"}, {"sent": "A total of 19,091 female Disease@MESH:D001943 cases and 20,606 female controls:including 23,891 Chinese, 11,907 Korean and 3,809 Japanese women:were included in the present study (Table 1). In Stage I, we analyzed 690,947 SNPs in 2,918 Disease@MESH:D001943 cases and 2,324 community controls recruited from studies conducted in Shanghai, China (Figure 1, Text S1). Top 5,365 SNPs were investigated in Stage IIa including 1,613 Chinese cases and 1,800 Chinese controls recruited from studies conducted in Shanghai, China. Of the SNPs evaluated, 68 SNPs showed an association with Disease@MESH:D001943 risk at P<=0.05 with the same direction as observed in Stage I. We performed a meta-analysis for the remaining 4,913 SNPs with data available from both Stage IIa and Stage IIb (2,359 Korean cases and 2,052 Korean controls). Twenty-six SNPs showed an association with Disease@MESH:D001943 risk with Pmeta<=0.05 and the association was consistent among Stages I, IIa and IIb. These SNPs, along with the 68 SNPs mentioned above, were selected for Stage III replication in 4,712 cases and 4,496 controls. Finally, based on the results of the first three stages, 22 top SNPs were selected for Stage IV evaluation in 7,489 cases and 9,934 controls", "type": "paragraph"}, {"sent": "SNP Mutation@rs9485372 showed a statistically significant association with Disease@MESH:D001943 risk in each of the four stages (Table 2). The OR (95% CI) per A allele was 0.88 (0.81-0.95), 0.86 (0.81-0.92), 0.94 (0.88-1.00) and 0.90 (0.85-0.94), respectively, for stages I to IV. The association with this SNP was remarkably consistent across all but one small study (Figure 2A). Pooled analysis of samples from all studies produced OR (95% CI) of 0.90 (0.87-0.92) and P-value of 3.8x10-12, which is substantially lower than the conventional genome-wide significance level of 5x10-8 based on conservative Bonferroni adjustment of multiple comparisons at alpha = 0.05, providing strong evidence for an association of this SNP with Disease@MESH:D001943 risk", "type": "paragraph"}, {"sent": "Two other SNPs, Mutation@rs9383951 and Mutation@rs7107217, were also consistently replicated in each of the three replication sets. The C allele of Mutation@rs9383951 was associated with decreased risk with OR (95% CI) of 0.82 (0.73-0.93), 0.90 (0.81-1.00), 0.91 (0.82-1.00), and 0.88 (0.81-0.96), respectively, for stages I to IV (Table 2). The P-value reached 1.9x10-6 in the pooled analysis of samples from all four stages. For SNP Mutation@rs7107217, the ORs (95% CI) per C allele were 1.13 (1.04-1.23), 1.11 (1.04-1.18), 1.07 (1.00-1.14) and 1.05 (1.01-1.10), respectively, for stages I to IV, respectively (Table 2). Analyses with all subjects combined showed OR (95% CI) of 1.08 (1.05-1.11) and P value of 4.6x10-7. Again, the association of Disease@MESH:D001943 risk with these two SNPs was very consistent across the vast majority of participating studies (Figure 2B and 2C)", "type": "paragraph"}, {"sent": "Stratified analyses showed that the associations with these three SNPs were consistent in all three East Asian populations, although the association for SNPs Mutation@rs9485372 and Mutation@rs7107217 was not significant for Japanese subjects, probably due to a small sample size (Table 3). Associations of these three SNPs with Disease@MESH:D001943 risk were similar when stratified by menopausal or Gene@2099 status and none of the heterogeneity tests was statistically significant (Table S1). No significant interaction was observed with other risk factors (Table S1). After adjusted for the top 5 or 10 principal components, the results did not change significantly (Table S2)", "type": "paragraph"}, {"sent": "Both SNPs Mutation@rs9485372 and Mutation@rs9383951 are located at chromosome 6q25.1, approximately 2.34 Mb and 350 kb from the SNP Mutation@rs2046210 that we previously reported for Disease@MESH:D001943 risk. None of these three SNPs, however, are in LD (r2<0.1) in any of the three populations (Asian, European and Africans) as determined using data generated in the HapMap or any of the study populations included in the current study (Table S3 and Figure S1). In an analysis including all 30,153 subjects who were genotyped for three SNPs in 6q25.1, all three SNPs remained strongly associated with Disease@MESH:D001943 risk after mutual adjustment of the other 2 SNPs with P values of 1.4x10-12, 1.3x10-4, and 6.0x10-39 for SNPs Mutation@rs9485372, Mutation@rs9383951 and Mutation@rs2046210, respectively (Table S4). No significant interaction was observed for these three SNPs (Table S5). We also created a genetic risk score (GRS) to evaluate the combined effect of three SNPs located in 6q25.1 (Table S6). Compared with women carrying 0-1 risk variants, women carrying 6 variants had over two-fold increased risk with an OR (95% CI) of 2.36 (1.89-2.96) and a P value of 1.3x10-47", "type": "paragraph"}, {"sent": "A total of 376 SNPs were successfully imputed in the LD blocks including Mutation@rs2046210 and Mutation@rs9485372 and the whole Gene@2099 gene with RSQ>=0.3 and minor allele frequency (MAF)>=0.05. Among them, 27 SNPs showed an association with Disease@MESH:D001943 risk with P<=0.05 after adjusted for age, Mutation@rs9485372, Mutation@rs9383951 and Mutation@rs2046210 (Table S7). With the exception of Mutation@rs4591859 and Mutation@rs7776340 in the locus of Mutation@rs2046210 and Mutation@rs7768330 in the locus of Mutation@rs9383921, all other SNPs are in the same LD block within the Gene@2099 gene (Figure S2). No additional SNP in the Mutation@rs9485372 locus showed an association with Disease@MESH:D001943 risk at p<0.05 after adjusted for Mutation@rs9485372, Mutation@rs2046210, and Mutation@rs9383921", "type": "paragraph"}, {"sent": "In this large GWAS conducted in East-Asian women including 19,091 cases and 20,606 controls, we provided strong evidence for a novel Disease@MESH:D001943 susceptibility locus represented by Mutation@rs9485372 and suggestive evidence for two other loci, represented by SNPs Mutation@rs9383951 and Mutation@rs7107217", "type": "paragraph"}, {"sent": "We previously reported a genetic susceptibility locus at 6q25.1, represented by Mutation@rs2046210, for Disease@MESH:D001943 risk. The newly identified SNPs, Mutation@rs9485372 and Mutation@rs9383951, also are located at chromosome 6q25.1. However, these three SNPs are not in LD and are thus representing independent Disease@MESH:D001943 susceptibility loci. All of them were associated with Disease@MESH:D001943 risk after mutual adjustment of the other two SNPs. SNP Mutation@rs9485372 is approximately 31 Kb upstream of the Gene@23118;6885 (TAB2) gene (Figure 3). The protein encoded by this gene is an activator of Gene@6885/Gene@6885, which is required for the Gene@3553 induced activation of NF-kappaB and Gene@5599/Gene@5599. The Gene@7040 pathway plays a major role in Disease@MESH:D001943 development and progression. The MAP kinases pathway is critical in regulating cell growth and cell death and may contribute to the development of Disease@MESH:D009369. Furthermore, the TAB2 protein is required for DNA damage-induced Gene@6885 activation, suggesting that TAB2 may play a role in DNA damage repair. Other genes in the region identified in the study included Gene@387082, Gene@9113, Gene@85313, and UST. However, given the proximity of the TAB2 gene with Mutation@rs9485372 and the important role of this gene in Disease@MESH:D063646, it is possible that the association between Mutation@rs9485372 and Disease@MESH:D001943 risk may be mediated through the TAB2 gene. It is also possible that the association may be mediated through regulating the Gene@2099 gene, located approximately 2.5 Mb from Mutation@rs9485372. This possibility was highlighted by a recent study showing that several open reading frames in the 6q25.1 regions co-expressed with Gene@2099 . Further research is warranted to clarify the mechanism of the association identified in the study", "type": "paragraph"}, {"sent": "The LD is estimated using data from HapMap Asian population. Also shown are the SNP Build 36 coordinates in kilobases (Kb), recombination rates in centimorgans (cM) per megabase (Mb) and genes in the region (below) based on the March 2006 UCSC genome browser assembly", "type": "fig_caption"}, {"sent": "SNP Mutation@rs9383951 is located in intron 5 of the Gene@2099 gene, an important gene that has been documented to play a key role in Disease@MESH:D001943 development and progression. Previous candidate gene studies have extensively evaluated two SNPs, Mutation@rs2234693 (Pvull) and Mutation@rs9340799 (XbaI), in the Gene@2099 gene in relation to Disease@MESH:D001943 risk; the results, however, have been inconsistent. Neither Mutation@rs2234693 nor Mutation@rs9340799 are in LD (r2<0.01) with the SNPs discovered in the present study. To follow-up the lead from our previous study reporting a susceptibility locus at 6q25.1 for Disease@MESH:D001943, two recent studies conducted among women of European descent identified Mutation@rs3757318 and Mutation@rs9397435 in relation to Disease@MESH:D001943 risk. These two SNPs are in strong LD (r2>0.6 in Asians) with the SNP (Mutation@rs2046210) we previously reported at 6q25.1 in East Asians but not in other populations. Again, these two SNPs are not in LD (r2<0.01 in Asian, European and African populations) with Mutation@rs9383951 and Mutation@rs9485372 identified in this study. Although the association with Mutation@rs9383951 did not reach the conventional genome-wide significance, the fact that this SNP is located in the Gene@2099 gene strongly suggests a true association of this SNP with Disease@MESH:D001943 risk", "type": "paragraph"}, {"sent": "SNP Mutation@rs7107217 also showed a consistent association in all four stages, although the pooled P-value did not reach the conventional genome-wide significance level. This SNP is located at 11q24.3, 152 Kb downstream of the Gene@8538 gene and 212 Kb upstream of the Gene@120224 gene (Figure S3). Gene@12023 is a homeobox gene for which the mouse ortholog has been shown to influence cellular processes that control cell adhesion and cytoskeleton remodeling. It has been shown, Gene@8538 and Gene@2099 (Gene@2099) coordinately regulate the production of alternatively spliced Gene@2099 isoforms and control Disease@MESH:D001943 cell growth and invasion. Gene@8538 also acts in a Disease@MESH:D009369 suppressor and loss of heterozygosity of this gene, lead to poorer survival in patients with Disease@MESH:D010051", "type": "paragraph"}, {"sent": "It could be ideal to increase the sample size in the discovery stage and simplify the replication stages of the study. However, like many other consortium projects, financial constraints and some logistical issues prevented us for achieving the maximum statistical power. Nevertheless, with approximately 40,000 cases and controls, our study represents the largest Disease@MESH:D001943 genetic association study in East Asian women. This consortium will continue to provide valuable resources to identify additional novel susceptibility loci for Disease@MESH:D001943", "type": "paragraph"}, {"sent": "In summary, in this large GWAS conducted in East Asia women, we provided convincing evidence for an association with a novel independent susceptibility locus located at 6q25.1, near the TAB2 gene. Our study also suggests that genetic variants in the Gene@2099 gene and chromosome 11q24.3 may be related to Disease@MESH:D001943 risk. Given that multiple independent Disease@MESH:D001943 susceptibility loci have identified in our studies and studies conducted by others in 6q25.1 that harbors the Gene@2099 gene, it is possible that 6q25.1 may represent an important region for Disease@MESH:D001943 susceptibility", "type": "paragraph"}, {"sent": "Included in this consortium project were 19,091 cases and 20,606 controls from 14 studies (Table 1). Detailed descriptions of these participating studies and demographic characteristics of study participants are provided in Text S1. Briefly, the consortium included 23,981 Chinese women, 11,907 Korean women, 3,809 Japanese women. The Chinese women were from 8 studies: Shanghai [n = 13,642, Disease@MESH:D001943 Study, Disease@MESH:D001943 Survival Study (SBCSS), Disease@MESH:D016889 Study (SECS), Shanghai Women Health Study (SWHS)], , Nanjing (n = 3,623), Tianjin (n = 2,882), Taiwan (n = 2,131), and Guangzhou (n = 1,703). The Korean women were from four studies [Seoul Disease@MESH:D001943 Study (SeBCS) (n = 6,292), Korea NCC (n = 1,009), KoGES (n = 3,209), and KOHBRA (n = 1,397) ]. The Japanese women were from three studies conducted in Hawaii and Los Angeles [n = 1,719; Multiethnic Cohort Study (MEC) ], Nagoya (n = 1,288), and Nagano (n = 802) (Table 1). Approval was granted from relevant institutional review boards in all study sites; all included subjects gave informed consent", "type": "paragraph"}, {"sent": "The Genotyping protocol for Stage I has been described previously. Briefly, the initial 300 subjects were genotyped using the Affymetrix GeneChip Mapping 500K Array Set. The remaining 4,985 subjects were genotyped using the Affymetrix Genome-Wide Human SNP Array 6.0. We included one negative control and at least three positive quality control (QC) samples from the Coriell Cell Repositories (http://ccr.coriell.org/) in each of the 96-well plates for Affymetrix SNP Array 6.0 genotyping. A total of 273 positive QC samples were successfully genotyped, and the average concordance rate was 99.9% with a median value of 100%. The sex of all study samples was confirmed to be female. Genetically identical, unexpected duplicated samples were excluded, as were close relatives with a pair-wise proportion of identify-by-descent (IBD) estimate greater than 0.25. All samples with a call rate<95% were excluded. The SNPs were excluded if: (i) Gene@84232%, (ii) call rate<95%, or (iii) genotyping concordance rate<95% in quality control samples. The final dataset included 2,918 cases and 2,324 controls for 690,947 markers. There are 21,223 SNPs that were on Affymetrix 500K Array Set but not on the Affymetrix SNP Array 6.0. These SNPs were excluded. SNPs on the Affymetrix 6.0 array but not on the Affymetrix 500k array were treated as missing data for those samples genotyped on using the Affymetrix 500k array. Similar results were obtained after excluding women genotyped by Affymetrix 500K Array Set from the analyses", "type": "paragraph"}, {"sent": "Genotyping for Stage IIa was completed using the Illumina iSelect platform. To compare the consistency between the Affymetrix and Illumina iSelect platforms, we also included 43 samples from Stage I that were genotyped by Affymetrix SNP 6.0. Similar to the QC procedures used in Stage I, the following criteria were used to exclude samples: (i) call rate<95%; or (ii) unexpected duplicated samples based on IBD estimate. SNPs were excluded if: (i) call rate<95%, or (ii) genotyping concordance rate<95% in quality control samples when compared with Affymetrix 6.0 data. After QC, the mean concordance rate was 99.85% between Illumina iSelect and Affymetrix 6.0 genotyping", "type": "paragraph"}, {"sent": "Data for the SNPs analyzed in Stage IIb were extracted from the Korean GWAS genotyped using the Affymetrix Genome-Wide Human SNP Array 6.0 chip. A total of 30 QC samples were successfully genotyped, and the concordance rate was 99.83%. The sex of all samples was confirmed to be female. The SNPs were excluded if: (1) genotype call rate<95%, (2) Gene@84232% in either the cases or controls, (3) deviation from HWE at P-value<10-6, and (4) poor cluster plot in either the cases or controls", "type": "paragraph"}, {"sent": "Genotyping for Stage III and all samples from Koreans in Stage IV was completed using the iPLEX Sequenom MassArray platform in the Vanderbilt Molecular Epidemiology Laboratory. Included in each 96-well plate as QC samples were one negative control (water), two blinded duplicates, and two samples from the HapMap project. To compare the consistency between the Affymetrix and Sequenom platforms, we also genotyped 45 samples included in Stage I. The mean concordance rate was 99.67% for the blind duplicates, 98.88% for HapMap samples, and 99.52% between Sequenom and Affymetrix 6.0 genotyping. Data quality from the Hong Kong study was low and thus data from the study were excluded for the current analysis. Genotyping for two Chinese studies (Nanjing and Guangzhou) in Stage IV was completed using the iPLEX Sequenom MassArray platform at the Fudan University, Shanghai, China. Blind duplicate QC samples were included and the mean concordance rate was 98.70%. Genotyping for the Tianjin study in Stage IV was performed using TaqMan assays. Genotyping assay protocols were developed and validated at the Vanderbilt Molecular Epidemiology Laboratory, and TaqMan genotyping assay reagents were provided to investigators of the Tianjin study (Tianjin Disease@MESH:D009369 Institute and Hospital). For the MEC study, data for the three SNPs presented in this study were extracted from the GWA scan data generated using Illumina 660W. For SNPs not included on the chip, imputed data using HapMap as reference were extracted. Genotype frequencies for SNP Mutation@rs9485372 deviated from HWE in controls (P = 0.004), therefore, this SNP was excluded in data analyses. Not all SNPs for Stage IV were genotyped in all studies included in Stage IV due to genotyping Disease@MESH:D017093 or the use of different genotyping platforms (Table S8)", "type": "paragraph"}, {"sent": "SNP selection for Stage II replication: Promising SNPs were selected for replication in Stage II based on the following criteria: 1) minor allele frequency (MAF)>=5%; 2) P<0.02 in Stage I; 3) Hardy-Weinberg equilibrium (HWE) test P>1.0x10-6 in controls; 4) not in strong linkage disequilibrium (LD) (r2<0.5) with any of the previously confirmed Disease@MESH:D001943 genetic risk variants or SNPs evaluated in our previous studies; and 5) high genotyping quality as indicated by very clear genotyping clusters checked manually. When multiple SNPs are in LD with r2>=0.5, one SNP with the lowest P-value was selected. In total, 6,303 SNPs were selected for replication. A total of 5,906 SNPs (93.7%) were successfully designed by Illumina and included in the iSelect array. After stringent QC procedures, data from 5,365 SNPs were considered high quality for association analyses in Stage IIa, which include 1,613 Disease@MESH:D001943 patients and 1,800 controls recruited from Shanghai studies", "type": "paragraph"}, {"sent": "SNP selection for Stage III replication: Among the 5,365 SNPs successfully genotyped in Stage IIa, 68 SNPs were selected for Stage III replication in an independent set of 5,203 cases and 5,138 controls recruited from Shanghai and several other East Asian populations (Table 1 and Text S1). The selection criteria are: 1) an association with Disease@MESH:D001943 risk in Stage IIa with P<=0.05; 2) the direction of the association consistent in both stages; and 3) P<=0.001 in the merged data of Stage I and IIa. During the course of Stage III genotyping, genome-wide association scan data from 2,359 cases and 2,052 controls were obtained from the Seoul Disease@MESH:D001943 (Stage IIb). Therefore, we performed a meta-analysis of Stage IIa and IIb data. Of the 5,297 SNPs which were not selected initially for Stage III replication based on Stage IIa data alone, data were available for 4,913 SNPs in Stage IIb. Meta-analyses of these 4,913 SNPs from Stage IIa and IIb yielded 26 additional SNPs that showed an association at P<=0.05 and in the same direction among stages I, IIa, and IIb. These 26 SNPs were then added to the list of SNPs to be genotyped in Stage III", "type": "paragraph"}, {"sent": "SNP selection for Stage IV replication: Based on the results of the first three stages, 22 top SNPs were selected for Stage IV evaluation and genotyped in up to 17,423 additional subjects (7,489 cases and 9,934 controls) (Table 1 and Text S1)", "type": "paragraph"}, {"sent": "Case-control differences in selected demographic characteristics and major risk factors were evaluated using t-tests (for continuous variables) and Chi-square tests (for categorical variables). Associations between SNPs and Disease@MESH:D001943 risk were assessed using odds ratios (ORs) and 95% confidence intervals (CIs) derived from logistic regression models. ORs were estimated for heterozygote and homozygote for the variant allele compared with homozygotes for the common allele. ORs were also estimated for the variant allele based on a log-additive model and adjusted for age, and study site, when appropriate. Stratified analyses by ethnicity, menopausal status, and Gene@2099 (Gene@2099) status were carried out. PLINK version 1.06 was used to analyze genome-wide data obtained in Stage I and the replication data in Stage IIa. Results from Stage IIb were also obtained from PLINK version 1.06. Meta-analyses of Stage IIa and Stage IIb were performed using a weighted z-statistics method, where weights were proportional to the square root of the number of individuals in each sample and standardized such that the weights added up to one. The z-statistic summarizes the magnitude and direction of the effect relative to the reference allele. An overall z-statistic and p value were then calculated from the weighted average of the individual statistics. Calculations were implemented in the METAL package (http://www.sph.umich.edu/csg/abecasis/Metal). Individual data were obtained from each study for Stage IV SNPs for a pooled analysis, which were conducted using SAS, version 9.2, with the use of two-tailed tests", "type": "paragraph"}, {"sent": "We first investigated the population structure by estimating inflation factor lambda using all 690,947 SNPs SNPs that passed the QC. The inflation factor lambda was estimated to be 1.042, suggesting that any population substructure, if present, should not have any appreciable effect on the results. Among the final 690,947 SNPs obtained in Stage I after QC, we generated a list of 196,471 SNPs with pairwise LD<0.2 by using plink (http://pngu.mgh.harvard.edu/~purcell/plink/). Then, principal components were estimated based on these 196,471 SNPs using EIGENSTRAT. We then drew a plot for all Stage I and HapMap II subjects based on the first two principal components (Figure 4). All study participants in Stage I were clustered very closely with HapMap Asians. The first 5 or 10 principal components were adjusted in the logistic regression analyses for evaluating associations of SNPs and Disease@MESH:D001943 risk", "type": "paragraph"}, {"sent": "A: all individuals from Stage I and HapMap; B: Disease@MESH:D001943 cases and controls from Stage I", "type": "fig_caption"}, {"sent": "To evaluate the combined effect of SNPs located in chromosome 6q25.1 on Disease@MESH:D001943 risk, we created a genetic risk score (GRS) by summing the number (0-2) of risk alleles that each woman carried for each of the three SNPs, including Mutation@rs9383951, Mutation@rs9485372, Mutation@rs2046210. The GRS was constructed among those who had complete data for all three SNPs. We also did imputation using MACH (http://www.sph.umich.edu/csg/abecasis/MACH/index.html) with HapMap II Asian data as reference. LD structure was estimated from the flanking 100 kb of these three SNPs and the Gene@2099 gene using data from HapMap II Asians (Figure S1). All SNPs in the LD blocks including Mutation@rs9485372, Mutation@rs2046210 and Mutation@rs9383951 and SNPs inside the Gene@2099 gene were analyzed in relation to Disease@MESH:D001943 risk with age, Mutation@rs9485372, Mutation@rs9383951 and Mutation@rs2046210 adjusted", "type": "paragraph"}]}