{"sentences": [{"sent": "The molecular mechanisms involved in the development of type 2 Disease@MESH:D003920 are poorly understood. Starting from genome-wide genotype data for 1,924 Disease@MESH:D003920 cases and 2,938 population controls generated by the Wellcome Trust Case Control Consortium, we set out to detect replicated Disease@MESH:D003920 association signals through analysis of 3,757 additional cases and 5,346 controls, and by integration of our findings with equivalent data from other international consortia. We detected Disease@MESH:D003920 susceptibility loci in and around the genes Gene@54901, Gene@1029/Gene@1030 and Gene@10644 and confirmed the recently described associations at Gene@3087/Gene@3416 and Gene@169026. Our findings provide insights into the genetic architecture of type 2 Disease@MESH:D003920, emphasizing the contribution of multiple variants of modest effect. The regions identified underscore the importance of pathways influencing Disease@MESH:D010195 beta cell development and function in the etiology of type 2 Disease@MESH:D003920", "type": "abstract"}, {"sent": "The pathophysiological basis of Disease@MESH:D003924 (T2D) remains unclear despite its growing global importance. Candidate gene and positional cloning efforts have suggested many putative susceptibility variants, but unequivocal replications are so far limited to variants in just three genes: Gene@5468, Gene@3767 and Gene@6934", "type": "paragraph"}, {"sent": "Improved understanding of the correlation between genetic variants (linkage disequilibrium [LD]), allied to advances in genotyping technology, have enabled systematic searches for disease-associated common variants on a genome-wide scale. The Wellcome Trust Case Control Consortium (WTCCC) recently completed such a genome-wide association (GWA) scan in 1,924 T2D cases and 2,938 population controls from the UK, using the Affymetrix GeneChip Human Mapping 500k Array Set. The strongest association signals genome-wide were observed for single nucleotide polymorphisms (SNPs) in Gene@6934 (e.g. Mutation@rs7901695 OR 1.37 [95% CI 1.25-1.49], p=6.7x10-13). The other known T2D susceptibility variants were detected with effect sizes consistent with previous reports", "type": "paragraph"}, {"sent": "Here, we describe how integration of data from the WTCCC scan and our own replication studies with similar information generated by the Disease@MESH:D003920 Genetics Initiative [DGI] and the Finland-United States Investigation of NIDDM Genetics [FUSION] has identified several additional susceptibility variants for T2D", "type": "paragraph"}, {"sent": "In the WTCCC study, analysis of 490,032 autosomal SNPs in 16,179 samples yielded 459,448 SNPs that passed initial quality control. We considered only the 393,453 autosomal SNPs with minor allele frequency (MAF) exceeding 1% in both cases and controls and no extreme departure from Hardy Weinberg equilibrium (HWE) (p<10-4 in cases or controls). This T2D-specific dataset shows no evidence of substantial confounding from population substructure and genotyping biases", "type": "paragraph"}, {"sent": "To distinguish true associations from those reflecting fluctuations under the null or residual errors arising from aberrant allele calling, we first submitted putative signals from the WTCCC study to additional quality control including cluster plot visualization and validation genotyping on a second platform. Next, we attempted replication of selected signals in up to 3,757 additional cases and 5,346 controls (replication sets Gene@6247-RS3). Gene@6247 comprised 2,022 cases and 2,037 controls from the UK Disease@MESH:D003924 Genetics Consortium collection (UKT2DGC: all from Tayside, Scotland). RS2 included 632 additional T2D cases and 1,750 population controls from the Exeter Family Study of Child Health (EFSOCH). A subset of SNPs were typed in RS3, comprising a further 1,103 cases and 1,559 controls from the UKT2DGC (Table S1)", "type": "paragraph"}, {"sent": "The first wave of validated SNPs sent for replication was selected from the 30 SNPs, in 9 distinct chromosomal regions (excluding Gene@6934), which had, in the WTCCC scan alone, attained the most extreme (p<10-5) significance values on Cochran-Armitage tests of association. Genotyping of 21 representative SNPs generated evidence of replication (p<0.05) for three of these 9 regions (Tables 1, S2)", "type": "paragraph"}, {"sent": "Mutation@Rs8050136 (mapping to the Gene@79068 [fat mass associated with Disease@MESH:D009765] gene region on chr16) was among a cluster of SNPs generating the strongest evidence for association outside Gene@6934 in the original scan (risk allele OR 1.27 [1.16-1.37] p=2.0x10-8) (Figure S1). This SNP showed strong replication (OR 1.22 [1.12-1.32], p=5.4x10-7). As we recently reported, this effect on T2D risk is mediated through a primary effect on adiposity, and adjustment for BMI abolishes the T2D association. Replication was also obtained for SNPs within the Gene@54901 locus on chromosome 6, including Mutation@rs9465871 and Mutation@rs10946398. Although Mutation@rs9465871 generated the stronger signal in the WTCCC scan, replication at this SNP was modest (p=0.023). The replication signal at Mutation@rs10946398 was more striking (OR 1.14 [1.07-1.22], p=8.4x10-5) (Tables 1, S2). Consistent evidence of association is provided by the DGI (p=4.1x10-4 at Mutation@rs7754840) and FUSION groups (p=9.5x10-3 at Mutation@rs471253) (Tables 1, S3), both SNPs being strong (r2>0.99) proxies for Mutation@rs10946398. Across all studies, combined evidence for association at Gene@54901 is compelling (p~4.1x10-11). All associated SNPs map to a large (90kb) intron within Gene@54901 (Figure 1). Flanking recombination hotspots define a 200kb interval likely to contain the etiological variant(s). Gene@54901 (Gene@1020;54901) encodes a 579-residue, 65kD protein of unknown function. We have detected expression of Gene@54901 mRNA in human Disease@MESH:C535838 and skeletal muscle (Figure S2). Gene@54901 shares considerable protein domain and amino acid homology with Gene@51654 (Gene@51654), a known inhibitor of Gene@1020 activation. Gene@1020 has been implicated in the regulation of Disease@MESH:D010195 cell function, through formation of Gene@8851/Gene@1020 complexes that downregulate Gene@3630 expression", "type": "paragraph"}, {"sent": "The third replicated association maps to the Gene@3087 (homeobox, hematopoietically expressed) gene region on chromosome 10. This gene showed both strong association in the WTCCC scan (Mutation@rs5015480: risk allele OR 1.22 [1.12-1.33], p=5.4x10-6) and is a powerful biological candidate. We could not optimize a replication assay for Mutation@rs5015480, but observed evidence for replication at a perfect proxy, Mutation@rs1111875 (risk allele OR 1.08 [1.01-1.15], p=0.02) (Tables 1, S2, S3). Both DGI and FUSION studies showed modest, but consistent association signals generating strong combined evidence (p~5.7x10-10) for a role in T2D susceptibility (Tables 1, S3). A fourth genome-wide association scan, in French subjects, recently reported independent evidence for a T2D signal in this region. The signal resides within an extended (295kb) region of LD containing not only Gene@3087 (highly expressed in fetal and adult pancreas [Figure S2]) but also the genes encoding kinesin-interacting factor (Gene@3832) and Gene@3416 (Gene@3416) (Figure S3). Gene@3416 represents a second strong biological candidate given postulated effects on both Gene@3630 signalling and islet function, and data from rodent models", "type": "paragraph"}, {"sent": "Of the remaining regions selected in the first wave, none showed any evidence of replication in UK samples (Table S2), and for none was there strong support from the DGI and FUSION scans", "type": "paragraph"}, {"sent": "The relatively strict thresholds imposed for SNP selection in the first wave (i.e. point-wise p<10-5) help to limit false discovery, but many genuine susceptibility variants will fail to reach them. We initiated a second wave of replication based around SNPs for which the WTCCC scan generated more modest evidence for association (Cochran-Armitage p ~10-2 to 10-5). We prioritized the 5367 SNPs in this range, using additional criteria: (a) evidence of association in DGI and FUSION; (b) presence of multiple, independent (r2<0.4) associations within the same locus; and (c) biological candidacy", "type": "paragraph"}, {"sent": "Analysis of the 56 SNPs, representing 49 putative signals, selected for this \"second wave\" of replication (Table S4) yielded two further regions implicated in T2D-susceptibility. A cluster of SNPs on chromosome 9 (represented by Mutation@rs10811661) generated a promising signal in all three scans. Replication was observed in UK samples (Mutation@rs10811661:OR 1.18 [1.08-1.28], p=1.7x10-4), as well as DGI (p=2.2x10-5) and FUSION follow-up studies (Mutation@rs2383208, p=9.7x10-3). A second signal from the WTCCC scan located ~100kb 5' (Mutation@rs564398, OR 1.16 [1.07-1.27], p=3.2x10-4) was weakly supported in the FUSION, but not the DGI scan (Tables 1, S3) and replicated in the UK RS samples (OR 1.12 [1.05-1.19], p=8.6x10-4) (Tables 1, S3)", "type": "paragraph"}, {"sent": "These two association signals are separated by a recombination hotspot (D' between Mutation@rs10811661 and Mutation@rs564398 is 0.057, r2<0.001) (Figure 2). Across all studies, the combined evidence for association is stronger for the 3' (p~7.8x10-15) than the 5' (p~1.2x10-7) peak (Table 1). The 3' signal maps to sequence with no characterized genes, while the recombination interval enclosing the 5' signal includes the full coding sequences of Gene@1030 and Gene@1029 (encoding Gene@1030 and Gene@1029 respectively). Gene@1029 is a known Disease@MESH:D009369 suppressor and its product, Gene@1029, inhibits Gene@1019 (Gene@1019), a powerful regulator of Disease@MESH:D010195 cell replication. Overexpression of Gene@12578 leads to decreased islet proliferation in ageing mice. Gene@12579 overexpression is also causally related to Disease@MESH:D007340 and Disease@MESH:D003920 in murine models. Both Gene@1030 and Gene@1029 display high levels of expression in Disease@MESH:D010195 islets and pituitary (Figure S2)", "type": "paragraph"}, {"sent": "A fifth replicated association lies within the Gene@10644 gene on chromosome 3. We observed some evidence of association for SNPs in this region in the WTCCC scan (e.g. Mutation@rs4402960: OR 1.15 [1.05-1.25], p=1.7x10-3). Consistent associations in the DGI and FUSION scans and the biological candidacy of the gene (a known regulator of Gene@3481 [Gene@3481] translation), prompted replication. We obtained only modest evidence for replication at Mutation@rs4402960 (OR 1.09 [1.01-1.16], p=0.018) (Tables 1, S4), but combined evidence across all studies (p~8.6x10-16) establishes this as a genuine T2D signal (Tables 1, S3). The associated SNPs map to a 57kb region spanning the promoter and first 2 exons of Gene@10644 (Figure S4)", "type": "paragraph"}, {"sent": "Most of the remaining 50 \"second wave\" SNPs can be discounted as susceptibility variants based on their failure to replicate (Table S4), though some merit further consideration. One such example is Mutation@rs9369425, located 57kb downstream of the Gene@7422 (Gene@7422) gene on chromosome 6 (Figure S5). Evidence for association in the WTCCC scan (OR 1.16 [1.06-1.27], p=8.6x10-4) is supported by nominal replication in UK samples (1.08 [1.01-1.15], p=0.03) and by DGI scan results (1.17 [1.04-1.32], p=4.4x10-3). While no signal is apparent in the FUSION study, this does not allow us to reject this association. For 80% power to detect an OR of 1.11 (alpha=0.05), over 3,000 case-control pairs are needed", "type": "paragraph"}, {"sent": "In the French genome-wide scan, variants in both the Gene@3087 and Gene@169026 genes were implicated in T2D susceptibility. As the associated SNPs in Gene@169026 are poorly captured on the Affymetrix chip (r2<0.01), the WTCCC scan was not informative for this locus. However, we genotyped Mutation@rs13266634 independently and obtained replication of the finding (risk allele OR 1.12 [1.05-1.18], p=7.0x10-5 in all UK data) and across all three studies (p~5.3x10-8, Tables 1, S4)", "type": "paragraph"}, {"sent": "The present analysis has contributed to identification of several confirmed T2D susceptibility loci. One of these (Gene@79068) exerts its primary effect on T2D risk through an impact on adiposity: none of the other signals was attenuated by adjustment for BMI or waist circumference (Tables S5-S7). One of the remaining four loci (Gene@3087/Gene@3416) represents a strong replication of findings recently reported. The other three loci (near Gene@54901, Gene@10644 and Gene@1029), all showing extensive replication across the three studies represent novel T2D susceptibility loci", "type": "paragraph"}, {"sent": "Across the four T2D scans completed, Gene@6934 clearly emerges as the largest association signal. On current evidence, all other confirmed loci display more modest effect sizes (between 1.10 and 1.25 per allele). Extensive resequencing and fine-mapping will be required to define the full spectrum of etiological variation at each locus and these may yet identify variants with greater impact. Our findings offer clear lessons for the design of future studies. Robust identification of variants with such effect sizes is only feasible with large-scale sample sets (13,965 individuals were typed in the present study). Further, the exchange of data between groups (providing data on up to 32,554 samples) was key to the rapid and unequivocal identification of the signals we report", "type": "paragraph"}, {"sent": "As a result of the four GWA studies reported to date, the number of genuine, replicated T2D susceptibility signals has climbed from 3 to 9 (adding Gene@3087/Gene@3416, Gene@169026, Gene@54901, Gene@1029, Gene@10644 and Gene@79068). However, these loci explain only a small proportion of the observed familiality (the sibling relative risk, lambdas, attributable to all loci in the UK samples is only ~1.07). We expect additional loci to be revealed by further rounds of replication initiated by more systematic meta-analysis of these and other scans. Our study provides an important validation of the genome-wide indirect association mapping approach and a demonstration of the value of aggressive data sharing efforts. It also generates insights into T2D pathogenesis emphasizing the likely importance of pathways involved in Disease@MESH:D010195 cell development, regeneration and function. In-depth physiological and functional studies are now needed to establish the precise mechanisms involved", "type": "paragraph"}, {"sent": "A Plot of -log(p values) for T2D (Cochran-Armitage test for trend) against chromosome position in Mb. Blue diamonds represent primary scan results and pink triangles denote meta-analysis results across all UK samples", "type": "fig_caption"}, {"sent": "B Genomic location of genes showing intron and exon structure (NCBI Build 35). Pink triangles show position of replication SNPs relative to gene structure", "type": "fig_caption"}, {"sent": "C MULTIZ vertebrate alignment of 17 species showing evolutionary conservation", "type": "fig_caption"}, {"sent": "D GoldSurfer2 plot of linkage disequilibrium (r2) for SNPs genotyped in WTCCC scan (passing T2D-specific quality control) in WTCCC T2D cases", "type": "fig_caption"}, {"sent": "E Recombination rate given as cM/MB. Red boxes represent recombination hotspots", "type": "fig_caption"}, {"sent": "F GoldSurfer2 plot of linkage disequilibrium (r2) for all HapMap SNPs across the region (HapMap CEU data)", "type": "fig_caption"}, {"sent": "Representative SNPs are shown for each signal with ORs and 95% CIs reported (for the Cochran-Armitage 1df test) with respect to the risk allele (denoted in bold, with the ancestral allele underlined where known). SNPs selected for inclusion are those with the strongest evidence for association in the UK datasets (except in the case of Gene@6934, where, to maximize consistency across the datasets Mutation@rs7901695 is presented). In the case of Gene@3087, the UK meta-analysis combines data from Mutation@rs5015480 and Mutation@rs1111875 (r2=1 in HapMap CEU). Since DGI and FUSION had not typed the identical SNPs in all samples, results shown for those studies feature the SNP generating the strongest association: in all cases these were SNPs in strong LD (minimum r2 0.95, except Gene@6934) and with consistent direction of effect with the SNP reported in the UK data (see Table S3 for details). The use of different SNPs may result in slightly different estimates of p values and OR between the three studies. Combined estimates of the ORs were calculated by weighting the logORs of each study by the inverse of their variance", "type": "table_caption"}]}