{"sentences": [{"sent": "Western countries, Disease@MESH:D011471 is the most prevalent Disease@MESH:D009369 of men, and one of the leading causes of Disease@MESH:D009369-related Disease@MESH:D003643 in men. Several genome-wide association studies have yielded numerous common variants conferring risk of Disease@MESH:D011471. In the present study we analyzed 32.5 million variants discovered by whole-genome sequencing 1,795 Icelanders. One variant was found to be associated with Disease@MESH:D011471 in European populations: Mutation@rs188140481[A] (OR = 2.90, Pcomb = 6.2x10-34) located on 8q24, with an average risk allele control frequency of 0.54%. This variant is only very weakly correlated (r2 <= 0.06) with previously reported risk variants on 8q24, and remains significant after adjustment for all of them. Carriers of Mutation@rs188140481[A] were diagnosed with Disease@MESH:D011471 1.26 years younger than non-carriers (P = 0.0059). We also report results for the previously described Gene@10481 mutation (Mutation@rs138213197[T]), confirming it as Disease@MESH:D011471 risk variant in populations from all over Europe", "type": "abstract"}, {"sent": "Risk of Disease@MESH:D011471 has been shown to have a strong genetic component. Numerous genome-wide association studies (GWAS) are registered in the Catalog of published Genome-Wide Association Studies (see URLs), where well over 40 Disease@MESH:D011471 susceptibility loci are listed. However, these risk variants, which were discovered using commercial genotyping chips, are common and each confers a moderate to low risk. New high-throughput whole-genome sequencing techniques allow for systematic search for rarer risk variants, that possibly also confer greater risk. An example is the recently published missense mutation in Gene@10481 conferring high risk of Disease@MESH:D011471. Here, we report one additional independent variant located on 8q24 that is rarer and confers greater risk than previously published common Disease@MESH:D011471 risk variants", "type": "paragraph"}, {"sent": "To search for Disease@MESH:D011471 risk variants, we analyzed data generated by deCODE's ongoing whole-genome sequencing project. In short, the goal of this project is to sequence 2,500 Icelanders, to at least 10-fold coverage of the genome for each individual. The variants (SNPs and INDELs) discovered in the sequencing phase are then propagated into chip-genotyped individual as well as into individuals without genotypic information, making use of the extensive genealogical information available in Iceland as well as phasing- and imputation methods previously described. The association analysis in our study was done at a time point when 1,795 Icelanders had been sequenced to at least a ten-fold coverage. The approximately 32.5 million variants discovered through whole-genome sequencing were imputed into 71,743 Icelanders who had all been genotyped using commercial Illumina SNP-chips as well as into 296,496 Icelanders without direct chip-genotypes but with family-based imputation genotype information (see Online Methods and Supplementary Note). Our list of Disease@MESH:D011471 patients contains 5,141 men diagnosed from 1955 until end of 2010; based on the nationwide Icelandic Cancer Registry (ICR; see URLs). Of those, 2,315 patients had been genotyped using one of the Illumina chips, and 2,222 additional patients had at least partial data from family based imputation; leaving 604 of the total patient list with no genotypic information. As controls we used 54,444 males (27,780 had variants imputed based on chip-genotypes and 26,664 had variants imputed with a family based methods; see Supplementary Note) not diagnosed with Disease@MESH:D011471 according to the nationwide ICR", "type": "paragraph"}, {"sent": "According to our analysis 252 variants were significantly associated with Disease@MESH:D011471 at P < 1.5x10-9 (a GWAS significance threshold applicable according to a Bonferroni correction of 32 million tests). All these variants were located at the previously described Disease@MESH:D011471 risk loci on 8q24 and 17q12. In order to search for novel risk variants at these two loci we used multivariate logistic regression", "type": "paragraph"}, {"sent": "When analyzing the 17q12 locus we adjusted for the variant Mutation@rs4430796, the SNP originally reported at this locus and also the SNP most significantly associated with Disease@MESH:D011471 at this locus, in our present GWAS. Based on the conditional analysis no other variant on 17q12 remained significant at our GWAS P-value threshold", "type": "paragraph"}, {"sent": "At the 8q24 locus, nine independent Disease@MESH:D011471 risk variants have been previously published (Supplementary Table 1a). These variants are distributed over five neighboring LD-regions/blocks (see Fig.1). When performing the multivariate logistic regression analysis for the variants at 8q24 in our current GWAS, we first adjusted for the SNP most significantly associated with Disease@MESH:D011471, which is Mutation@rs11995378 located in region-1 (r2 = 0.95 between Mutation@rs11995378 and Mutation@rs1447295 which is the SNP originally reported in region-1). In the second step we conditioned on two SNPs, including the SNP used in step-1 as well as the SNP most significant after step-1, which is Mutation@rs77541621 located in region-2 (r2 = 0.64 between Mutation@rs77541621 and Mutation@rs16901979, which is the SNP initially reported in region-2). Based on the results from step-2, four SNPs and one INDEL, all correlated with each other (r2 >= 0.74; Supplementary Table 1b), remained significant at the GWAS P-value threshold. Of those, based on the unconditional family based imputed results, the most significant association with Disease@MESH:D011471 was observed for the minor allele (allele G) of Mutation@rs183373024 (P = 1.50x10-23, OR = 2.69) and the minor allele (allele A) of Mutation@rs188140481 (P = 1.5x10-22, OR = 2.88). In the third step of the logistic regression, after adding Mutation@rs183373024 to the list of SNPs conditioned on, no variant remained significant at the applicable P-value threshold of P < 1.5x10-9 (Fig. 1). Hence, no further step-wise conditional analysis was done", "type": "paragraph"}, {"sent": "Of the previously published Disease@MESH:D011471 risk SNPs located on 8q24 that are not included or not strongly correlated with the SNPs conditioned on in the logistic regression analysis described above, four SNPs remain marginally significant (P < 0.05): Mutation@rs13252298, Mutation@rs16902094, Mutation@rs445114, Mutation@rs6983267 (Supplementary Table 2)", "type": "paragraph"}, {"sent": "For validating the Icelandic association results we genotyped Mutation@rs183373024 and Mutation@rs188140481 in five Disease@MESH:D011471 study groups of European descent. These groups come from The Netherlands, Spain, Romania, the United Kingdom (UK) and the United States (US). The combined results of the five study groups were significant for both SNPs and combining them with the imputed results from Iceland gave an estimated OR of 2.59 for Mutation@rs183373024[G] (Pcomb = 4.1x10-33) and an OR of 2.90 for Mutation@rs188140481[A] (Pcomb = 6.2x10-34). The control frequency of the risk alleles of these two variants ranges from 0.1% to 1.1%, being lowest in southern Europe and higher in northern Europe. A test of heterogeneity among all six study groups showed no significant difference between the ORs of the two variants (Phet > 0.32; Table 1 and Supplementary Table 3). We also genotyped both SNPs in 498 Asian Disease@MESH:D011471 patients from Hong Kong and 467 African American controls from Chicago but the SNPs were not polymorphic in these study groups. Hence, if the underlying causative risk variant is present in these two ethnic groups it is either not tagged by these SNPs or very rare", "type": "paragraph"}, {"sent": "Since, the association effect of the two variants cannot be distinguished from each other, we elected to focus on Mutation@rs188140481[A] in subsequent investigations, based on its slightly stronger combined replication results than in the case of Mutation@rs183373024. Neither Mutation@rs188140481 nor any of the highly correlated (r2 > 0.7; Supplementary Table 1b) variants are present in the latest HapMap release (data release 28). Therefore, association analysis based on HapMap data did not yield the association signal reported here. The SNP Mutation@rs188140481 is however, in the 1000-genome data set registered into the dbSNP-135 database in July 2011", "type": "paragraph"}, {"sent": "The SNP, Mutation@rs188140481, is located telomeric to the previously published region-2 on 8q24; originally reported to contain the Disease@MESH:D011471 risk SNP Mutation@rs16901979 and later also Mutation@rs1016343 and Mutation@rs13252298 (Fig. 1). Mutation@rs188140481 has D' = 1 with those three SNPs but it is only very weakly correlated with them (r2 <= 0.005). Furthermore, the correlation (the r-coefficient) between Mutation@rs188140481 and Mutation@rs16901979 is in a negative direction. Of the previously published risk SNPs in populations of European descent and located on 8q24, Mutation@rs16901979 has the closest resemblance in terms of conferred risk and allele frequency (risk allele control frequency in Iceland is ~3% and ~1% for Mutation@rs16901979[A] and Mutation@rs188140481[A], respectively). This indicates that the two risk variants, are never together on the same haplotype. Consequently, the association results for Mutation@rs16901979 and Mutation@rs188140481 remain significant after being adjusted for each other. Furthermore, Mutation@rs188140481 is only very weakly correlated (r2 < 0.06) with the previously published Disease@MESH:D007938, prostate, colon, breast, or Disease@MESH:D001749 risk variants on 8q24 (Supplementary Table 1a), and the association results for Mutation@rs188140481 remain significant after being adjusted for all nine previously published Disease@MESH:D011471 risk SNPs at 8q24 (Table 2)", "type": "paragraph"}, {"sent": "We examined Mutation@rs188140481 and the four correlated (r2 > 0.7) variations for known functional features from The Encyclopedia of DNA Elements (ENCODE) project. We noted that Mutation@rs183373024 is located at a site of DNaseI Disease@MESH:D004342 Disease@MESH:D011471 and normal prostate cell lines (LNCaP and PrEC; Supplementary Fig.1). Whether that has any biological significance remains to be studied further. Other correlated variants were not found at sites predicted to have a biological effect", "type": "paragraph"}, {"sent": "Recently, the rare missense mutation Mutation@rs138213197 (Mutation@rs138213197[T]) in Gene@10481 was found to confer risk of Disease@MESH:D011471 in a US study population. In order to assess the Gene@10481 association signal in study populations independent of the original report, we genotyped Mutation@rs138213197 in five study groups of European descent. Combination of the imputed Icelandic results and the results from the five directly genotyped replication study groups gave an estimated OR of 7.06 (Pcomb. = 1.5x10-19; Table 3). This effect is comparable but somewhat lower than the effect reported in the initial study. We also genotyped Mutation@rs138213197 in 498 Asian Disease@MESH:D011471 patients from Hong Kong and 467 African American controls from Chicago but we did not detect the risk allele in these individuals, suggesting that either is the risk variant very rare or not present in these two ethnic groups", "type": "paragraph"}, {"sent": "In order to analyze further the new variant on 8q24 and the Gene@10481 mutation we stratified the patients from the six European study groups according to age at diagnosis and Disease@MESH:D001523. For rs188140481[A] at 8q24, when comparing the group of patients with a more aggressive phenotype (Gleason >=7 and/or T3 or higher and/or node positive and/or metastatic disease) to the group with less Disease@MESH:D001523 (Gleason <7 and T2 or lower), a non-significant trend towards being diagnosed with an advanced disease was observed (OR = 1.30, Pcomb. = 0.08; Supplementary Table 4a). The same type of analysis for the Gene@10481 mutation resulted in an OR = 1.05 for the more aggressive phenotype (Pcomb. = 0.90; Supplementary Table 4b). When stratifying according to age at diagnosis, carriers of allele A of Mutation@rs188140481on 8q24 were found to be diagnosed 1.26 years younger than non-carriers (Pcomb = 0.0059, Supplementary Table 5a), and carriers of the Gene@10481 mutation (Mutation@rs138213197[T]) were found to be diagnosed 1.16 years younger than non-carriers (Pcomb =0.098; Supplementary Table 5b)", "type": "paragraph"}, {"sent": "When examining the genotypic status of all subjects in our study, one subject was found to be homozygous for the Gene@10481 mutation; a Dutch Disease@MESH:D011471 patient diagnosed at the age of 69 and with a positive family history of Disease@MESH:D011471 (two brothers diagnosed at the age of 67 and 74, but no DNA samples were available). In the Icelandic study group, we identified 13 Icelandic male carriers of the Gene@10481 mutation who have been diagnosed with Disease@MESH:D011471. Thereof, four patients have a positive family history of Disease@MESH:D011471, two belong to a brother pair, and two belong to a father-offspring pair. The remaining nine patients do not have any 1st or 2nd degree male relatives diagnosed with Disease@MESH:D011471, based on deCODE's extensive genealogy database and the nationwide ICR database", "type": "paragraph"}, {"sent": "We identified 16 homozygous carriers of the 8q24 variant: a Dutch Disease@MESH:D011471 patient diagnosed at the age of 69 and not known to have a positive family history of Disease@MESH:D011471; 8 Icelandic females and 7 Icelandic males. Of the 7 Icelandic males 5 have been diagnosed with Disease@MESH:D011471 (age at diagnosis ranges between 55 and 87 years) and the remaining two are both born in 1953 (current age is 59 years) and not known to have been diagnosed with Disease@MESH:D011471. The 5 Icelandic homozygous Disease@MESH:D011471 patients (of whom four belong to two brother pairs) all have one or more close relatives within the nuclear family diagnosed with Disease@MESH:D011471 (Supplementary Fig. 2). This demonstrates a high prevalence of the disease among homozygous male carriers over 60 years of age. Furthermore, using directly generated genotypes only, the carrier frequency among Icelandic patients with a positive family history was estimated to be 10.9% compared to 4.2% among patients without a family history (OR = 2.70, P = 1.8x10-5)", "type": "paragraph"}, {"sent": "In summary, we have discovered a new independent Disease@MESH:D011471 risk variant at the 8q24 locus. The risk profile of this new variant differs from other GWAS-based discovered risk variants in being rare and conferring greater risk of the disease. The replication results for the Gene@10481 coding variant presented above, confirm it as a Disease@MESH:D011471 risk variant in populations from across Europe", "type": "paragraph"}, {"sent": "For a description of the study populations see Supplementary Note", "type": "paragraph"}, {"sent": "The Icelandic chip-typed samples were assayed with the Illumina Human Hap300, Hap CNV370, Hap 610, 1M or Omni-1 Quad bead chips at deCODE genetics. SNPs were excluded if they had (i) yield less than 95%, (ii) minor allele frequency less than 1% in the population or (iii) significant deviation from Hardy-Weinberg equilibrium in the controls (P < 0.001), (iv) if they produced an excessive inheritance error rate (over 0.001), (v) if there was substantial difference in allele frequency between chip types (from just a single chip if that resolved all differences, but from all chips otherwise). All samples with a call rate below 97% were excluded from the analysis. The final set of SNPs used for long-range phasing was composed of 785,863 SNPs", "type": "paragraph"}, {"sent": "Genotyping of the SNP reported in Tables 1-3 of the main text for the five case-control groups from the Netherlands, Spain, Romania, the UK and the US was carried out by deCODE Genetics in Reykjavik, Iceland, applying the Centaurus (Nanogen) platform. Using the Centaurus single-track assay, we genotyped all cases and controls available from these study populations. For confirming the imputed Icelandic association results for rs188140481on 8q24 and Mutation@rs138213197 in Gene@10481, we directly genotyped over 3.900 Icelandic study subjects using Centaurus single-track assay for these SNPs. The correlation (r2) between the results of two genotyping methods for these two SNPs was >0.94", "type": "paragraph"}, {"sent": "For confirming the genotypes from the Centaurus single-track assay genotyping, using standard procedure, we Sanger sequenced all carriers of the Gene@10481 mutation identified in all the study populations as well as all homozygous carriers and 25 heterozygous Icelandic carriers of the 8q24 variant Mutation@rs188140481. Concordance rate between the different genotyping platforms was above 98%", "type": "paragraph"}, {"sent": "Of the 1,795 individuals whole-genome sequence and used in the current study, 53 have been diagnosed with Disease@MESH:D011471 according to the nationwide list maintained by the Icelandic Cancer Registry. For a more detailed description of the key steps of the whole-genome sequencing and imputation see Supplementary Note", "type": "paragraph"}, {"sent": "For the list of SNPs correlated with Mutation@rs188140481 we carried out a search for overlaps between SNP position and known bioinformatic features. We retrieved data from UCSC test browser (HG19 build 37). We accessed all feature tracks relevant to the prostate tissue as well as containing genome positional information, and identified those features that overlapped with the SNPs. These are recognized draft quality data and were used as is without quality filtering", "type": "paragraph"}, {"sent": "Long range phasing of all chip-genotyped individuals was performed with methods described previously. In brief, phasing is achieved using an iterative algorithm which phases a single proband at a time given the available phasing information about everyone else that shares a long haplotype identically by state with the proband. Given the large fraction of the Icelandic population that has been chip-typed, accurate long range phasing is available genome-wide for all chip-typed Icelanders", "type": "paragraph"}, {"sent": "We imputed the SNPs identified and genotyped through sequencing into all Icelanders who had been phased with long range phasing using the same model as used by IMPUTE (see Supplementary Note for a more detailed description)", "type": "paragraph"}, {"sent": "In addition to imputing sequence variants from the whole genome sequencing effort into chip genotyped individuals, we also performed a second imputation step where genotypes were imputed into relatives of chip genotyped individuals, creating in-silico genotypes. The inputs into the second imputation step are the fully phased (in particular every allele has been assigned a parent of origin) imputed and chip type genotypes of the available chip typed individuals (see Supplementary Note for a detailed description)", "type": "paragraph"}, {"sent": "The informativeness of genotype imputation was estimated by the ratio of the variance of imputed expected allele counts and the variance of the actual allele counts. For the present study, when imputed genotypes are used, the information value for all SNPs is between 0.92 and 0.99", "type": "paragraph"}, {"sent": "Logistic regression was used to test for association between SNPs and disease, treating disease status as the response and expected genotype counts from imputation or allele counts from direct genotyping as covariates. Testing was performed using the likelihood ratio statistic (for a detailed description of the genotyping, sequencing and statistical methods see Supplementary Note and Ref.)", "type": "paragraph"}, {"sent": "For this analysis we only used cases and controls which have been genotyped using the Illumina chip-genotyping platform. The multivariate logistic regression analysis was performed conditioning for a given marker by adjusting for the estimated allele count based on imputation of this marker. The genomic control correction factor is the same as used for the unadjusted association analysis. A forward selection multiple logistic regression model was used to further define the extent of the genetic association. Briefly, all imputed SNPs located within the interval 127.8 Mb to 128.8 on 8q24 were tested for possible incorporation into a multiple regression model. In stepwise fashion, a SNP was added to the model if it had the smallest P-value among all SNPs not yet included in the model and if it had a P-value below 1.5x10-9 (a GWAS significance threshold applicable according to a Bonferroni correction of 32 million tests). In the last step none of the SNPs remained significant at this threshold", "type": "paragraph"}, {"sent": "In order to account for the relatedness and stratification within our case and control sample sets we applied the method of genomic control based on chip markers. For Disease@MESH:D011471 GWAS the correction factor based on the genomic control is 1.33", "type": "paragraph"}, {"sent": "Schematic view of a region on chromosome 8q24 containing several Disease@MESH:D011471 risk variants. a) Shown are imputed association results, using only results based on chip-genotyped subjects, for variants with P < 1E-4 in the Disease@MESH:D011471 and located between 127.8 Mb and 128.8 Mb (Build 36) on 8q24. Green triangles denote imputed association results (-log(P-value) of the unconditional analysis. Purple crosses denote association results after step-1 of the conditional analysis (the logistic regression), red boxed denote association results after step-2, and orange circles denote association result after step-3. The red diamonds below the X-axis denote the previously reported Disease@MESH:D011471 risk SNPs on 8q24 in populations of European descent (1, Mutation@rs12543663; 2, Mutation@rs10086908; 3, Mutation@rs1016343; 4, Mutation@rs13252298; 5, Mutation@rs16901979; 6, Mutation@rs16902094; 7, Mutation@rs445114 / Mutation@rs620861; 8, Mutation@rs6983267; 9, Mutation@rs1447295) and the two blue diamonds denote the two SNPs (A, Mutation@rs183373024 and B, Mutation@rs188140481) discussed in the main text. b) Shown are the CEU HapMap population recombination rate and the pairwise correlation coefficient (r2) for SNPs in the 1 megabase (Mb) region depicted. The annotations of blocks/regions is as previously described ", "type": "fig_caption"}, {"sent": "Adjusted and unadjusted association results for Mutation@rs188140481[A] and Disease@MESH:D011471", "type": "table_caption"}, {"sent": "Summary association results for Mutation@rs138213197[T] in Gene@10481 and Disease@MESH:D011471", "type": "table_caption"}]}