{"sentences": [{"sent": "Recently, several genome-wide association studies (GWASs) have led to the discovery of nine new loci of genetic susceptibility in Disease@MESH:D000544 (Disease@MESH:D000544). However, the landscape of the Disease@MESH:D000544 genetic susceptibility is far away to be complete and in addition to single-SNP (single-nucleotide polymorphism) analyses as performed in conventional GWAS, complementary strategies need to be applied to overcome limitations inherent to this type of approaches. We performed a genome-wide haplotype association (GWHA) study in the EADI1 study (n=2025 Disease@MESH:D000544 cases and 5328 controls) by applying a sliding-windows approach. After exclusion of loci already known to be involved in Disease@MESH:D000544 (Gene@348, Gene@274 and Gene@1378), 91 regions with suggestive haplotype effects were identified. In a second step, we attempted to replicate the best suggestive haplotype associations in the GERAD1 consortium (2820 Disease@MESH:D000544 cases and 6356 controls) and observed that 9 of them showed nominal association. In a third step, we tested relevant haplotype associations in a combined analysis of five additional case-control studies (5093 Disease@MESH:D000544 cases and 4061 controls). We consistently replicated the association of a haplotype within Gene@55691 on Chr.10p13 in all the data set analyzed (OR: 1.68; 95% CI: (1.43-1.96); P=1.1 x 10-10). We finally searched for association between SNPs within the Gene@55691 locus and Gene@351 plasma concentrations in three independent non-demented populations (n=2579). We reported that polymorphisms were associated with plasma Abeta42/Abeta40 ratio (best signal, P=5.4 x 10-7). In conclusion, combining both GWHA study and a conservative three-stage replication approach, we characterised Gene@55691 as a new genetic risk factor of Disease@MESH:D000544", "type": "abstract"}, {"sent": "The identification of genes involved in monogenic forms of Disease@MESH:D000544 (Disease@MESH:D000544) has significantly contributed to our knowledge of the disease mechanisms. The causal links between mutations, the functions of the mutated genes (APP, Gene@338399 and Gene@338412) and disease development prompted a pathophysiological hypothesis, which radically changed our understanding of Disease@MESH:D000544: the amyloid cascade hypothesis. The systematic association of pathogenic mutations with changes in APP metabolism and, more particularly, a relative overproduction of Abeta42 peptides indicates that this metabolism is at the Disease@MESH:D006331 process (at least in the monogenic forms of the disease). The overproduction of these Disease@MESH:D020258 peptides is supposed to lead to or accentuate neuron-to-neuron propagation of the Gene@4137 pathology (leading to neuronal Disease@MESH:D003643) by an unknown mechanism", "type": "paragraph"}, {"sent": "By analogy, it was expected that the characterization of genetic factors involved in the common forms of Disease@MESH:D000544 (that is, lacking classical Mendelian inheritance), the most frequent form of the disease, should also help to better understand the Disease@MESH:D000544 physiopathological process. However, the characterization of these genetic factors has encountered significant difficulties. Until 2009, the Gene@348 (Gene@348) gene was the only globally valid genetic determinant of Disease@MESH:D000544 to have been unambiguously identified in 15 years of intensive research", "type": "paragraph"}, {"sent": "As with other Disease@MESH:D004194, this systematic Disease@MESH:D007319 to detect new genetic determinants has prompted more comprehensive investigations using genome-wide association studies (GWASs). We and others performed five large GWASs in this field and reported that the Gene@1191 (Gene@1191), Gene@8301 (Gene@8301), Gene@1378 (complement component (3b/4b) receptor 1), Gene@274 (Gene@274), Gene@10347 (Gene@10347), MS4A (membrane spanning 4A) cluster, Gene@2041 (Gene@2041), CD33 (differentiation antigen 33) and Gene@23607 (Gene@23607) genes were associated with the Disease@MESH:D000544 risk. Most of these susceptibility genes have been already systematically replicated in Caucasians in large case-control studies and in families", "type": "paragraph"}, {"sent": "However, our understanding of the Disease@MESH:D000544 genetics is far away to be complete and strong efforts have still to be done. At this level, classical GWAS approaches present an important limitation with systematic application of a conventional, highly conservative Bonferroni correction leading to select only the most statistically significant associations (commonly, P<1 x 10-8). This involves the risk of rejecting biologically valid hypotheses on purely statistical grounds, that is, false negatives", "type": "paragraph"}, {"sent": "To partly handle some of this limitation, other complementary approach consists in extracting pertinent information from single-nucleotide polymorphisms (SNPs) nominally associated with the risk of developing Disease@MESH:D000544 in GWAS by using complex statistical and bioinformatics multiple-SNP analyses such as genome-wide haplotype association (GWHA) study. We adopted this GWHA strategy to the Disease@MESH:D000544 genetic susceptibility through a three-step approach", "type": "paragraph"}, {"sent": "The main characteristics of the populations used for the GWHA study are described in the Supplementary Notes and Supplementary Table 1. All Disease@MESH:D000544 cases met the criteria for either probable Disease@MESH:D000544 (NINCDS-ADRDA, DSM-IV) or definite Disease@MESH:D000544 (CERAD). All elderly controls were screened for Disease@MESH:D003704 using the MMSE or the Disease@MESH:D000544 Assessment Scale-cognitive subscale and were determined to be free from Disease@MESH:D003704 at neuropathological examination or had a Braak score of 2.5 or below. All subjects or, in those with substantial Disease@MESH:D003072, a caregiver, legal guardian, or other proxy gave written informed consent for participation in this study. The study protocols for all populations were reviewed and approved by the appropriate Institutional review boards of each country", "type": "paragraph"}, {"sent": "The main characteristics of the populations (nondemented individuals) used for the Gene@351 plasma study (3C study, Rotterdam and Disease@MESH:D002609) are described in the Supplementary Notes and Supplementary Table 2", "type": "paragraph"}, {"sent": "Participants in the French GWA study (including the 3C study) were genotyped using an Illumina 610-quad array (Illumina, San Diego, CA, USA). Quality control and analytical parameters have been described in detail elsewhere. The GERAD participants were genotyped using an Illumina 610-quad array (Illumina), a HumanHap550 array or a HumanHap300 array (Illumina). Again, QC and analytical parameters have been described in detail elsewhere. The Rotterdam and Disease@MESH:D002609 studies were genotyped using the Affymetrix 500K array (Affymetrix, Santa Clara, CA, USA). Again, QC and analytical parameters have been described in detail elsewhere", "type": "paragraph"}, {"sent": "In the European populations (stage 3), genotyping was performed using Sequenom assays at the exception of the German population genotyped with a 610K ILLUMINA chip (Illumina). The primer and probe sequences used in the genotyping assays are available upon request. In order to avoid any genotyping bias, cases and controls were randomly mixed while genotyping and laboratory personnel were blinded to case/control status. The genotyping success rate was at least 95%. Departure from Hardy-Weinberg equilibrium was observed for Mutation@rs2446581 in the Swedish control and case samples (P=9.1 x 10-7 for the whole population). The Swedish sample was consequently excluded from further analysis, as haplotype analyses that do not comply with Hardy-Weinberg equilibrium are likely to bias observations", "type": "paragraph"}, {"sent": "Any individuals with missing age or gender data were excluded. This gave a maximum of 2025 Disease@MESH:D000544 cases and 5328 controls in step 1, 2820 Disease@MESH:D000544 cases and 6356 controls in step 2 and 5093 Disease@MESH:D000544 cases and 4061 controls in step 3", "type": "paragraph"}, {"sent": "This approach has been fully described elsewhere. Briefly, the search for haplotype effects was carried out by applying a sliding-window approach to the French GWA data set for each chromosome. After excluding SNPs not in Hardy-Weinberg equilibrium or with a minor allele frequency (MAF)<0.02, the first step of the strategy was to eliminate part of the redundancy between SNPs by using haplotype-tagging SNPs (htSNPs). For this, the same binning procedure as in was used: within each bin of 10 adjacent SNPs, we identified a minimal set of htSNPs that were able to characterize more than 95% of the inferred haplotypes with estimated frequency greater than 0.02. Once a bin had been characterized by a set of htSNPs, the same strategy was applied to the bin composed of the next 10 adjacent SNPs. The final set of htSNPs (n=287 956) was then fed into the sliding-windows approach", "type": "paragraph"}, {"sent": "Given a window of 10 htSNPs, the search for the most informative and parsimonious haplotype configuration in terms of disease prediction was performed for all possible 1 to 4 loci combinations of not necessarily adjacent SNPs. We used a strategy based on Akaike's information criterion, which has been previously described for candidate gene haplotype analysis. It relies on the stochastic expectation-maximisation module in THESIAS software. If required, missing genotypes were inferred by applying, multiple imputation. In all, 37 330 050 combinations were investigated in our genome scan and this investigation was conducted thanks to the use of the grid technology developed by the European Grid Infrastructure (http://www.egi.eu). This technology enables several thousand computations to be run in parallel on a large number of different CPUs. The sliding-window haplotype approach was developed into a GridHaplo grid package for the EGI grid (http://genecanvas.ecgene.net)", "type": "paragraph"}, {"sent": "Regions with 'window P-values' (i) below 10-5 and (ii) 100 times smaller than the smallest single-locus P-value (including all SNPs and not only htSNPs) were analyzed in terms of replication in the GERAD1 data set by using THESIAS software, with systematic adjustment for age and gender", "type": "paragraph"}, {"sent": "In each center, Gene@351 plasma variables are normally distributed. We excluded prior analyses all samples with a +/- two s.d. values in order to avoid potential associations driven by extreme observations. Finally, each quantitative variable was transformed into a z-score (equal to (observed value minus the sample mean), divided by the sample s.d.). The association between the Abeta1-40, Abeta1-42 and Abeta1-42/Abeta1-40 z-scores on one hand and imputed Gene@55691 imputed SNPs on the other (see below) were assessed using a general linear model under an additive model adjusted for age, center and gender", "type": "paragraph"}, {"sent": "We used inverse-variance weighting (also known as fixed-effects meta-analysis) to investigate the homogeneity of haplotype effects from one study to another and to provide meta-analysed, age- and gender-adjusted ORs for haplotype effect estimates in the seven studies. A similar strategy was used to provide meta-analysed, age- and gender-adjusted association levels between Gene@351 plasma z-scores and Gene@55691 SNPs", "type": "paragraph"}, {"sent": "We imputed SNPs by using MaCH (http://www.sph.umich.edu/csg/abecasis/mach/index.html) and minimac software (http://genome.sph.umich.edu/wiki/minimac). The reference haplotype data are provided by the MaCH website, which was built for the combined Caucasian populations as part of the 1000 genomes project. In our data set, all individuals were genotyped on the same platform (the Illumina Human660W-Quad Beadchip) and we used 492 941 observed SNP genotypes that passed quality filters as follows: genotyping call rate >=98%, Hardy-Weinberg Equilibrium Test P value >=1 x 10-6 and MAF >=1%. We first inferred haplotype combinations of each individual using the 'phase' option in the MaCH program and then imputed them with minimac. As minimac is a newly developed software tool, we compared the correlation between the imputed genetic dosage from minimac and those from the standard MaCH program for SNPs in chromosome 22. The results were very similar (data not shown). Doses for 7 704 555 million SNPs with a MAF>0.01 were available from the French GWA data set using the 1000 genomes data set. We selected 2538 SNPs within the Chromosome 10p13 locus of interest (chromosome10:13 655 705-14 402 866) and evaluated their associations with Disease@MESH:D000544 risk in an additive logistic regression model adjusted for age, gender and disease status. A graphic representation was then generated with Locuszoom software (http://csg.sph.umich.edu/locuszoom/)", "type": "paragraph"}, {"sent": "In the 3C, Rotterdam and Disease@MESH:D002609 cohorts, we used the genotype data to impute to the 2.5 million non-monomorphic, autosomal SNPs described in HapMap II (CEU population) as described elsewhere. We selected 1486 SNPs (MAF>0.01) within the Chromosome 10p13 locus of interest (chr10:13 655 705-14 402 866) and evaluated their associations with Gene@351 plasma concentrations as described above. Again, a graphic representation was then generated with Locuszoom software (http://csg.sph.umich.edu/locuszoom/)", "type": "paragraph"}, {"sent": "We developed a three-step approach. In the first step, the French GWA study (EADI1 for European Disease@MESH:D000544's initiative 1), including 2025 Disease@MESH:D000544 cases and 5328 controls was used to select regions with potential haplotype associations with Disease@MESH:D000544. Following a sliding-windows approach (see Material and methods), we applied two a priori criteria to select loci of interest as previously described: level of association with a P-value (i) below 10-5 and (ii) at least 100 times smaller than the smallest single-SNP P value observed in the corresponding locus. We were able to detect loci already known to be involved in Disease@MESH:D000544 (the Gene@348, Gene@274 and Gene@1378 locus) from previous GWASs. The obtained signal was systematically highly stronger than the one observed for each SNP taken separately (Table 1). After exclusion of these loci, we retained 91 regions of interest", "type": "paragraph"}, {"sent": "In the second step, we replicated these haplotype associations in the GWA database from another consortium involved in the study of Disease@MESH:D000544 genetic susceptibility, the GERAD1 consortium, including 2820 Disease@MESH:D000544 cases and 6356 controls. All 91 regions were available for investigation and 9 of them showed nominal association (P<0.05; Table 2). We decided to further investigate two regions showing the same best haplotypes associated with Disease@MESH:D000544 risk in both EADI1 and GERAD1, with similar magnitude and direction of association (Table 2). These two loci, not previously detected in single-SNP GWAS analyses, were located on chromosomes 6p21 and 10p13. The identified Disease@MESH:D000544-associated haplotypes at the 6p21 region were tagged by Mutation@rs2395760, Mutation@rs991762 and Mutation@rs4711652. The Mutation@rs7081208, Mutation@rs2446581 and Mutation@rs17314229 tagged the 10p13 haplotypes. For the Chromosome 6p21 locus, the best association was attributable to the Gene@729838 haplotype in both GWASs (OR (Odds Ratio): 1.53; 95% CI: (1.31-1.79); P=8.1 x 10-8 after adjustment for age and gender when both EADI1 and GERAD1 studies were combined). For the Chromosome 10p13 locus, the highest level of association was attributable to the AAC haplotype (OR: 1.76; 95% CI: (1.44-2.15); P=2.3 x 10-8 after adjustment for age and gender when both EADI1 and GERAD1 studies were combined. Additional adjustment for the four main principal components did not modify the results, data not shown) (Table 2)", "type": "paragraph"}, {"sent": "In the third step, the six tagging SNPs were further genotyped in five additional Disease@MESH:D000544 case-control studies from Flanders-Belgium (842 cases and 489 controls), Finland (560 cases and 623 controls), Germany (728 cases and 961 controls), Italy (1846 cases and 904 controls) and Spain (1117 cases and 1084 controls) (Supplementary Tables 3 and 4). The same common haplotypes were inferred from the six SNPs in the two loci, with the exception of the Gene@183 haplotype in Chromosome 10p13 in the Italian population (frequency<0.01 in controls) (Supplementary Table 5 and 6)", "type": "paragraph"}, {"sent": "In a combined analysis of the five replication data sets, the overall difference in haplotype distribution for the 6p21 locus was not significant between Disease@MESH:D000544 cases and controls (P=0.13) and the Gene@729838 haplotype was not associated with Disease@MESH:D000544 risk (OR: 0.89; 95% CI: (0.74-1.08); P=0.23 after adjustment for age and gender). We therefore considered that the haplotype association in this locus was not confirmed (see Supplementary Table 5)", "type": "paragraph"}, {"sent": "Conversely, an overall significant difference in haplotype distribution between Disease@MESH:D000544 cases and controls was observed at the 10p13 locus in the replication sample (P=4.3 x 10-2 after adjustment for age, gender and country) and the AAC haplotype was associated with increased Disease@MESH:D000544 risk in the five data sets meta-analysis (OR: 1.55; 95% CI: (1.19-2.00); P=9.2 x 10-4 after adjustment for age and gender). When the seven data sets (EADI1, GERAD1 and the follow-up studies) were analyzed together, the AAC haplotype had a meta-analysed OR of 1.68 (95% CI: (1.43-1.96); P=1.1 x 10-10 adjusted for age and gender) when compared with the most frequent GGC haplotype, with no evidence of heterogeneity across the seven countries (P=0.92) (Figure 1). Among the whole sample, nine cases were homozygous for the AAC haplotype versus only five controls (OR: 2.85; 95% CI: (0.88-9.76); P=0.09 with Yates correction), which is consistent with a dose-dependent effect of the AAC haplotype", "type": "paragraph"}, {"sent": "Importantly, none of the individual SNPs were associated with Disease@MESH:D000544 risk in the total sample with a P value lower than 10-5. The best meta-analysed SNP was Mutation@rs2446581 (OR: 1.15; 95% CI: (1.08-1.24); P=2.1 x 10-5 after adjustment for age and gender; Supplementary Table 7). The hypothesis that the Mutation@rs2446581 could solely explain the association observed with the 10p13 haplotypes was rejected by use of the likelihood ratio test (P=9.1 x 10-7)", "type": "paragraph"}, {"sent": "We also tested whether this haplotype association might be explained by one or more untyped SNPs located nearby the genotyped SNPs. Genotypes for 7 704 555 million SNPs with a MAF>=0.01 were imputed from the French GWA data by using the 1000 genome dataset (http://www.1000genomes.org/). None of the single SNPs imputed at this locus (n=2538) showed stronger evidence of association with the Disease@MESH:D000544 risk than the haplotypes initially identified (Supplementary Figure 1). The 10p13 haplotype region appeared to be fully included within the Gene@55691 (Gene@55691) gene, as indicated by the linkage disequilibrium map of this locus of interest (Figure 2)", "type": "paragraph"}, {"sent": "We finally explored how Gene@55691 might be involved in the Disease@MESH:D000544 process. According to a recent report, the Gene@55691 gene was described to interact with Gene@382. As this latter protein was reported to control APP processing, we postulated that the Gene@55691 locus could be associated with endophenotypes susceptible to reflect modulation of the APP metabolism. We accordingly analyzed association of the Gene@55691 locus with Gene@351 peptide plasma concentrations in three independent populations of nondemented individuals (n=2579) (Supplementary Table 2) for which Gene@55691 imputed SNPs, Abeta1-40 and Abeta1-42 plasma concentrations were available. Strong associations were observed between several Gene@55691 SNPs and Abeta1-42/Abeta1-40 (nine SNPs reaching a significant level after Bonferroni correction, P=3.4 x 10-5 for 1486 SNPs, Figure 3). The best signal was obtained for Mutation@rs7921545 (meta-analysed z-score beta coefficient: 0.12, CI: 95% (0.07-0.017); P=5.4 x 10-7) and was homogeneous between the three data sets (P for heterogeneity=3.7 x 10-1, Supplementary Figure 2). Of note, Mutation@rs2446581 showed nominal association with Abeta1-42/Abeta1-40 (P=3.1 x 10-2, see Supplementary Figure 2). Furthermore, only nominal associations between Gene@55691 SNPs, Abeta1-40 or Abeta1-42 were detected (see Supplementary Figure 3)", "type": "paragraph"}, {"sent": "From a specific haplotype-based GWAS approach, we were able to detect a new genetic susceptibility factor for Disease@MESH:D000544 that could not be identified through usual GWAS analyses. Owing to the high number of association tests performed in this GWHA study (37 330 050, not all of which were independent), a robust replication strategy was necessary. Our three-step approach was thus particularly conservative and we cannot rule out the possibility that we failed to identify other haplotype-based loci associated with Disease@MESH:D000544 risk. Nonetheless, our GWHA immediately identified two potential Disease@MESH:D000544 susceptibility loci among which the 10p13 locus showed an AAC haplotype that was strongly and consistently associated with Disease@MESH:D000544 risk in seven independent European populations. Interestingly, this locus is included in the large Disease@MESH:D000544 linkage region regularly identified on chromosome 10", "type": "paragraph"}, {"sent": "Additional work will be necessary to determine whether the Disease@MESH:D000544 risk-haplotype association indicates an interaction between SNPs or whether they Gene@404663 non-genotyped, functional variants. However, our GWHA study could have handled several of the inherent limitations of GWAS. As the AAC haplotype is rare (with a mean frequency of 2% in our Caucasian populations), our work suggests the possibility that rare variants may be responsible for the signal detected within the Gene@55691 gene. This might explain why the locus was not detected (i) in our previous GWA studies based on single-SNPs analyses and (ii) through imputation, as SNPs with low frequency and/or SNPs within specific regions with low LD are poorly imputed even when using the 1000 genome data set (Figure 2). Furthermore, we cannot rule out the possibility that the AAC haplotype tags insertion-deletion variants or copy-number variations:neither of which is captured by imputation. Interestingly, several copy-number variations within the Gene@55691 locus have been described (http://projects.tcag.ca/variation/)", "type": "paragraph"}, {"sent": "Little is known about the function of the protein encoded by Gene@55691 in animal cells. It belongs to the FERM super family, which includes ubiquitous components of the cytocortex involved in cell structure, transport and signalling functions. According to a recent report, the Gene@55691 gene product may regulate epithelial polarity by interacting with Gene@382 and the PAR complex. Interestingly, several other lines of evidence suggest that Gene@382 modulates cell polarity in various systems:including neurons. Gene@79121 reportedly regulates Disease@MESH:D007635 in hippocampal neurons and neurite outgrowth in PC12 cells. Finally, Gene@79121 was recently reported to control APP processing, suggesting that Gene@55691 could also be implied in this metabolism. This hypothesis is sustained by the observation of an association of the Gene@55691 locus with plasma Abeta1-42/Abeta1-40, at once reinforcing the plausibility of the association of this gene with Disease@MESH:D000544 risk and its potential implication in a subtle control of the APP metabolism. Unfortunately, as the SNPs defining the AAC haplotype were only available by imputation in the Rotterdam and Disease@MESH:D002609 study, search for association of the AAC haplotype with plasma Abeta1-42/Abeta1-40 was not possible. Furthermore, it is important to keep in mind that this result is difficult to interpret in terms of Disease@MESH:D000544 pathophysiological process. First, it is not known whether plasma Gene@351 peptides reflect a dynamic equilibrium between the brain, CSF and plasma compartments. Second, the source of plasma Gene@351 species is not known and the Gene@351 peptides' physiological functions are still not fully understood", "type": "paragraph"}, {"sent": "However, taken as a whole, these data suggest that Gene@55691 could be a relevant candidate gene for Disease@MESH:D000544 risk and the basis for another possible pathophysiological pathway for Disease@MESH:D000544", "type": "paragraph"}, {"sent": "Haplotypic Gene@130497 ratios (ORs) for Disease@MESH:D000544 (Disease@MESH:D000544) risk with the AAC haplotype derived from Mutation@rs7081208, Mutation@rs2446581, Mutation@rs17314229 at Chromosome 10p13 in seven independent European populations", "type": "fig_caption"}, {"sent": "Linkage disequilibrium map in the Gene@55691 locus and localization of the region defined by the Mutation@rs7081208, Mutation@rs2446581 and Mutation@rs17314229 at this locus (in bold)", "type": "fig_caption"}, {"sent": "Association of single-nucleotide polymorphism (SNP) in the Gene@55691 locus with plasma Abeta1-42/Abeta1-40 level following meta-analyses of z-score beta coefficients under an additive model adjusted for age and gender using three independent healthy populations. SNPs in red are nominally associated with Gene@351 peptide levels. SNPs in are the three markers defining the AAC haplotype assocated with Disease@MESH:D000544 (Disease@MESH:D000544) risk", "type": "fig_caption"}]}