{"sentences": [{"sent": "To discover susceptibility genes of late-onset Disease@MESH:D000544 (LOAD), we conducted a 3-stage genome-wide association study (GWAS) using three populations: Japanese from the Japanese Genetic Consortium for Disease@MESH:D000544 (Disease@None), Koreans, and Caucasians from the Disease@MESH:D000544 Genetic Consortium (ADGC). In Stage 1, we evaluated data for 5,877,918 genotyped and imputed SNPs in Japanese cases (n = 1,008) and controls (n = 1,016). Genome-wide significance was observed with 12 SNPs in the Gene@348 region. Seven SNPs from other distinct regions with p-values <2x10-5 were genotyped in a second Japanese sample (885 cases, 985 controls), and evidence of association was confirmed for one Gene@6653 SNP (Mutation@rs3781834, P = 7.33x10-7 in the combined sample). Subsequent analysis combining results for several Gene@6653 SNPs in the Japanese, Korean (339 cases, 1,129 controls) and Caucasians (11,840 Disease@MESH:D000544 cases, 10,931 controls) revealed genome wide significance with Mutation@rs11218343 (P = 1.77x10-9) and Mutation@rs3781834 (P = 1.04x10-8). SNPs in previously established Disease@MESH:D000544 loci in Caucasians showed strong evidence of association in Japanese including Mutation@rs3851179 near Gene@8301 (P = 1.71x10-5) and Mutation@rs744373 near Gene@274 (P = 1.39x10-4). The associated allele for each of these SNPs was the same as in Caucasians. These data demonstrate for the first time genome-wide significance of LOAD with Gene@6653 and confirm the role of other known loci for LOAD in Japanese. Our study highlights the importance of examining associations in multiple ethnic populations", "type": "abstract"}, {"sent": "Disease@MESH:D000544 (Disease@MESH:D000544) is a progressive Disease@MESH:D019636 characterized by Disease@MESH:D003072 and Disease@MESH:D008569. Multiple rare mutations in APP, Gene@5663, Gene@5664 and Gene@6653 account for most cases of early-onset Disease@MESH:D000544. Risk of late-onset Disease@MESH:D000544 (LOAD), the most common type of Disease@MESH:D003704 in the elderly, is associated with complex interactions between genetic and environmental factors. Until recently, Gene@348 was the only unequivocally recognized major susceptibility gene for LOAD. Several genome-wide association studies (GWAS) each including more than 5,000 Caucasians identified genome-wide significant associations for LOAD with nine other loci including Gene@10347, Gene@274, Gene@23607, CD33, Gene@1191, Gene@1378, Gene@2041, MS4A gene cluster, and Gene@8301 . To our knowledge, no large GWAS for LOAD has been performed in any Asian population. Because there is a possibility that there exist ethnic-specific LOAD susceptibility variants, we carried out a large-scale GWAS to confirm associations at known loci and identify novel loci for LOAD using a three-stage design including a discovery Japanese cohort and replication cohorts of Japanese, Korean and Caucasian subjects", "type": "paragraph"}, {"sent": "Clinically defined subjects were recruited by the Japanese Genetic Study Consortium of Disease@MESH:D000544 (Disease@None: principal investigator, Y.I.). Probable Disease@MESH:D000544 cases were ascertained on the basis of the criteria of the National Institute of Disease@MESH:D009422, and Disease@MESH:D000544 and Related Disorders (NINCDS/ADRDA). The Mini-Mental State Examination, Clinical Dementia Rating, and/or Function Assessment Staging were primarily used for evaluation of Disease@MESH:D003072. Elders living in an unassisted manner in the local community with no signs of Disease@MESH:D003704 were used as controls. DNA was extracted from peripheral blood leukocytes using standard protocols. For the purpose of this study, the Stage 1 genome-wide association study (GWAS) dataset included 2024 subjects (1008 Disease@MESH:D000544 cases and 1016 controls) and the Stage 2 dataset included 1870 subjects (885 Disease@MESH:D000544 cases and 985 controls)", "type": "paragraph"}, {"sent": "A total of 339 subjects with Disease@MESH:D000544 were recruited at the Samsung Medical Center in Seoul, Korea. All Disease@MESH:D000544 subjects fulfilled NINCDS-ADRDA criteria for probable Disease@MESH:D000544. These subjects underwent a clinical interview and neurological examination that were previously described. The absence of secondary causes of Disease@MESH:D003072 was assessed by laboratory tests including complete blood count, blood chemistry, vitamin B12/folate, syphilis serology, and thyroid function tests. Conventional brain MRI scans (T1-weighted, T2-weighted, and FLAIR images) confirmed the absence of territorial Disease@MESH:D002544, Disease@MESH:D001932, and other structural lesions. Healthy control subjects (n = 1,129) ages 55 to 85 years were recruited from routine health examination at the same location and showed no evidence of Disease@MESH:D003072", "type": "paragraph"}, {"sent": "Summarized information from tests of genetic association of Disease@MESH:D000544 with SNPs located in the candidate gene regions was culled from a recent large GWAS conducted by the Disease@MESH:D000544 Genetics Consortium (ADGC). Results were computed for SNPs throughout the genome in a sample composed of 11,840 Disease@MESH:D000544 cases and 10,931 cognitively normal elders from 15 independent Caucasian data sets. Details of the quality control and statistical analysis procedures and genetic models has been published elsewhere", "type": "paragraph"}, {"sent": "This study was approved by the Boston University Institutional Review Board, Institutional Review Board of Niigata University, and the Institutional Review Boards of all participating institutions. Written informed consent was obtained from all participants. Next of kin, carer takers or guardians consented on the behalf of participants whose capacity to consent was compromised. All subjects were anonymously genotyped. The basic demographics of the cases and controls before QC in each dataset are presented in Table 1", "type": "paragraph"}, {"sent": "GWAS genotyping was performed in the Stage 1 sample using Affymetrix GeneChip 6.0 microarrays containing 909,622 SNPs. Applied Biosystems' (ABI) TaqMan Assays were used to genotype individual SNPs in the Japanese and Korean replication cohorts. Gene@348 genotypes in the Japanese and Korean samples were determined by haplotypes derived from Mutation@rs7412 and Mutation@rs429358 which were genotyped using TaqMan Assays. Details of Gene@348 genotyping in each ADGC dataset were described previously", "type": "paragraph"}, {"sent": "In the Stage 1 sample, SNPs with a genotype call rate (GCR) <95%, a minor allele frequency (MAF) <0.05, or significant deviation from the Hardy-Weinberg equilibrium (HWE) in controls (P<10-6) were excluded. After excluding 83,673 low quality and 298,304 low frequency SNPs, we removed 196 subjects with a GCR <95% and 41 subjects whose gender as determined by analysis of X-chromosome data using the PLINK program (ver. 1.06) was inconsistent with the reported gender. The same QC procedures were applied to the Japanese and Korean replication datasets. We examined population substructure in the GWAS dataset by analyzing tagging SNPs from the genome-wide panels using the smartpca module from EIGENSTRAT software in a manner described previously. Subsequently, we excluded three subjects who were cryptically related to other subjects in the dataset and 49 individuals who were population outliers. The strength of association of the top 10 principal components (PCs) was tested with Disease@MESH:D000544 status. The first three PCs were nominally associated with Disease@MESH:D000544 status. A total of 574,828 SNPs and 1,735 subjects comprising 891 cases and 844 controls passed the QC and were used for imputation and in further statistical analyses", "type": "paragraph"}, {"sent": "Genotypes for all SNPs in Japanese and Caucasians were imputed with the Markov Chain haplotyping (MaCH) software using reference haplotypes in the 1000 Genomes database (version released in February 2012 for Japanese datasets and version released in December 2010 for Caucasian datasets). This procedure also filled in missing data for the genotyped SNPs. Imputation quality was determined as R2, which estimates the squared correlation between imputed and true genotypes. We applied threshold criteria for quality control assessment of imputed SNPs (R2 >=0.8) as recommended for 1000 Genomes imputed data using the IMPUTE2 program. Genotype probabilities for 5,877,918 genotyped and reliably imputed SNPs with a minor allele frequency (MAF) >0.02 were included in the Japanese GWAS", "type": "paragraph"}, {"sent": "Genotyped and imputed SNPs were tested for association with Disease@MESH:D000544 in the Stage 1 dataset using a logistic generalized linear model (GLM) controlling for age-at-onset (cases)/age-at-exam (controls), sex and the first three principal components from analysis of of population substructure. Stage 1 analyses were also performed based on a model adjusting for these covariates and the number of Gene@348 epsilon4 alleles. SNPs in the Gene@348 region (between map positions 45,000 kb and 45,800 kb on chromosome 19) were also tested for association in epsilon3/epsilon3 and epsilon3/epsilon4 subgroups. Genotyped SNPs were coded as 0, 1, or 2 according to the number of minor alleles under the additive genetic model. For imputed SNPs, a quantitative estimate between 0 and 2 for the dose of the minor allele were used to incorporate the uncertainty of the imputation estimates. All analyses were performed using PLINK. SNPs attaining a P value below 5x10-5 were considered for replication in Stage 2. Initially, only one SNP per region was tested in the replication sample to minimize the penalty for multiple testing. Additional SNPs from regions meeting the signifcance threshold in the replication sample were also evaluated. SNPs with a P value below 1x10-5 in the combined Stages 1 and 2 samples and nominally significant in Stage 2 (P<0.05) were advanced to Stage 3", "type": "paragraph"}, {"sent": "SNP association results obtained from individual datasets were combined by meta-analysis using the inverse variance method implemented in the software package METAL (http://www.sph.umich.edu/csg/abecasis/Metal/index.html). An additive model was assumed and the association results across datasets were combined by summing the regression coefficients weighted by the inverse variance of the coefficients. The meta-analysis P-value of the association was estimated by the summarized test statistic, after applying a genomic control within each individual study. Effect sizes were weighted by their inverse variance and a combined estimate was calculated by summing the weighted estimates and dividing by the summed weights", "type": "paragraph"}, {"sent": "The quantile-quantile plot indicated limited genomic inflation (lambda = 1.04in the Stage 1 GWAS results (Fig. S1). A total of 125 SNPs from seven distinct regions showed evidence of association with P<10-4 (Table S1, Fig. S2). In addition to Gene@348 SNP Mutation@rs429358 (P = 2.46x10-49, OR [95% CI]  = 5.5 [4.4-6.9]), 12 other SNPs in the Gene@348 region were associated with LOAD at the genome-wide significance level of P<5.0x10-8. The two most significant results in this group of SNPs were Mutation@rs12610605 (Gene@5819: P = 1.38x10-13, OR [95% CI]  = 1.8 [1.5-2.0]) and Mutation@rs62117161 (between Gene@388551 and Gene@602: P = 3.46x10-12, OR [95% CI]  = 0.47 [0.38-0.58]). Since imputation in the Gene@348 region using the 1000 Genomes reference panel is unreliable, we genotyped nine SNPs from this region, spanning multiple linkage disequilibrium (LD) blocks (Fig. S3) and that were nominally significant in the APOE epsilon3/epsilon3 subgroup, in the Japanese discovery and replication samples using TaqMan assays (Table S2). Genome-wide significant results were obtained for five of these SNPs, but only the association with Gene@284352 SNP rs 17643262 remained nominally significant after adjustment for the number of Gene@348 epsilon4 alleles (P = 3.96x10-4) or in analyses stratified by Gene@348 genotype (epsilon3/epsilon3: P = 0.01; epsilon3/epsilon4: P = 0.0016)", "type": "paragraph"}, {"sent": "SNPs from six other distinct chromosomal regions met Stage 2 follow-up criteria (P<5x10-5) and the top SNP from each region was genotyped in an independent Japanese sample (Table 2). Two SNPs were nominally significant in the replication sample, however the effect direction for Gene@9813 SNP Mutation@rs7519866 differed from the discovery sample. Modest evidence for replication was observed only with Gene@6653 SNP Mutation@rs4598682 (P<=0.05). Subsequently, we selected an additional four Gene@6653 SNPs (Mutation@rs3781834, Mutation@rs2282647, Mutation@rs17125523, and Mutation@rs3737529) for testing in the Japanese replication sample that were among the most significant in the basic or extended models in the discovery sample (Table S1) and not in LD with Mutation@rs4598682 (r2<0.2, Figure S4). Two of these SNPs (Mutation@rs3781834 and Mutation@rs17125523) were chosen also because they were genotyped in the discovery sample and thus would minimize the effects of potential imputation artifacts in meta-analysis of the two Japanese samples. Highly significant results were obtained for Gene@6653 SNPs Mutation@rs4598682 (P = 9.51x10-6), Mutation@rs3781834 (P = 7.33x10-7), Mutation@rs17125523 (P = 5.51x10-6), and Mutation@rs3737529 (P = 4.14x10-6) after combining results from the discovery and replication samples (Table S3)", "type": "paragraph"}, {"sent": "These four Gene@6653 SNPs showing significant association in the combined samples from Stages 1 and 2 were considered for further replication in Stage 3. We added Mutation@rs11218343 to this stage of the analysis because it was the most significant Gene@6653 SNP in the large Caucasian dataset (P = 1.0x10-7), a result which emerged after pooling the Caucasian discovery GWAS sample and unpublished data in the replication sample from our previously published GWAS. These five SNPs were subsequently evaluated in Stage 3 by meta analysis including the Stage 1 and 2 Japanese, Korean and ADGC Caucasian datasets. SNPs Mutation@rs11218343 (P = 2.20x10-9) and Mutation@rs3781834 (P = 9.90x10-9), attained genome-wide significance in the sample of datasets from all stages (Table 3, Fig. 1). There was modest evidence of replication for Mutation@rs17125523 (meta P = 3.30x10-6) and Mutation@rs 3737529 (meta P = 5.10x10-6). Although the allele frequencies for the top SNPs were very different between the Asian (MAF >0.2) and Caucasian (MAF <0.05) samples (Table 3), there was no evidence of heterogeneity in the magnitude of the odds ratios or effect direction among the population groups (P>0.15, Fig. 2). There was no apparent association in the comparably smaller Korean dataset; however, the direction of the effect for each SNP was the same as in the Japanese and Caucasian datsets", "type": "paragraph"}, {"sent": "For each SNP, the chromosomal location is shown on the x-axis and the significance level for association with LOAD is indicated by a -log10P value on the y-axis. P-values are expressed as -log10(P) (y-axis) for every tested SNP ordered by chromosomal location (x-axis). Genomic position was determined using the NCBI database (Build 37.1). Computed estimates of linkage disequilibrium (LD; r2) between SNPs in this region with the top-ranked SNP (Mutation@rs3781834) in the Japanese discovery (J1) dataset are shown as red circles for r2>=0.8, orange circles for 0.5<=r2<0.8, light blue circles for 0.2<=r2<0.5, and dark blue circles for r2<0.2 using hg19/1000 Genomes of Asian populations (ASN; release on November 2010) combined from Han Chinese (Disease@None) and Japanese (JPT). Meta-analysis P-values are shown as purple diamonds for the Japanese datasets (Gene@28950) and all datasets (Gene@28950+K+C) including Japanese, Korean (K), and Caucasians (C). Two genome-wide significant SNPs in the final stage (Mutation@rs3781834 and Mutation@rs11218343) are presented. The gene structure and reading frame are shown below the plot. Exons are denoted with vertical bars. The LD between Mutation@rs3781834 and Mutation@rs11218343 is 0.57 in the ASN reference population", "type": "fig_caption"}, {"sent": "Next, we investigated whether robust genetic associations for LOAD reported previously in Caucasians generalize to Japanese. After correcting for 15 tests, SNPs Mutation@rs3851179 located approximately 90 kb upstream from Gene@8301 (P = 1.71x10-5) and Mutation@rs744373 located approximately 30 kb upstream from Gene@274 (P = 1.39x10-4) were significantly associated with LOAD risk in the Japanese Stage 1 dataset (Table 4). Nominally significant associations were also observed for SNPs in Gene@1378, Gene@1191, and Gene@10347. Of the eight SNPs tested in the small Korean sample, nominally signficant results (P<0.05) were obtained for one SNP in Gene@1191 and Gene@8301, each with the same pattern of association and comparable effect size as in Japanese", "type": "paragraph"}, {"sent": "Our multi-stage GWAS of LOAD identified for the first-time genome-wide significant association with Gene@6653. Genetic association with Gene@6653 was first established in a study focused on genes encoding proteins involved in vacuolar protein sorting. Most, but not all, subsequent studies in Caucsians replicated this finding (summarized in Alzgene database: http://www.alzgene.org/). Confirmatory evidence of association with Gene@6653 SNPs has also been reported in comparatively small samples of Chinese and Japanese (reviewed in). These findings are independent of previous candidate gene studies of Gene@6653 in Japanese (two subjects in common) and with Caucasians in the Rogaeva et al. study (less than 2% overlap)", "type": "paragraph"}, {"sent": "The two genome-wide significant Gene@6653 SNPs, Mutation@rs11218343 and Mutation@rs3781834 are located at chromosome positions 121,435,587 base pairs and 121,445,940 base pairs, respectively, and thus between the two previously reported strongly associated 3-marker haplotypes that extend upstream from Mutation@rs641120 (121,380,965 base pairs) and downstream from Mutation@rs1699102 (121,456,962 base pairs). A recent meta-analysis including more than 30,000 Caucasian and Asian subjects demonstrated that multiple Gene@6653 SNPs in distinct regions are associated with Disease@MESH:D000544, a finding substantiated in an association study of Gene@6653 SNPs with brain MRI traits in LOAD families. Further analysis of our large Caucasian sample suggests that the association peak at Mutation@rs3781834 is independent of at least one of the two distinct haplotypes previously associated with Disease@MESH:D000544 in an independent sample of non-Hispanic Caucasians, Caribbean Hispanics and Israeli-Arabs (Fig. S5), Since all of the SNPs at the association peaks reported in this study and previously are intronic, functional studies are required to determine the identity of pathogenic variants at these locations", "type": "paragraph"}, {"sent": "Remarkably, the less frequent alleles at Mutation@rs11218343 and Mutation@rs3781834 are protective in both Japanese and Caucasian datasets with very similar odds ratios (range 0.74 to 0.83) despite the fact that these alleles are much rarer in Caucasians (4% and 2%, respectively) than in Japanese (34% and 23%, respectively). The rarity of these SNPs in Caucasians, as well as allelic heterogeneity, may explain why Gene@6653 did not previously emerged as a genome-wide significant Disease@MESH:D000544 locus in much larger GWAS. Given the discovery sample size, effect size (odds ratio [OR]  = 0.74) and MAF (0.23) of the top Gene@6653 SNP (Mutation@rs3781834) in the Japanese sample, and a significance level of 2x10-5 (i.e., threshold for including a SNP in the Stage 2 replication phase), calculation of power post hoc using the PAWE-3D program confirmed that the discovery sample had sufficient power (83.7%). By comparison, the Caucasian sample of 22,771 subjects had only 52.8% power to detect association with this SNP at the observed significance level of 7.9x10-4 and OR (0.78) and a much lower MAF (0.02) than in Japanese", "type": "paragraph"}, {"sent": "The most significant result in the GWAS in Japanese was obtained for Gene@114299 SNP Mutation@rs913360 (P = 1.8x10-7), but this SNP was not significant in the Japanese replication sample (P = 0.16) and the result for the combined Japanese datasets was less significant than in the discovery sample (P = 6.6x10-6). There was no evidence in the large Caucasian dataset supporting association for Mutation@rs913360 (P = 0.38) or other Gene@114299 SNPs", "type": "paragraph"}, {"sent": "We obtained evidence in Japanese and Korean populations for association of Disease@MESH:D000544 with the same SNPs in the Gene@8301 and Gene@274 regions that were identified as genome-wide significant in multiple large GWAS in Caucasians. There are no previously reported association studies of these loci in Japanese. Several small association studies of Gene@8301 in comparatively smaller Chinese samples have yielded conflicting results. We also found nominally significant associations in the Japanese sample for previously associated SNPs in Gene@1378, Gene@1191, and Gene@10347. Lack of asociation with Gene@2041, Gene@23607, Gene@64231, and CD33 may be due to insufficient power, different linkage disequilibrium structure of these regions than in Caucasisans, locus heterogeneity or intragenic heterogeneity", "type": "paragraph"}, {"sent": "In addition, our analyses showed numerous highly significant results for imputed SNPs in the Gene@348 region (including CEACAM/Gene@602, Gene@5819, Gene@10452, and LOC284352) even after adjustment for the dose of the epsilon4 allele. However, recognizing that the reliability of imputation is poor for SNPs in this region, we genotyped 10 of the significant SNPs in the Japanese discovery and replication datasets. Only one of these results, a Gene@284352 SNP, was nominally significant after adjustment for dose of epsilon4. Association of Disease@MESH:D000544 with this SNP, which is located approximately 225 kb from Gene@348, has not been observed previously. Gene@5819 and Gene@348 are located in a genomic region sandwiched between two recombination hotspots, where strong association signals for LOAD have been reproducibly detected in Caucasians, but dissipate almost completely for all non-Gene@348 loci after conditioning on Gene@348, suggesting that no other loci in this region influence LOAD susceptibility. This conclusion is consistent with the observation of moderate linkage disequilibrium between the SNPs determining Gene@348 genotype, Mutation@rs7412 and Mutation@rs429358 (Fig. S5), SNPs showing genomewide significant evidence for association with LOAD without adjustment for Gene@348 genotype, and our prior LOAD association studies with SNPs in this region among Caucasians", "type": "paragraph"}, {"sent": "Gene@6653, also known as Gene@6653 and Gene@6653, and APP proteins are co-localized in the endosomal and Golgi compartments. Gene@6653 through its co-dependent interaction with Gene@9559 regulates the intracellular transport and processing of APP, resulting in reduction of Gene@351 (Ass) peptide production. Gene@20660 knock-out mice carrying both pathogenic mutations in the Gene@19164 (exon 9 deletion) and APP (Swedish, Mutation@rs371425292596L) exhibited increased production and accumulation of Ass. Gene@6653 variants might influence the CSF Ass42 level in Disease@MESH:D000544 patients. Recently, Pottier et al. sequenced the exomes of 29 index cases with autosomal dominant early-onset Disease@MESH:D000544 who lacked mutations in APP, Gene@5663 and Gene@5664 . Seven of these subjects had private Gene@6653 mutations (2 nonsense and 2 missense) that were predicted to have a pathogenic effect. By comparison, the two genome-wide significant SNPs in this study are both intronic. It is expected that future large resequencing studies of Gene@6653 will identify the functional variants, thus providing important clues about the mechanisms governing normal and abnormal action of Gene@6653 on processes leading to LOAD. The emergence of Gene@6653 as a genome-wide significant locus for Disease@MESH:D000544 confirms existing genetic and functional evidence and elevates the importance of intracellular trafficking involving retromer and the Golgi-to- endosome as a key pathway leading to Disease@MESH:D000544", "type": "paragraph"}]}