{"sentences": [{"sent": "Common diseases such as type 2 Disease@MESH:D003920 are phenotypically heterogeneous. Obesity is a major risk factor for Disease@MESH:D003924, but patients vary appreciably in body mass index. We hypothesized that the genetic predisposition to the disease may be different in lean (BMI<25 Kg/m2) compared to Disease@MESH:D009765 cases (BMI>=30 Kg/m2). We performed two case-control genome-wide studies using two accepted cut-offs for defining individuals as overweight or Disease@MESH:D009765. We used 2,112 lean type 2 Disease@MESH:D003920 cases (BMI<25 kg/m2) or 4,123 Disease@MESH:D009765 cases (BMI>=30 kg/m2), and 54,412 un-stratified controls. Replication was performed in 2,881 lean cases or 8,702 Disease@MESH:D009765 cases, and 18,957 un-stratified controls. To assess the effects of known signals, we tested the individual and combined effects of SNPs representing 36 type 2 Disease@MESH:D003920 loci. After combining data from discovery and replication datasets, we identified two signals not previously reported in Europeans. A variant (Mutation@rs8090011) in the Gene@284217 gene was associated with type 2 Disease@MESH:D003920 in lean cases (P = 8.4x10-9, OR = 1.13 [95% CI 1.09-1.18]), and this association was stronger than that in Disease@MESH:D009765 cases (P = 0.04, OR = 1.03 [95% CI 1.00-1.06]). A variant in Gene@10363:previously identified in South Asians but not Europeans:was associated with type 2 Disease@MESH:D003920 in Disease@MESH:D009765 cases (P = 1.3x10-8, OR = 1.11 [95% CI 1.07-1.15]), although this association was not significantly stronger than that in lean cases (P = 0.02, OR = 1.09 [95% CI 1.02-1.17]). For 36 known type 2 Disease@MESH:D003920 loci, 29 had a larger odds ratio in the lean compared to Disease@MESH:D009765 (binomial P = 0.0002). In the lean analysis, we observed a weighted per-risk allele OR = 1.13 [95% CI 1.10-1.17], P = 3.2x10-14. This was larger than the same model fitted in the Disease@MESH:D009765 analysis where the OR = 1.06 [95% CI 1.05-1.08], P = 2.2x10-16. This study provides evidence that stratification of type 2 Disease@MESH:D003920 cases by BMI may help identify additional risk variants and that lean cases may have a stronger genetic predisposition to Disease@MESH:D003924", "type": "abstract"}, {"sent": "Individuals with Disease@MESH:D003924 (T2D) can present with variable clinical characteristics. It is well known that Disease@MESH:D009765 is a major risk factor for Disease@MESH:D003924, yet patients can vary considerably:there are many lean Disease@MESH:D003920 patients and many overweight people without Disease@MESH:D003920. We hypothesized that the genetic predisposition to the disease may be different in lean (BMI<25 Kg/m2) compared to Disease@MESH:D009765 cases (BMI>=30 Kg/m2). Specifically, as lean T2D patients had lower risk than Disease@MESH:D009765 patients, they must have been more genetically susceptible. Using genetic data from multiple genome-wide association studies, we tested genetic markers across the genome in 2,112 lean type 2 Disease@MESH:D003920 cases (BMI<25 kg/m2), 4,123 Disease@MESH:D009765 cases (BMI>=30 kg/m2), and 54,412 healthy controls. We confirmed our results in an additional 2,881 lean cases, 8,702 Disease@MESH:D009765 cases, and 18,957 healthy controls. Using these data we found differences in genetic enrichment between lean and Disease@MESH:D009765 cases, supporting our original hypothesis. We also searched for genetic variants that may be risk factors only in lean or Disease@MESH:D009765 patients and found two novel gene regions not previously reported in European individuals. These findings may influence future study design for type 2 Disease@MESH:D003920 and provide further insight into the biology of the disease", "type": "abstract"}, {"sent": "Common diseases such as type 2 Disease@MESH:D003920 are highly phenotypically heterogeneous. Few studies have performed genome wide association studies in subsets of patients defined by more stringent phenotypic characteristics. It is possible that reducing the heterogeneity of disease cases may increase power to detect associations over and above the loss of power resulting from reduced numbers. To address these questions we hypothesized that the genetic predisposition to Disease@MESH:D003924 may be different in two strata of cases defined by well-accepted cut-offs for body mass index, the strongest known risk factor for Disease@MESH:D003924", "type": "paragraph"}, {"sent": "Genome-wide association (GWA) studies have identified ~50 independent loci robustly associated with type 2 Disease@MESH:D003920. These studies have highlighted new candidate pathways involved in the disease, identified overlap with monogenic forms of the disease, and provided genetic links with correlated phenotypes", "type": "paragraph"}, {"sent": "The GWA studies of type 2 Disease@MESH:D003920 have not so far provided a greatly improved understanding of the clinical heterogeneity of the disease. Type 2 Disease@MESH:D003920 cases vary appreciably in their clinical characteristics, particularly age of diagnosis and body mass index (BMI). There is also a group of patients who may present with evidence of an autoimmune component to their Disease@MESH:D003920, but who are not Gene@3630 dependent. In contrast, the identification of the genetic component to monogenic forms of Disease@MESH:D003920 has often explained the clinical heterogeneity observed", "type": "paragraph"}, {"sent": "Previous studies have provided some evidence of genetic heterogeneity between non-Disease@MESH:D009765 and Disease@MESH:D003924 cases. For example, the variant with the strongest effect on type 2 diabetes risk, in Gene@6934, has a stronger effect in non-obese cases (odds ratio = 1.53 [0.37-1.71] compared to obese cases (OR = 1.21 [1.09-1.35]). The effect of Gene@79068 variation on type 2 diabetes risk depends on how cases and controls are ascertained by BMI status, but this was expected given Gene@79068's known primary effect on BMI. In the most recent GWA studies of type 2 diabetes, risk variants tended to have stronger effects in non-obese compared to obese individuals - of 30 loci examined, 23 showed stronger associations in non-obese compared to obese individuals", "type": "paragraph"}, {"sent": "We designed the present study in an attempt to understand better the genetic heterogeneity of Disease@MESH:D003924. Type 2 Disease@MESH:D003920 GWA studies tend to be enriched with cases with stronger family histories and lower average BMIs compared to community based studies. Nevertheless, there is a wide spectrum of BMI amongst type 2 Disease@MESH:D003920 cases used in GWA studies, with more cases being Disease@MESH:D009765 than lean. In this study we tested the hypothesis that we would identify new genetic variants by limiting the clinical heterogeneity of Disease@MESH:D003924. By stratifying cases by their BMI status and performing separate GWA studies for each strata of BMI we identified two signals of association not previously reported in the largest GWA studies in Europeans, although one signal has been identified in a South Asian study. In addition we confirmed with additional data that the majority of known type 2 Disease@MESH:D003920 genetic associations have stronger effects in lean type 2 Disease@MESH:D003920 cases compared to Disease@MESH:D009765 cases", "type": "paragraph"}, {"sent": "Descriptions of all cases are available in Table 1, and combined with control details in Tables S1 and S2. Our study was designed to limit the clinical heterogeneity of Disease@MESH:D003924 by stratification on BMI, whilst also using the largest sample sizes available", "type": "paragraph"}, {"sent": "To test the hypothesis that we would identify new variants associated with type 2 Disease@MESH:D003920 in different BMI strata, we used the following study design. We used two separate strata of type 2 Disease@MESH:D003920 cases defined by the two arbitrary, but well established, cut-offs for classifying people as overweight or Disease@MESH:D009765. The first stratum consisted of non-overweight cases, here defined as \"lean\" (BMI<25 kg/m2). The second strata consisted of Disease@MESH:D009765 cases (BMI>=30 kg/m2). For each stratum we used all controls, not selected on BMI to increase statistical power and provide a more robust estimate of the population allele frequency. We did not correct for BMI as BMI was not available in all controls. To check whether or not associations were being driven primarily by effects on BMI we assessed novel variants in an existing GWA studies of BMI using 123,865 individuals from the GIANT consortium. Finally, we performed sensitivity analyses, confirming our findings by stratifying controls by BMI as well as cases", "type": "paragraph"}, {"sent": "We chose to include the largest set of studies available. These studies differed in the proportion of total cases defined as lean (8.4-30.4%), the proportion of total cases defined as Disease@MESH:D009765 (21.2-77.8%, plus one GWA study, DGDG, that only selected non-Disease@MESH:D009765 cases). Some studies were specifically designed as case control studies and some as case-cohort studies, and we note that the extent of phenotyping performed to exclude autoimmune processes was different across studies, ranging from not requiring Gene@3630 treatment in the first year of diagnosis and Gene@2571 autoantibody negative, to general practitioner diagnosis of Disease@MESH:D003924", "type": "paragraph"}, {"sent": "Descriptions of the participating studies are available in the most recent DIAGRAM manuscript, with summary statistics also presented in Table 1 and in Tables S1 and S2. The two discovery GWA study meta-analyses comprised 2112 lean type 2 Disease@MESH:D003920 cases or 4123 Disease@MESH:D003924 cases, compared against up to 54,412 controls. For a subset of SNPs available on the Metabochip (a custom Illumina iSelect SNP array that included the SNPs identified by GWA studies for several diseases and traits including type 2 Disease@MESH:D003920 loci) we included data from an additional 263 lean type 2 Disease@MESH:D003920 cases, 1735 Disease@MESH:D003924 cases, and 3691 controls from the GoDARTs study", "type": "paragraph"}, {"sent": "With the exception of the BMI-stratification of cases, the meta-analyses, individual study quality control, and analytical methods were the same as those recently reported. A genomic control inflation factor was calculated for each study for each analysis, and their test statistics were adjusted accordingly. Inverse-variance fixed effect meta-analyses were performed on imputed SNP datasets, testing for an additive genetic effect. All single point effect estimates are given with their [95% confidence intervals (CI)]. Only autosomal SNPs with imputation quality scores >0.5 and a minor allele frequency >1% were included from each study. A SNP was excluded from the meta-analysed dataset if it was present in less than half of the studies. Given the use of two strata, we used a p-value threshold of 2.5x10-8 as the criterion for genome-wide significance", "type": "paragraph"}, {"sent": "An additional 4 studies, totalling 2881 lean cases, 8702 Disease@MESH:D009765 cases, and 18957 controls were available for de novo genotyping of SNPs (Table S2). For the DGDG replication, all polymorphisms were genotyped using the KASPar system (KBiosciences). For Malmo CC, ADDITION-Ely, and Norfolk Disease@MESH:D003920 Case Control Study (NDCCS), Taqman assay genotyping was performed. For all four studies genotyping success rate was >95%, the genotyping error rate was 0% based on re-genotyping of 384 individuals, and all SNPs were in Hardy-Weinberg equilibrium (P>0.05). We re-performed the inverse-variance weighted meta-analysis for the replication SNPs using data from all the discovery and replication datasets", "type": "paragraph"}, {"sent": "To test whether or not type 2 Disease@MESH:D003920 associations could be primarily driven by effects on BMI, we assessed the association of novel SNPs with BMI using data from the GIANT consortium consisting of 123,865 individuals", "type": "paragraph"}, {"sent": "There are two possible reasons why a variant may be associated with type 2 Disease@MESH:D003920 in a stratified sample compared to using all data. First, the variant may have a genuinely larger effect in that stratum compared to the overall sample. Second, chance will influence which SNPs are most strongly associated in different subsets of data. To distinguish between these two possibilities we performed a case only analysis in which we tested whether variants associated with lean or Disease@MESH:D003924 were also associated with BMI within type 2 Disease@MESH:D003920 cases. We analysed BMI as a quantitative trait in cases from the GWA studies and meta-analysed the summary statistics. If a variant is genuinely associated with type 2 Disease@MESH:D003920 with stronger effects in the lean stratum, for example, we would expect the risk allele to be associated with lower BMI within cases. This phenomenon was previously reported for the variant in Gene@6934 ", "type": "paragraph"}, {"sent": "SNP association statistics on glyacemic traits in healthy individuals were provided by the Meta-Analyses of Glucose and Gene@3630-related traits Consortium (MAGIC). Phenotypes available were fasting Gene@3630 (N = 38,238, fasting glucose (N = 46,186), beta-cell function (HOMA-B, N = 36,466), Gene@3630 resistance (HOMA-IR, N = 37,037), HbA1C (N = 46,368) and 2 hour glucose (N = 15,234) after an oral glucose challenge. All traits are naturally log transformed, besides fasting glucose, 2 hour glucose and HbA1c. The studies and methodology for these GWA study data are described in their recent publications and available online at www.magicinvestigators.org. We also had access to data from joint meta-analyses of SNP and SNPxBMI interaction on fasting glucose (N = 58,074), Gene@3630 (N = 51,570), and 2-hr glucose (N = 15,141), also provided by MAGIC (Manning et al, in press)", "type": "paragraph"}, {"sent": "Identified SNPs were searched against a collected database of expression SNP (eQTL) results including a range of tissues", "type": "paragraph"}, {"sent": "In addition to identifying new loci, we tested the impact of BMI stratification on SNPs previously identified as associated with type 2 Disease@MESH:D003920. We calculated the individual SNP association statistics using the lean and Disease@MESH:D009765 meta-analyses described above", "type": "paragraph"}, {"sent": "To assess the effects of combining information from all known type 2 Disease@MESH:D003920 SNPs, we next used a single study, the GoDARTs study, independent from the discovery GWA studies. In GoDARTs there were a total of 263 lean type 2 Disease@MESH:D003920 cases, 1735 Disease@MESH:D003924 cases, and 3691 controls. Known SNPs (N = 36 on the metabochip) were defined as those reaching genome-wide significance in studies using samples of European descent (excluding Gene@79068 due to primary effect on BMI, and Gene@1852 not present on the chip). We also combined the 36 SNPs into a single allele count model. This analysis consisted of a logistic regression model comparing the count of an individual's type 2 Disease@MESH:D003920 risk alleles, against case-control status. Each risk allele count was weighted by the point estimate effect size of that SNP from the DIAGRAM meta-analysis. We repeated this analysis using stratified controls (BMI<25 kg/m2 versus lean cases and BMI>=30 kg/m2 versus Disease@MESH:D009765 cases) instead of all controls. Finally, individuals were binned into quintiles based on their weighted allele score and per-quintile odds ratios calculated", "type": "paragraph"}, {"sent": "Three independent association signals reached P<2.5x10-8 in the lean case genome wide meta-analysis (Table 2). Two represented previously reported loci - Gene@6934 (OR = 1.58 [1.47-1.68], P = 2x10-40) and Gene@54901 (OR = 1.26 [1.17-1.35], P = 7x10-10). One novel locus reached genome-wide significance, lead SNP positioned ~25 kb from the Gene@3118 gene (OR = 1.3 [1.19-1.42], P = 1x10-8). Three further independent signals reached P<5x10-7, two of which were previously identified (SNPs in or near Gene@111, OR = 1.25 [1.15-1.35] P = 6x10-8, and Gene@169026, OR = 1.23 [1.15-1.33] P = 4x10-8) and one of which was novel (SNPs in Gene@284217, OR = 1.22 [1.12-1.30] P = 1x10-7). Rs numbers are given in Table 2", "type": "paragraph"}, {"sent": "In the Disease@MESH:D009765 case genome wide meta-analysis, five signals reached genome-wide significance (Table 2), all in or near known loci Gene@6934, Gene@79068, Gene@54901, Gene@3087, and Gene@10644. A further three signals reached P<5x10-7; SNPs in or near the Gene@4160 gene (previously associated with BMI), and two other signals; in Gene@10363 (previously reported in South Asians -OR = 1.14 [1.09-1.19] P = 2x10-7) and in Gene@23294 (OR = 1.3 [1.18-1.43] P = 5x10-7)", "type": "paragraph"}, {"sent": "We sought to replicate the signals reaching P<5x10-7 not previously reported in Europeans. SNPs representing the Gene@284217 (Mutation@rs8090011), Gene@3118 (Mutation@rs3916765), Gene@10363 (Mutation@rs7178572), and Gene@23294 (Mutation@rs16896390) signals were genotyped in up to 2,881 lean cases, 8,702 Disease@MESH:D009765 cases and 18,957 control individuals. Combined discovery and follow-up association statistics for these SNPs are shown in Table 2. In the lean case analysis, the Gene@284217 variant was associated with type 2 Disease@MESH:D003920 (combined P = 8.4x10-9, OR = 1.13 [1.09-1.18], total lean cases N = 4,993, controls = 70,515) compared to an OR = 1.03 [1.00-1.06] in the Disease@MESH:D009765 case analysis (Figure 1 and Figure 2). In the Disease@MESH:D009765 case analysis, the Gene@10363 signal was associated with type 2 Disease@MESH:D003920 (combined P = 1.3x10-8, OR = 1.11 [1.07-1.15], total Disease@MESH:D009765 cases N = 8,583, controls = 62,063) compared to an OR = 1.09 [1.02-1.17], P = 0.015, in the lean analysis (Figure 3 and Figure 4). In previously published studies including 8,130 cases not stratified by BMI, the Gene@284217 and Gene@10363 variants reached only nominal levels of significance of P = 0.002 (OR = 1.07 [1.03-1.12]) and P = 0.003, OR = 1.07 [1.02-1.12] respectively (both in the same directions as reported here)", "type": "paragraph"}, {"sent": "Considering a random-effects model for both Gene@284217 and Gene@10363 signals gave similar evidence for association (Gene@284217 lean analysis: P = 5x10-10, Disease@MESH:D009765 analysis: P = 0.02; Gene@10363 lean analysis: P = 0.04, Disease@MESH:D009765 analysis: P = 2.7x10-8). Evidence for association at the Gene@3118 and Gene@23294 signals was reduced when follow-up data were included", "type": "paragraph"}, {"sent": "We next attempted to understand further the associations between SNPs in the Gene@284217 and Gene@10363 loci and lean and Disease@MESH:D003924 cases respectively. Our study design, together with the associations between the Gene@79068 and Gene@4160 variants in the Disease@MESH:D009765 strata, suggested that variants that primarily operate through BMI could drive our newly identified associations. We therefore assessed the two signals in the existing GWA studies of BMI performed by the GIANT study and consisting of 123,865 individuals. The Gene@284217 SNP was not associated with BMI (P = 0.19) whilst the type 2 Disease@MESH:D003920 risk allele at the Gene@10363 SNP was nominally associated with increased BMI (P = 0.02)", "type": "paragraph"}, {"sent": "If the associations at the Gene@284217 and Gene@10363 loci are genuinely stronger in one strata of Disease@MESH:D003920 cases compared to the other, we should observe an association of those variants with BMI within cases only. This phenomenon has previously been reported for the variants in Gene@6934[14]. The Gene@284217 type 2 Disease@MESH:D003920 risk allele was associated with lower BMI within cases alone (P = 2x10-6 when analysing BMI as a quantitative trait in 26,366 cases), a result consistent with its association being stronger in the lean case analysis. The Gene@10363 risk allele showed no evidence of association (P>0.05)", "type": "paragraph"}, {"sent": "Next we used data from MAGIC to assess potential roles of variants in normal Disease@None. The SNP representing the novel Gene@284217 association showed no association with fasting glucose (P = 0.48, beta(se) = 0.0027(0.004) N = 46,186), fasting Gene@3630 (P = 0.87, beta(se) = 0.0006(0.004) N = 38,238), HbA1C (P = 0.19, beta(se) = 0.005(0.004) N = 46,368), 2-hour glucose response (P = 0.43, beta(se) = -0.016(0.02), N = 15,234), or any of the SNPxBMI-interaction models. However, Gene@284217 isn't unique amongst type 2 Disease@MESH:D003920 loci in showing no effect on glycemic traits in the MAGIC study", "type": "paragraph"}, {"sent": "The Gene@10363 Disease@MESH:D003920 risk allele was associated with higher fasting glucose (P = 0.04, beta(se) = 0.008(0.004), N = 46,186), higher HbA1C (P = 0.002, beta(se) = 0.01(0.004), N = 46,368) and higher fasting glucose after accounting for BMI and SNPxBMI interaction (P = 0.008, N = 58,074)", "type": "paragraph"}, {"sent": "In an attempt to gain further insight into likely functional genes in the Gene@284217 and Gene@10363 loci, we tested the lead SNPs at for association in a number of eQTL datasets. Tissues tested included various blood, brain, liver and fat samples (see Methods). Only 'cis' associations were considered (eQTL effects on a transcript within 1 Mb of the signal SNPs). The Mutation@rs7178572 SNP in the Gene@10363 region was significantly associated with mRNA expression levels of Gene@10363 in the liver (P = 4x10-5), supported by two separate expression probes, and was the strongest known regional SNP for both the liver eQTL and type 2 Disease@MESH:D003920. No other study-wide significant results were observed (N = 14 tissues, 24 datasets/analyses)", "type": "paragraph"}, {"sent": "For each of 36 published type 2 Disease@MESH:D003920 loci (identified in European studies and available on the metabochip) we compared the effect sizes between the lean and Disease@MESH:D009765 GWA study meta-analyses (Table 3). Among the 36 independent variants, 29 had a larger point estimate odds ratio in the lean analysis compared to the Disease@MESH:D009765 analysis (binomial test of 29/36 versus 50% under the null hypothesis of no difference, P = 0.0002). We next assessed the combined effect of these SNPs in a case control study independent of the GWA studies - GoDARTs (Figure 5). In the lean stratum, we observed a weighted per-risk allele OR = 1.13 [1.10-1.17], P = 3.2x10-14. This was larger than the same model fitted in the Disease@MESH:D009765 strata where the OR = 1.06 [1.05-1.08], P = 2.2x10-16. Results were very similar when stratifying the controls as well as the cases by BMI: lean weighted per risk-allele OR = 1.13 [1.09-1.17]; Disease@MESH:D009765 weighted per risk-allele OR = 1.08 [1.05-1.10] (heterogeneity of odds ratios P = 0.036). We also observed a difference between lean and Disease@MESH:D009765 cases when removing controls and fitting a regression model of lean cases vs Disease@MESH:D009765 cases (P = 0.0001). None of these 36 variants were associated with BMI in 28,000-32,000 individuals from GIANT", "type": "paragraph"}, {"sent": "Plot shows number of type 2 Disease@MESH:D003920 risk alleles carried by the 263 lean type 2 Disease@MESH:D003920 cases, 1,735 Disease@MESH:D003924 cases and 3,691 controls from the GoDARTs study", "type": "fig_caption"}, {"sent": "We next divided the case/control samples into risk quintiles, based on the number of risk alleles they carry, weighted by the relative effect sizes of those alleles from the larger DIAGRAM meta-analysis. The risk of being in each quintile relative to the median quintile is shown in Figure 6. For the lean group, we observed an OR = 2.1 [1.47-3.01] for the quintile of individuals carrying the most risk alleles compared to the middle quintile. This effect was larger than that in the Disease@MESH:D009765 group where the equivalent OR = 1.37 [1.15-1.64]", "type": "paragraph"}, {"sent": "Individuals binned into quintiles based on risk-allele count of known SNPs, weighted by effect size of SNP. Risk estimates relative to median quintile. Total sample size across all quintiles is 263 lean type 2 Disease@MESH:D003920 cases, 1735 Disease@MESH:D003924 cases and 3691 controls from the GoDARTs study", "type": "fig_caption"}, {"sent": "We have confirmed our hypothesis that it is possible to identify genetic associations in previously tested samples by constraining the phenotypic heterogeneity of disease cases. By stratifying type 2 Disease@MESH:D003920 into two well accepted definitions of lean and Disease@MESH:D009765 cases, we identified and replicated one locus in each BMI stratum, each previously unreported in European studies: a signal in the Gene@284217 gene in the lean stratum and a signal in the Gene@10363 gene in the Disease@MESH:D009765 stratum. Lack of evidence for association with BMI for these two signals in 123,000 individuals argues that these associations are not driven by a primary association with BMI", "type": "paragraph"}, {"sent": "There are two reasons why previously undetected genetic associations may be observed in stratified data. First chance, in this context \"sampling error\", may occur - new signals may reach statistical thresholds in subsets of data due to a combination of real association and chance. Second, the signal may represent genuine heterogeneity. The enrichment of the Gene@284217 signal in lean type 2 Disease@MESH:D003920 cases compared to Disease@MESH:D009765 cases is likely to be a real effect but the enrichment of the Gene@10363 signal in Disease@MESH:D009765 cases is more likely to be due to chance. Whilst we observed some regression to the mean (or \"winner's curse\") for the Gene@284217 signal, the effects remained different in lean compared to Disease@MESH:D009765 cases in the replication samples alone (Figure 1). In addition, the Gene@284217 type 2 Disease@MESH:D003920 risk allele was associated with lower BMI within cases alone (P = 2x10-6 when testing BMI as a quantitative trait in cases) - a similar result was previously reported for the Gene@6934 risk allele. In contrast there is no evidence that the Gene@10363 signal is stronger in Disease@MESH:D009765 replication strata compared to lean replication strata (Figure 3) and there was no association with increased BMI within cases alone (P>0.05 when testing BMI as a quantitative trait in cases)", "type": "paragraph"}, {"sent": "The Gene@284217 signal falls in a recombination block within the Gene@284217 gene (Figure 2), with the lead SNP positioned within intron 61. Searching for correlated SNPs (r2>0.5) using 1000 Genomes Project data identified only additional intronic SNPs. Previous cell biology studies support a role for Gene@316758, encoding Gene@316758, in Disease@MESH:D003920 etiology - inhibition of Gene@316758 expression reduced glucose-stimulated secretion in INS1E cells. Several studies observed the beneficial effects of Gene@316758, and extracellular matrix (highly enriched with Gene@316758) preparations on pancreatic islet development and function. Gene@316758 is expressed in Disease@MESH:D007340 and a role for laminin receptor 1 was proposed in angiogenesis", "type": "paragraph"}, {"sent": "The confidence in the Gene@10363 association is enhanced by several lines of evidence from other studies. The Gene@10363 signal was previously identified in a GWA study of South Asian individuals and was nominally associated with fasting glucose (P = 0.04, N = 46,186) and HbA1C (P = 0.002, N = 46,368) in Disease@MESH:D003920 individuals analysed by the MAGIC consortium. The association with fasting glucose became stronger when adjusting for BMI in an interaction model (P = 0.008)", "type": "paragraph"}, {"sent": "We initially discovered a genome-wide significant signal near the Gene@3118 locus, which subsequently failed to replicate (Mutation@rs3916765, P = 1x10-6). This variant is not in the same gene or in linkage disequilibrium with previously reported associations between Gene@3123 loci and type 2 Disease@MESH:D003920. Concerned with the prospect of this association being due to auto-immune Disease@MESH:D003920 case admixture, we assessed the association of the strongest known type 1 Disease@MESH:D003920 signals in our lean meta-analysis. None of these showed any significant evidence of association - including the lead signals from the WTCCC type 1 Disease@MESH:D003920 study in the Gene@3123 region (Mutation@rs3129941, P = 0.08), or near the INS (Mutation@rs3842748, P = 0.64) or Gene@26191 (Mutation@rs2476601, P = 0.38) genes", "type": "paragraph"}, {"sent": "This study has provided the most robust evidence to date that lean type 2 Disease@MESH:D003920 cases are likely to carry a disproportionately high load of known type 2 Disease@MESH:D003920 risk alleles. More than 80% (29/36) of type 2 Disease@MESH:D003920 variants established in Europeans had stronger effects in lean compared to Disease@MESH:D009765 cases and the odds ratio for the 20% of lean cases carrying the most risk alleles was more than twice that of the 20% of Disease@MESH:D009765 cases carrying the most risk alleles. The corollary of these findings is that Disease@MESH:D009765 cases on average carry a disproportionately low load of confirmed type 2 Disease@MESH:D003920 risk variants, but their Disease@MESH:D003920 risk will likely be more heavily influenced by their genetic and environmental predisposition to gaining weight in adulthood", "type": "paragraph"}, {"sent": "Despite this enrichment of stronger effects in Disease@MESH:D009765 cases, analyses focused only on lean cases is not a more powerful study design compared to using all cases. For each of the known loci tested, the power gained by increased effect sizes is easily offset by the reduced power of having a case sample size of ~25%. Nevertheless our data indicate that, given limited resources, recruitment strategies that target leaner type 2 Disease@MESH:D003920 cases will have more power than those that target a similar number of cases but without enrichment for lower BMI", "type": "paragraph"}, {"sent": "There are several limitations to our study. First, the use of an unstratified control group made testing the significance of differences between lean and Disease@MESH:D009765 cases difficult in the context of a genome wide meta-analysis. However, several lines of evidence support our conclusions that lean individuals are enriched for known type 2 Disease@MESH:D003920 genetic effects. This evidence includes: the very large differences between the upper and lower 95% confidence intervals of the weighted per allele effects in lean and Disease@MESH:D009765, the consistency of the weighted per allele results when stratifying controls as well as cases, and the 80/20 proportion of SNPs showing stronger effects in lean compared to Disease@MESH:D009765 individuals respectively. Second, after stratifying by BMI, we did not use other criteria to reduce the clinical heterogeneity of Disease@MESH:D003924. Of note, cases within the BMI strata differed appreciably in their age at diagnosis and the degree to which autoimmune or monogenic Disease@MESH:D003920 had been excluded. Instead, having stratified by BMI, we opted to use the largest available sample sizes. It is possible that a small number of monogenic or Disease@MESH:D003922 amongst our cases could have reduced our power to detect novel variants. Further studies may help refine how known and novel Disease@MESH:D003920 signals operate in more clinically homogenous settings. Finally, known type 2 Disease@MESH:D003920 signals are likely to account for only a small fraction of all risk variants that exist in the genome and any inferences we make are limited to the known signals", "type": "paragraph"}, {"sent": "In conclusion, we report associations with the Gene@284217 and Gene@10363 (not previously associated at genome-wide significance in Europeans) gene regions with type 2 Disease@MESH:D003920 risk. We have demonstrated that lean Disease@MESH:D003920 cases are enriched for known type 2 Disease@MESH:D003920 risk alleles compared to Disease@MESH:D009765 cases. This enrichment is consistent with the observation that many of the variants with the strongest effects on Disease@MESH:D003920 are associated with reduced beta cell function. At the opposite end of the spectrum, Disease@MESH:D009765 cases presumably need fewer Disease@MESH:D003920 risk variants to push them towards Disease@MESH:D003920, as they are already under strain from the physiological impact of Disease@MESH:D009765 and Gene@3630 resistance. These data suggest a disease model where type 2 Disease@MESH:D003920 cases lie across a continuous distribution with regards to genetic/environmental risk, and beta-cell dysfunction versus Gene@3630 resistance aetiologies", "type": "paragraph"}]}