{"sentences": [{"sent": "Although approximately 25 common genetic susceptibility loci have been identified to be independently associated with Disease@MESH:D001943 risk through genome-wide association studies (GWAS), the genetic risk variants reported to date only explain a small fraction of the heritability of Disease@MESH:D001943. Furthermore, GWAS-identified loci were primarily identified in women of European descent", "type": "abstract"}, {"sent": "To evaluate previously identified loci in Korean women and to identify additional novel Disease@MESH:D001943 susceptibility variants, we conducted a three-stage GWAS that included 6,322 cases and 5,897 controls", "type": "abstract"}, {"sent": "In the validation study using Stage I of the 2,273 cases and 2,052 controls, seven GWAS-identified loci [5q11.2/Gene@4214 (Mutation@rs889312 and Mutation@rs16886165), 5p15.2/Gene@83853 (Mutation@rs1092913), 5q12/Gene@10884 (Mutation@rs7716600), 6q25.1/Gene@2099 (Mutation@rs2046210 and Mutation@rs3734802), 8q24.21 (Mutation@rs1562430), 10q26.13/Gene@2263 (Mutation@rs10736303), and 16q12.1/Gene@27324 (Mutation@rs4784227 and Mutation@rs3803662)] were significantly associated with Disease@MESH:D001943 risk in Korean women (Ptrend < 0.05). To identify additional genetic risk variants, we selected the most promising 17 SNPs in Stage I and replicated these SNPs in 2,052 cases and 2,169 controls (Stage II). Four SNPs were further evaluated in 1,997 cases and 1,676 controls (Stage III). SNP Mutation@rs13393577 at chromosome 2q34, located in the Gene@2066 (Gene@2066) gene, showed a consistent association with Disease@MESH:D001943 risk with combined odds ratios (95% CI) of 1.53 (1.37-1.70) (combined P for trend = 8.8 x 10-14)", "type": "abstract"}, {"sent": "This study shows that seven Disease@MESH:D001943 susceptibility loci, which were previously identified in European and/or Chinese populations, could be directly replicated in Korean women. Furthermore, this study provides strong evidence implicating Mutation@rs13393577 at 2q34 as a new risk variant for Disease@MESH:D001943", "type": "abstract"}, {"sent": "Disease@MESH:D001943, one of the most common Disease@MESH:D009369 among women worldwide, is a complex Disease@MESH:D004194 in which genetic factors play a significant role in the disease etiology. So far, genome-wide association studies (GWASs) have reported over 40 common low-penetrance variants in 25 loci that are associated with the Disease@MESH:D001943 risk reported in the National Human Genome Research Institute catalog. The most strongly and consistently associated single-nucleotide polymorphisms (SNPs) reside in intron 2 of the receptor tyrosine kinase Gene@2263 (Mutation@rs2981582) at 10q26.13 and near the 5' end of the Gene@27324 gene at 16q12.1 (Mutation@rs3803662). With the exception of three studies conducted among Asian women, all other previously published GWASs have been conducted primarily in women of European descent. Several studies, including our study, have investigated previously identified loci in European populations in other ethnic groups and validated the initial findings. However, newly discovered loci initially identified in women of European descent tend to be weakly associated with Disease@MESH:D001943 in women of Asian descent or could not be confirmed in Asians because of the difference in linkage disequilibrium (LD) patterns between ethnic populations, suggesting that additional genetic variants for Asian women remain to be discovered", "type": "paragraph"}, {"sent": "In this study, we conducted a three-stage GWAS to identify common Disease@MESH:D001943 susceptibility loci and to validate the previously reported loci by using Affymetrix Genome-Wide Human SNP Array 6.0 (Affymetrix, Inc., Santa Clara, CA, USA) with 2,273 patients with Disease@MESH:D001943 from the Seoul Disease@MESH:D001943 Study (SeBCS) and 2,052 healthy controls from a large urban cohort, the Korea Genome Epidemiology Study (KoGES), as stage I. By analyzing data from two replication stages that consisted of 4,049 cases and 3,845 controls, we found strong evidence for a new genetic variant that may be associated with Disease@MESH:D001943 risk among Asian women", "type": "paragraph"}, {"sent": "A genome-wide association scan (stage I) was conducted with 2,385 patients with Disease@MESH:D001943 from the SeBCS and 2,392 healthy controls from a large urban cohort that is participating in the KoGES (Supplementary methods in Additional file 1). For stage II, 2,052 cases were selected among the patients who were the participants in SeBCS but not included in stage I and 2,169 controls from another cohort recruited from two small cities with both urban and rural areas as part of KoGES. For stage III, 1,997 cases were selected from two independent Disease@MESH:D001943 studies - the Korean Hereditary Disease@MESH:D001943 (KOHBRA) study (n = 1,289) and the Disease@MESH:D001943 Study (n = 708) - and 1,676 controls were selected from health examinees from rural populations to study the risk factors for chronic diseases. Detailed descriptions of these participants are provided in Supplementary methods in Additional file 1, and descriptive statistics of the study subjects are shown in Table S2 of Additional file 2. The study protocols were approved by the institutional review boards of Seoul National University Hospital (institutional review board # H-0503-144-004) and each collaborating institute (Description of study participants in Additional file 1). Informed consent was obtained from all participants", "type": "paragraph"}, {"sent": "A GWAS (stage I) was performed by a single platform by using the Affymetrix Genome-Wide Human SNP Array 6.0 chip (Affymetrix, Inc.). In total, 4,777 samples were genotyped by using 500 ng of genomic DNA from peripheral blood. The Birdseed V2 algorithm was used to call the genotypes", "type": "paragraph"}, {"sent": "In total, 30 quality control (QC) samples were genotyped by using Affymetrix SNP Array 6.0. The average concordance rate between the QC samples was 99.8%. For internal validation of the Affymetrix SNP Array 6.0 platform, 12 SNPs were genotyped for all subjects by SNPstream UHT (12-plex, SNP-IT assay, Orchid Biosciences, Princeton, NJ). Samples of subjects that had a genotype call rate of below 95%, a high heterozygosity rate, or an incorrectly imputed gender were excluded. Calculated genome-wide average identity by state (IBS) between each pair of individuals was used to identify individuals who appeared to be in relationships with first-degree relatives or in relationships with more distant relatives whose clusters were tightly linked to the first-degree relatives. Pairwise IBS between individuals was calculated by using a subset of pruned markers (74,965 SNPs) that are in approximate linkage equilibrium. IBS analysis was performed by using the PLINK software package. Multidimensional scaling analyses based on pairwise IBS showed that, apart from some outliers, all subjects clustered closely with HapMap Asians (Figure S2 of Additional file 3). Subjects with a Disease@MESH:D009369 history and patients with diagnosed Disease@MESH:D001943 were subsequently excluded. Finally, 4,325 individuals remained in the association analyses (Table S1 of Additional file 2)", "type": "paragraph"}, {"sent": "To ensure quality data for SNPs, SNPs were excluded if they met any of the following QC criteria: (a) deviation from the Hardy-Weinberg equilibrium P value of less than 10-6, (b) a genotype call rate of less than 95%, (c) a minor allele frequency (MAF) of less than 1%, (d) a poor cluster plot, (e) filtering out differential missingness between cases and controls (Gene@4820), and (f) multiple positioning or mitochondrial SNPs or both. In total, 555,525 Affymetrix SNP Array 6.0 SNPs were used for the final association analyses (Table S1 of Additional file 2)", "type": "paragraph"}, {"sent": "Genotyping for stages II and III was performed by using the 5' exonucleaseassay (TaqMan) employing the ABI Prism 7900HT Sequence Detection System (Applied Biosystems, Foster City, CA) in accordance with the instructions of the manufacturer. Primers and probes were supplied directly by Applied Biosystems (Foster City, CA, USA) as Assays-By-Design. For QC, about 2.2% of the samples were genotyped repeatedly. Only those SNPs that satisfied a concordance rate of greater than 99% in duplicates and a genotype success rate of greater than 99% were included in the subsequent replication phases", "type": "paragraph"}, {"sent": "We selected the SNPs if they were implicated in previous GWASs and reported from the National Human Genome Research Institute catalog. We included SNPs only if they had an assigned reference allele, a defined MAF, and an estimated odds ratio (OR) or a beta-coefficient and a 95% confidence interval (CI). For the SNPs that were not genotyped by using Affymetrix SNP Array 6.0 or successfully imputed (imputation QC r2 was less than 0.3), we selected the best tagging SNPs on the basis of the LD metrics (r2 and D'). Thus, we selected Mutation@rs10736303 for the SNPs at 10q21.13 (Mutation@rs1219648, Mutation@rs2981572, Mutation@rs2981585, and Mutation@rs2981579) and Mutation@rs10483813 for 14q24.1/Gene@5890 Mutation@rs999737. We did not include the SNP Mutation@rs614367 at 11q13.3/Gene@26579, Gene@595, Gene@220064, Gene@9965, Gene@2249, Gene@2248 since the MAF of Mutation@rs614367 is very low in this study (MAF = 0.002)", "type": "paragraph"}, {"sent": "After stage I, SNPs for replication were selected on the basis of the following criteria among the 555,525 SNPs that were directly genotyped and that had passed the QC procedure: SNPs (a) with an MAF of more than 5% for either cases or controls, (b) with very clear genotyping clusters, (c) with a Ptrend of per-allele OR of not more than 5 x 10-4, and (d) not in strong LD (r2 < 0.5) with any of the GWAS-identified risk variants. Additionally, to select the SNPs resided in SNP cluster we selected the loci within which at least two SNPs had a Ptrend of per-allele OR of not more than 5 x 10-3. When multiple SNPs showed LD within 100 kb (r2 > 0.2), the SNP with the lowest Ptrend was selected for replication", "type": "paragraph"}, {"sent": "To infer the genotype of SNPs that were not observed in the Affymetrix Genome-Wide Human SNP Array 6.0 used in the present study, SNP imputation was carried out by using the hidden Markov model as implemented in MACH 1.0. Imputation was based on 555,525 autosomal SNPs that were genotyped in stage I and that had passed the QC procedure, and the phased CHB + JPT data from HapMap Phase II (release 22) were used as the reference panel, which consisted of over 2.4 million SNPs. In total, 2,210,823 SNPs showed an imputation quality score (r2) of at least 0.30. The average r2 of SNPs not found on the array but included in the validation study (15 SNPs in Table 1) is 0.97", "type": "paragraph"}, {"sent": "Association of previously identified loci with Disease@MESH:D001943 risk in 2,257 cases and 2,052 controls in the Seoul Disease@MESH:D001943 Stud", "type": "table_caption"}, {"sent": "The LD metrics (r2 and D') between SNPs were calculated by using Haploview version 4.2 software (Whitehead Institute, Cambridge, MA, USA) based on release 27, NCBI Build 36. Regional plots were drawn by using LocusZoom standalone version 1.1 based on HapMap Phase II JPT+CHB for all SNPs in Figure S3 of Additional file 3 except for Mutation@rs10736303, which was based on 1000 Genome August 2009 JTP+CHB", "type": "paragraph"}, {"sent": "Association on Disease@MESH:D001943 risk was estimated by ORs and 95% CIs while assuming an additive model by logistic regression analysis adjusted for age. GWAS stage (stage 1) analyses were conducted primarily by using PLINK program version 1.06 for directly genotyped SNPs, and the MACH2dat program was used for imputed SNPs. For the comparison of the observed and expected distribution of test statistics, quantile-quantile analysis of 2-degrees-of-freedom logistic regression statistics was applied. The genomic inflation factor lamda (lambda) was calculated as 1.043, suggesting that the population substructure, if any, should not have a substantial effect on result (Figure S1 of Additional file 3)", "type": "paragraph"}, {"sent": "To control the risk of false discoveries, the multiple-comparison-adjusted P values for stage II, stage III, and combined analysis were calculated by the Benjamini-Hochberg false discovery rate method. Cochran's Q statistic to test for heterogeneity and the I2 statistic to quantify the proportion of the total variation due to heterogeneity across all stages were calculated. Combined statistics were estimated from meta-analysis while assuming a fixed-effects model since there was no evidence of heterogeneity. To assess the relationship according to Gene@2099 (Gene@2099) or Gene@5241 (Gene@5241) status or both, ORs and 95% CIs were estimated after stratification by hormone receptor status. Case-only P value was used to test for heterogeneity and was estimated by using a polytomous logistic regression model with receptor status as the outcome variables", "type": "paragraph"}, {"sent": "The statistical power of detecting the ORs reported in previous GWASs was calculated by using Quanto version 1.2.4. All other analyses other than GWAS stage were done by using SAS version 9.2 (SAS Institute Inc., Cary, NC, USA) and STATA version 11.2 (StataCorp LP, College Station, TX, USA)", "type": "paragraph"}, {"sent": "We found that multiple genomic locations were potentially associated with the risk of Disease@MESH:D001943 (Figure 1). Table 1 presents the test of associations between the previously reported loci and Disease@MESH:D001943 risk in 2,257 cases and 2,052 controls. Among the 27 SNPs reported in published GWASs, 10 SNPs located in seven loci showed significant associations with Disease@MESH:D001943 risk (Ptrend < 0.05). Plots of regional LD and strength of association by chromosomal position for these seven loci of interest are shown in Figure S3 of Additional file 3", "type": "paragraph"}, {"sent": "Manhattan plot for 555,525 genotyped single-nucleotide polymorphisms in 2,273 cases and 2,052 controls", "type": "fig_caption"}, {"sent": "The strongest and most significant association was observed in 6q25.1/Gene@2099 Mutation@rs2046210 (OR = 1.29; 95% CI = 1.18 to 1.41; Ptrend = 5.84 x 10-8) followed by 16q12.1/Gene@27324 Mutation@rs4784227 (OR = 1.27; 95% CI = 1.15 to 1.40; Ptrend = 1.51 x 10-6), and these values are slightly similar to the magnitude and direction of previous reports. The SNPs 6q25.1/Gene@2099 Mutation@rs3734802 and 16q12.1/Gene@27324 Mutation@rs3803662, which had a moderate LD with Mutation@rs2046210 (r2 = 0.317 in CHB+JPT) and Mutation@rs4784227 (r2 = 0.139 in CHB+JPT), respectively, were also significantly associated with Disease@MESH:D001943 risk (OR = 1.20; 95% CI = 1.09 to 1.33; Ptrend = 1.8 x 10-4 and OR = 1.24; 95% CI = 1.14 to 1.36; Ptrend = 2.41 x 10-6, respectively). Although allele frequencies of 5q11.2/Gene@4214 Mutation@rs889312 (like 16q12.1/Gene@27324 Mutation@rs3803662) were substantially different between Europeans and Koreans, the Mutation@rs889312 C allele was also significantly associated with increased risk of Disease@MESH:D001943 (OR = 1.16; 95% CI = 1.06 to 1.27; Ptrend = 8.49 x 10-4). The 10q26.13/Gene@2263 Mutation@rs10736303 (proxy of Mutation@rs2981579), 5p15.2/Gene@83853 Mutation@rs1092913, 5q12/Gene@10884 Mutation@rs7716600, and 8q24.21 Mutation@rs1562430 were also confirmed to be associated with Disease@MESH:D001943 risk, although the magnitude of the last three SNPs was smaller than that of previous reports. However, 14q24.1/Gene@5890 Mutation@rs10483813 (proxy of Mutation@rs999737) showed no significant association with an OR of 1.21. Additionally, none of the remaining 17 SNPs was replicated in our study (P > 0.05), and the effect sizes were estimated to be less than 1.10, which is lower than that of the estimated ones in women of European descent", "type": "paragraph"}, {"sent": "We further assessed these associations according to Gene@2099 and Gene@5241 status (Table S3 of Additional file 2). The 5q12/Gene@10884 Mutation@rs7716600 and Mutation@rs4415084 exhibited a stronger association with Gene@2099+ than with Gene@2099- Disease@MESH:D009369 (Pheterogeneity = 0.02 and Pheterogeneity = 0.05, respectively). Although no overall associations were found for 2q35 Mutation@rs13387042 and 10p15.1/Gene@54522, Gene@84893 Mutation@rs2380205, stratified analysis revealed a statistically significant association with Gene@2099+ (Ptrend = 0.03 and Ptrend = 0.04) or Gene@5241+ (Ptrend = 0.05 and Ptrend = 0.05) Disease@MESH:D009369 but not with Gene@2099- or Gene@5241- Disease@MESH:D009369. The test for heterogeneity was significant only for 10p15.1/Gene@54522, Gene@84893 Mutation@rs2380205 (Pheterogeneity Gene@2099+ vs. Gene@2099- = 0.030 and Pheterogeneity Gene@5241+ vs. Gene@5241- = 0.040). Additionally, two SNPs at 6q25.1/Gene@2099 (Mutation@rs2046210 and Mutation@rs3784805) exhibited a stronger association with Gene@2099- than with Gene@2099+ Disease@MESH:D009369, although the differences were not statistically significant. There were no differences in associations by Gene@2099 or Gene@5241 status for the remaining SNPs", "type": "paragraph"}, {"sent": "To search for additional independent genetic risk variants in Korean women, we selected the most suggestive 17 SNPs from stage I and genotyped in an independent set of 2,052 cases and 2,169 controls (stage II). Among the 17 SNPs evaluated in stage II, only one SNP, Mutation@rs13393577 at 2q34, was significantly associated with Disease@MESH:D001943 risk. The estimated ORs for Mutation@rs13393577 were as follows: ORheterozygote = 1.39 (95% CI = 1.16 to 1.67; P = 2.05 x 10-5), ORhomozygote = 5.57 (95% CI = 2.26 to 13.7; P = 4.10 x 10-3), and ORper-allele = 1.51 (95% CI = 1.29 to 1.78; Ptrend = 1.1 x 10-5). SNP Mutation@rs13393577 and three more SNPs (3q26.32 Mutation@rs3806685, 6q25.1 Mutation@rs9498283, and 17q24.3 Mutation@rs11077488) showing marginally significant associations in stage II (Ptrend < 0.10) were further evaluated in stage III, which included 1,997 cases and 1,676 controls. Again, Mutation@rs13393577 showed a significant association with Disease@MESH:D001943 risk (Table 2). The Ptrend reached 8.8 x 10-14 in the combined analysis (Figure 2). The SNP Mutation@rs3806685 at 3q26.32 was also associated with Disease@MESH:D001943 risk with an ORper-allele of 1.18 (95% CI = 1.04 to 1.34; Ptrend = 1.8 x 10-2) in stage III; however, the combined OR was not significant (Ptrend = 5.9 x 10-1). The other two SNPs showed no significant association in stage III or in the combined analysis (P > 0.05). The test for heterogeneity suggested no difference in the genetic effects across Gene@2099 or Gene@5241 status for Mutation@rs13393577 (data not shown). To capture additional signals for Mutation@rs13393577, we investigated the SNPs nearby Mutation@rs13393577 (Figure 3). Among the directly genotyped SNPs, two SNPs are in strong LD (r2 > 0.8) with Mutation@rs13393577, and the smallest P values were 1.2 x 10-3 for Mutation@rs6756468 (r2 = 1.00) and 2.6 x 10-2 for Mutation@rs16848753 (r2 = 0.81). SNP Mutation@rs6756468 is in tight LD with Mutation@rs13393577 located in the LD block containing the Gene@100313771 gene. Several imputed SNPs in high LD with Mutation@rs13393577 were nominally associated with Disease@MESH:D001943 risk (P < 0.05) (Table S5 of Additional file 2)", "type": "paragraph"}, {"sent": "Results of four single-nucleotide polymorphisms and Disease@MESH:D001943 risk identified in genome-wide association studies (stage I) and replication stages (stages II and III", "type": "table_caption"}, {"sent": "Forest plot. Result of pooled analysis of Mutation@rs13393577 on the basis of estimated per-allele odds ratio from each stage. CI, confidence interval; ES, effect size", "type": "fig_caption"}, {"sent": "Regional association plot of the 2q34 (Mutation@rs13393577) locus. The results of association signals (-log P) are shown for directly genotyped (diamonds) and imputed (triangle) single-nucleotide polymorphisms (SNPs) distributed in a genomic region 500 kb to either side of Mutation@rs1339577. Red reflects the linkage disequilibrium (r2) with the top SNP, and increasing red hue is associated with increasing r2. The blue bars show the recombination rate based on HapMap phase II release 22 JPT and CHB populations. The bottom panels illustrate the locations of known genes. The genomic position is based on the UCSC (University of California at Santa Cruz) Genome Browser assembly, March 2010. CHB, Han Chinese from Beijing; JPT, Japanese from Tokyo", "type": "fig_caption"}, {"sent": "In the present study, we conducted a three-stage GWAS in Korean women (6,322 cases and 5,897 controls). We not only confirmed previously identified loci in Europeans or Chinese populations or both but also found Mutation@rs13393577 at 2q34/Gene@2066 as a new Disease@MESH:D001943 susceptibility variant in Korean women", "type": "paragraph"}, {"sent": "In the validation study, we evaluated whether 27 SNPs in the 20 GWAS-identified loci were also relevant in our population using stage I and identified that 10 SNPs at seven loci were significantly associated with Disease@MESH:D001943 risk. As anticipated, the strongest and the most significant results were observed in Mutation@rs2046210 at 6q25.1/Gene@2099 and Mutation@rs4784227 at 16q12.1/Gene@27324, and these results are slightly similar to those of the magnitude and direction of previous reports conducted in a Chinese population. For the SNPs Mutation@rs2048671 at 7q32.3/NR and Mutation@rs10822013 at 10q21.2/Gene@22891, which were also identified in Asians, we recently reported significant associations with Disease@MESH:D001943 risk through multi-stage GWAS with a cumulative sample size up to over 34,000 East Asian subjects (OR per-allele = 1.10; 95% CI = 1.07 to 1.14; Ptrend = 5.87 x 10-9 and OR = 1.08; 95% CI = 1.04 to 1.11; Ptrend = 6.21 x 10-6). However, the associations of these SNPs were not significant in this study, possibly because of its limited power", "type": "paragraph"}, {"sent": "Among the remaining 23 SNPs that were initially identified in Europeans, eight SNPs - Mutation@rs10736303 (10q26.13/Gene@2263, proxy of Mutation@rs2981579), Mutation@rs3803662 (16q12.1/Gene@27324), Mutation@rs7716600 (5p12/Gene@10884), Mutation@rs16886165 and Mutation@rs889312 (5q11.2/Gene@4214), Mutation@rs3734805 (6q25.1/Gene@2099), and Mutation@rs1562430 (8q24.21) - showed significant associations in the same direction except for Mutation@rs1092913 (5p15.2/Gene@83853) with the G allele as the risk allele. The effect sizes of the confirmed variants were similar to or smaller than those of the initially identified ones. This phenomenon has been frequently observed in validation studies using ethnic populations different from the population used for the initial findings", "type": "paragraph"}, {"sent": "In addition, we could not evaluate the SNPs (Mutation@rs1219648, Mutation@rs2981572, Mutation@rs2981585, and Mutation@rs2981579) previously identified within intron 2 of Gene@2263 at 10q21.13, because they were not genotyped or successfully imputed (imputation QC r2 < 0.3). Thus, we selected Mutation@rs10736303 as the best tagging SNP capturing 10q26.13/Gene@2263 since it is in high LD with the reported SNPs with pairwise r2 values of 0.67 for Mutation@rs2981579 (r2 = 0.48 in CHB+JTP; r2 = 0.74 in CEU), 0.57 for Mutation@rs2981575 (r2 = 0.36 in CHB+JPT; r2 = 0.72 in CEU), and 0.53 for Mutation@rs1219648 (r2 = 0.29 in CHB+JPT; r2 = 0.72 in CEU) on the basis of our data. Furthermore, the Mutation@rs10736393 is located at intron 2 of Gene@2263 within the sequences conserved across all placental mammals and suggested to be a functional variant to regulate FGFR expression by generating a putative ER-binding site. In the present study, the Mutation@rs10736393 G allele was significantly associated with increased Disease@MESH:D001943 risk with an effect size of Mutation@rs2981579 that was the same as in a previous report. However, the recently added SNP, Mutation@rs10510102, located in the 300-kb telomeric region of intron 2 of Gene@2263 but not with a genome-wide significance level (P = 1.6 x 10-6), was not replicated in the present study", "type": "paragraph"}, {"sent": "Subgroup analysis revealed that some of the validated associations differed by Gene@2099 or Gene@5241 status. Recent studies showed stronger associations with Gene@2099+ than with Gene@2099- Disease@MESH:D009369 for several loci - Mutation@rs13387042(2q35), Mutation@rs4973768 (3p24), Mutation@rs889312 (5q11.2/Gene@4214), Mutation@rs7716600 (5q12/MRP30), Mutation@rs13281615 (8q24), Mutation@rs1219648 and Mutation@rs2981582 (10q26.13/Gene@2263), and Mutation@rs3803662 (16q12) - and with Gene@5241+ than with Gene@5241- Disease@MESH:D009369 for Mutation@rs2981582 (10q26.13/Gene@2263). Among these loci, Mutation@rs13387042 (2q35), Mutation@rs7716600, and Mutation@rs4415084 (5q12/MRP30) showed significantly different associations by Gene@2099 status, and Mutation@rs4973768 (3p24) also showed a stronger association with Gene@2099+ Disease@MESH:D009369, although the test for heterogeneity was not significant. The association of Mutation@rs2380205 (10p15.1/Gene@54522, Gene@84893) with Disease@MESH:D001943 risk was also stronger for Gene@2099+ or Gene@5241+ Disease@MESH:D009369 than with negative Disease@MESH:D009369, and this heterogeneity in association remains to be evaluated in other populations", "type": "paragraph"}, {"sent": "The stronger association of Mutation@rs2046210 at 6q25.1/Gene@2099 with Gene@2099- than with Gene@2099+ Disease@MESH:D009369 has been well documented. In the present study, we could also observe this heterogeneity for Mutation@rs2046210 and its nearby SNP Mutation@rs3784805, although the differences were not statistically significant. Direct replication in some of the loci showing significant differences in associations according to Gene@2099 or Gene@5241 status provides further support for the hypothesis that intrinsic subtypes of Disease@MESH:D001943 should have different etiologic pathways; thus, the polygenic component of these subtypes of Disease@MESH:D001943 should be different", "type": "paragraph"}, {"sent": "There are several potential reasons for the failure of validation for previously identified loci in women of European descent. First, several risk variants could escape detection because of the limited statistical power caused by either low allele frequency or a very small effect size of the initial findings. There are several SNPs of which the allele frequencies in Koreans are substantially lower than in Europeans: SNP Mutation@rs11249433 at 1p11.2/Gene@4853, Gene@2210 (4% versus 39%), Mutation@rs1011970 at 9p21.3/Gene@1029, Gene@1030 (7% versus 17%), Mutation@rs865686 at 9q31.2/Gene@9314, Gene@5887, Gene@10881 (7% versus 24%), Mutation@rs10995190 at 10q21.2/Gene@22891 (2% versus 15%), and Mutation@rs10483813, proxy of Mutation@rs999737, at 14q24.1/RAD51L (3% versus 24%). Thus, we have only 8% to 30% of the statistical power to detect the reported effect sizes of 1.06 to 1.16 for these SNPs with the current sample size. We could not exclude the possibility that the effect size of the original reports could be represented as exaggerated ORs caused by 'winner's curse'. Second, a difference in underlying genomic structure between ethnicities could produce the bias to cover SNPs tagging the causal variants, although the reported SNPs could work effectively in women of European descent. Another possibility is that some of the variants evaluated may not be strongly associated with Disease@MESH:D001943 risk in Asian women such as shown in the null association of Mutation@rs2180341 (6q22.33). For Mutation@rs3180341, we had a statistical power of 80% to detect an OR as small as 1.15; furthermore, the lack of an association has been shown in a study conducted in a Chinese population. Moreover, the risk profiles of genetic variants could be manifested differently in different ethnic populations, assuming that the relative contribution of the risk variants to Disease@MESH:D001943 varies between different populations. Finally, the interactions of environmental exposures, lifestyle, or other effect modifiers and even the difference in Disease@MESH:D001943 prevalence could have an effect on the penetrance of these alleles", "type": "paragraph"}, {"sent": "The Gene@2066, harboring Mutation@rs13393577 in the first intron at 2q34, is a member of the epidermal growth factor (Gene@1950/Gene@1956) family of receptor tyrosine kinases, which are key activators of signaling pathways involved in cell division, migration, adhesion, differentiation, and apoptosis. It is reported that Gene@2066 is frequently overexpressed in Disease@MESH:D001943, and the expression of transcripts encoding the cleavable Gene@2066 isoforms was associated with Gene@2099 expression and a high histological grade of differentiation. Rokavec and colleagues identified the presence of five germ-line variants in the Gene@2066 5'-untranslated region and reported that one of these variants (Gene@2066 Mutation@rs62626348) was associated with Disease@MESH:D001943 risk from the different promoter activity according to the different allele. However, Mutation@rs13393577 is not in LD with Gene@2066 Mutation@rs62626348; thus, the potential influence of Mutation@rs13393577 is unlikely to be mediated through this previously reported variant", "type": "paragraph"}, {"sent": "We conducted an in silico functional analysis to assess the potential biological function of Mutation@rs13393577. The Mutation@rs13393577 C allele had no predicted binding site, whereas several transcription factors were predicted to bind the Mutation@rs13393577 T allele implementing six high-scoring binding sites (maximum score = 92.7 points; minimum score = 85.9 points). In agreement with this, FASTSNP scored Mutation@rs13393577 as 1-2 (intronic enhancer). Additionally, Murabito and colleagues have shown that three SNPs in Gene@2066 (Mutation@rs905883, Mutation@rs7564590, and rs7558615) were associated with Disease@MESH:D001943 risk in a family-based GWAS that included 58 Disease@MESH:D001943 cases, although no association was attained with genome-wide significance level. Among these variants, Mutation@rs7564590 is in moderate LD with Mutation@rs13393577 (r2 = 0.44 in CHB+JPT and r2 = 0.25 in CEU) whereas the other two SNPs (Mutation@rs905883 and Mutation@rs755861515) are in very weak LD with Mutation@rs13393577 (all r2 < 0.02 in CHB+JPT and CEU). Thus, if both Mutation@rs13393577 and Mutation@rs7564590 are not themselves functional, they might be in high LD with the true causal variants. Additionally, we could not exclude the possibility that the strong association shown in Mutation@rs13393577 is related to the function of the Gene@100313771 gene harboring SNP Mutation@rs6956468, which is in tight LD with Mutation@rs13393577", "type": "paragraph"}, {"sent": "In summary, we have confirmed 10 SNPs in seven loci of Disease@MESH:D001943 risk which were initially identified in European or Chinese populations or both and provided additional evidence confirming the heterogeneity in the risk of different Disease@MESH:D009369 subtypes for common Disease@MESH:D001943 susceptibility variants. Moreover, we identified Mutation@rs13393577 in Gene@2066 located at 2q34 as a new Disease@MESH:D001943 susceptibility variant. Future studies, including fine mapping, functional assay, and a replication study with large sample sizes from diverse ethnic populations, are needed to validate our results", "type": "paragraph"}, {"sent": "CEU: CEPH Utah residents with ancestry from Northern and Western Europe; CHB+JPT: Han Chinese from Beijing + Japanese from Tokyo; CI: confidence interval; Gene@2099: Gene@2099; Gene@2066: Gene@2066; GWAS: genome-wide association study; IBS: identity by state; KoGES: Korea Genome Epidemiology Study; LD: linkage disequilibrium; MAF: minor allele frequency; OR: odds ratio; Gene@5241: Gene@5241; QC: quality control; SeBCS: Seoul Disease@MESH:D001943 Study; SNP: single-nucleotide polymorphism", "type": "paragraph"}, {"sent": "DK helped to conceive and design the experiments and to write the paper. B-GH helped to conceive and design the experiments. JHO, D-JK, MP, E-hK, and W-YP helped to perform the experiments. H-cK and J-YC helped to write the paper. Ji-YL and HS helped to write the paper, to manage the genotyping data, and to perform statistical analyses. Jong-YL coordinated the genetic study. YJK helped to manage the genotyping data and to perform statistical analyses. MJG helped to manage the genotyping data. J-YC and SKP helped to perform statistical analyses and to direct the studies that contributed data or biological collection of original studies. K-ML, YSC, HM, HMK, JP, D-YN, S-HA, K-YY, LL, MHL, S-WK, JWL, B-WP, WH, MKK, S-AL, KM, C-YS, P-EW, C-NH, J-WK, J-PL, S-YJ, and H-LK helped to direct the studies that contributed data or biological collection of original studies. All authors read and approved the final manuscript", "type": "paragraph"}, {"sent": "We thank all participants and investigators of the SeBCS, the Korean Disease@MESH:D001943 (KOHBRA) study, and the KoGES. This work was supported by a grant from the Ministry for Health, Welfare and Family Affairs, Republic of Korea (#2011-N73007-00) and by a grant from the BRL (Basic Research Laboratory) program through the National Research Foundation of Korea funded by the Ministry of Education, Science and Technology (#2012-0000347). The KOHBRA study was supported by a grant from the National R&D Program for Disease@MESH:D009369 Control, Ministry for Health, Welfare and Family Affairs, Republic of Korea (#1020350)", "type": "paragraph"}]}