{"sentences": [{"sent": "Survival of patients with Disease@MESH:D010190 is limited and few prognostic factors are known. We conducted a two-stage genome-wide association study (GWAS) to identify germline variants associated with survival in patients with Disease@MESH:D010190", "type": "abstract"}, {"sent": "We analyzed overall survival in relation to single nucleotide polymorphisms (SNPs) among 1,005 patients from two large GWAS datasets, PanScan I and ChinaPC. Gene@1351 proportional hazards regression was used in an additive genetic model with adjustment for age, sex, clinical stage and the top four principal components of population stratification. The first stage included 642 cases of European ancestry (PanScan), from which the top SNPs (P<=10-5) were advanced to a joint analysis with 363 additional patients from China (ChinaPC)", "type": "abstract"}, {"sent": "In the first stage of cases of European descent, the top-ranked loci were at chromosomes 11p15.4, 18p11.21, and 1p36.13, tagged by Mutation@rs12362504 (P=1.63x10-7), Mutation@rs981621 (P=1.65x10-7), and Mutation@rs16861827 (P=3.75x10-7), respectively. One-hundred thirty-one SNPs with P <= 10-5 were advanced to a joint analysis with cases from the ChinaPC study. In the joint analysis, the top-ranked SNP was Mutation@rs10500715 (minor allele frequency, 0.37; P=1.72x10-7) on chromosome 11p15.4, which is intronic to the Gene@81846 (Gene@81846) gene. The hazard ratio (95% CI) for Disease@MESH:D003643 was 0.74 (0.66-0.84) in PanScan I, 0.79 (0.65-0.97) in ChinaPC, and 0.76 (0.68-0.84) in the joint analysis", "type": "abstract"}, {"sent": "Germline genetic variation in the Gene@81846 locus was associated with overall survival in patients with Disease@MESH:D010190 of European and Asian ancestry. This association should be investigated in additional large patient cohorts", "type": "abstract"}, {"sent": "Disease@MESH:D010190 is a major cause of Disease@MESH:D009369-related Disease@MESH:D003643 across the globe, and five-year overall survival is approximately five percent. Nevertheless, patient survival times are variable and only partially explained by traditional clinical and pathologic features. Accumulating evidence indicates that germline genetic variability can provide important prognostic information for patients with Disease@MESH:D009369. One mechanism by which germline genetic variability may impact patient survival is through modification of Disease@MESH:D009369-host interactions. A defining feature of Disease@MESH:D010190 is the recruitment of host cells, including fibroblasts, immune cells, and endothelial cells, which surround the Disease@MESH:D009369 in a dense stromal matrix. This host-derived Disease@MESH:D018220 actively engages with Disease@MESH:D009369 cells and plays a critical role in promoting Disease@MESH:D009369 development and progression. Notably, laboratory studies suggest that treatments which modify the interaction of Disease@MESH:D010190 cells with its surrounding stroma can impact survival in genetically engineered mouse models of Disease@MESH:D010190", "type": "paragraph"}, {"sent": "Prior studies of germline variants and Disease@MESH:D010190 survival have primarily focused on the evaluation of candidate genes in pathways of suspected importance. However, this approach relies upon our relatively incomplete understanding of Disease@MESH:D009369 and host biology. In contrast, genome-wide approaches are available that allow a more comprehensive evaluation of germline genetic variants that is not reliant upon a priori hypotheses. Recently, genome-wide association studies (GWAS) have identified several genetic variants associated with the development of Disease@MESH:D010190 in European and Chinese populations. In a two-stage genome-wide study of survival, we used these data to evaluate the association of germline variants with overall survival in over 1,000 cases of Disease@MESH:D010190", "type": "paragraph"}, {"sent": "The Disease@MESH:D010190 Cohort Consortium (PanScan) genome wide association study (GWAS) has been described previously, in detail. In short, PanScan I included cases and controls from 11 prospective cohort studies from European populations in the United States and Europe, including Alpha-Tocopherol Beta-Carotene Disease@MESH:D009369 Prevention Study (ATBC), CLUE II, American Disease@MESH:D009369 Prevention Study-II (Disease@MESH:D020165 II); European Prospective Investigation into Disease@MESH:D009369 and Nutrition Study (EPIC); Health Professional's Follow-up Study (HPFS); New York University Women's Health Study (Disease@MESH:D054877); Nurses' Health Study (NHS); Physicians' Health Study I (PHS I); Prostate, Lung, Disease@MESH:D015179 Screening Trial (PLCO); Women's Health Initiative (WHI); and Women's Health Study (WHS). In each cohort, a defined population of subjects was followed prospectively with assessments of lifestyle factors and ascertainment of Disease@MESH:D009369 diagnoses. Cases included subjects with incident primary Disease@MESH:D010190 (ICD-O-3 code C250-C259 or C25.0-C25.3, C25.7-C25.9). All subjects with non-exocrine Disease@MESH:D010190 (C25.4, histology type, 8150, 8151, 8153, 8155, 8240, 8246) were excluded", "type": "paragraph"}, {"sent": "Each cohort study selected participants with blood or buccal cells collected prior to Disease@MESH:D009369 diagnosis. Incident Disease@MESH:D010190 cases identified by self-report, report of next-of-kin, linkage with local or national Disease@MESH:D009369 registries, or through national Disease@MESH:D003643 indices were confirmed by subsequent medical record review, Disease@MESH:D009369 registry report, and/or Disease@MESH:D003643 registry report, without prior knowledge of genetic data. In the 11 participating cohorts, covariate data were collected though written questionnaires or in-person interviews. Data were requested from each cohort on participants' age, gender, and race/ethnicity (European, Asian, African, other). Detailed descriptions of data collection methods have been published previously. Cohorts obtained consent from participants and approval from their Institutional Review Board (IRB). The Special Studies Institutional Review Board (SSIRB) of the National Disease@MESH:D009369 Institute approved the pooled PanScan study", "type": "paragraph"}, {"sent": "For the current survival analysis, each cohort also provided survival time and stage information for Disease@MESH:D010190 cases included in PanScan. Survival time was defined as the number of days between the date of diagnosis and the date of Disease@MESH:D003643 or date of last known contact. Stage data were harmonized into three categories: (1) local disease amenable to surgical resection; (2) locally advanced disease with Disease@MESH:D010195 extension rendering it unresectable, but without distant Disease@MESH:D009362, (3) distant metastatic disease. For eight cohorts (CLUE II, EPIC, HPFS, NHS, Disease@MESH:D054877, PHS, PLCO and WHS), American Joint Committee on Disease@MESH:D009369 (AJCC)/International Union for Disease@MESH:D009369 Control (IUCC) TNM staging was converted to the above categories, with AJCC/IUCC stages I and II indicating local disease, stage III indicating locally advanced disease, and stage IV indicating metastatic disease. Two cohorts (Disease@MESH:D020165 and WHI) provided data using Surveillance Epidemiology End Results summary staging, which classifies Disease@MESH:D009369 as localized, regional, or distant. These stages were included as local, locally advanced and metastatic disease, respectively. Stage data were not available for one study (ATBC). Given the known strong association between stage and survival, subjects of European descent were included in the final analysis if they had available survival time and stage information, in addition to genotype data. From PanScan I, 1323 cases of European descent were available with genome-wide genotype data and survival time. Among these cases, 642 cases had stage information and were included in the analysis (Figure 1 and Supplementary Table 1). Median survival times were slightly shorter among the full population of patients with survival information versus the subset of patients with stage information (Supplemental Table 1). Overall, median survival time (MST) was 5.0 months for all cases and 5.9 months for the subset of cases with available stage data. Age and gender were similar in the full PanScan population of European descent (median age, 68 years; 48% male) and the population with survival and stage information (median age, 71 years; 37% male)", "type": "paragraph"}, {"sent": "The ChinaPC case-control GWAS has been described previously in detail. In short, a GWAS was performed among Disease@MESH:D010190 cases and controls collected in an ongoing molecular epidemiological study of Disease@MESH:D010190. These case subjects were recruited from Disease@MESH:D009369 Hospital, Chinese Academy of Medical Sciences (Beijing), and Disease@MESH:D009369 Hospital, Fudan University (Shanghai), between 2000 and 2011. At recruitment, informed consent was obtained from each subject. The study was approved by the Institutional Review Board of the Chinese Academy of Medical Disease@MESH:D009369 Institute. All case subjects had Disease@MESH:D021441 confirmed histopathologically or cytologically by at least two pathologists according to the World Health Organization classification. Genomic DNA for GWAS analysis was isolated from peripheral blood lymphocytes at the time of diagnosis. Characteristics and clinical information including age, sex, race and Disease@MESH:D009369 stage, were obtained from patients' medical records. As for the PanScan subjects, survival time was defined as the number of days between the date of diagnosis and the date of Disease@MESH:D003643 or date of last known contact. Stage data were harmonized into three categories: (1) local disease amenable to surgical resection; (2) locally advanced disease with Disease@MESH:D010195 extension rendering it unresectable, but without distant Disease@MESH:D009362, (3) distant metastatic disease. Those subjects with available genome-wide genotype data, survival time, and stage information were included in the analysis. From ChinaPC, 600 cases had genome-wide genotype data and survival times. After exclusion of 237 cases without stage information, 363 cases were available for analysis. Median survival times were 7.1 months in both those cases with available stage information and those cases without such information", "type": "paragraph"}, {"sent": "Genotypes of patients in PanScan and ChinaPC were generated using the HumanHap550 chip (Illumina, San Diego, CA) and Affymetrix GeneChip Human Mapping 6.0 set (Affymetrix, Santa Clara, CA), respectively. The procedures of genotyping and quality control in each genome-wide association study have been described previously. In brief, samples with <98% completion and SNP assays with call rates <90% were excluded. Only SNPs with minor allele frequency >0.01 and mapped on autosomal chromosomes were included for analysis. A principal component analysis (PCA) of DNA samples in this study was performed with EIGENSTRAT. Four principal components were effective for distinguishing significant population groups and were included as quantitative covariates to correct for genetic admixture. To increase the spectrum of variants tested in the current study of overall survival, we used MACH software to impute untyped markers using linkage disequilibrium (LD) and haplotype information from HapMap phase II CEU and CHB+JPT as the reference sets for PanScan and ChinaPC participants, respectively. After quality control of imputation data, 2,731,086 SNPs in PanScan and 2,307,550 SNPs in ChinaPC were available for analysis", "type": "paragraph"}, {"sent": "To examine gene expression differences by genotype at our top locus, we inspected a publically available eQTL database. The database includes 405 children of British descent, organized into 206 sibships, including 297 sib pairs and 11 half-sib pairs. Global gene expression in lymphoblastoid cell lines was measured using Affymetrix HG-U133 Plus 2.0 chips. All 405 children and their parents were genotyped using the Illumina Sentrix Human-1 Genotyping BeadChip. The number of principal components used was chosen to maximize the number of cis-eQTLs with genome-wide significance. Association analysis was applied with the FASTASSOC option implemented in Gene@4771", "type": "paragraph"}, {"sent": "For each of the selected SNPs, we performed Gene@1351 proportional hazards regression under a log-additive genetic model with adjustment for covariates that might influence patient survival, including age (continuous), sex (male or female), stage of disease (local, locally advanced and metastatic as ordinal categories) and the top four principal components of population stratification in both PanScan I and ChinaPC studies. The overall survival time was defined as the time from Disease@MESH:D010190 diagnosis to either Disease@MESH:D003643 or the last known date alive. Patients known to be alive were censored at the time of last contact. The top SNPs with P<=10-5 found in PanScan were advanced to a combined analysis in patients independently recruited from the ChinaPC study. To summarize results for the two datasets, we performed a meta-analysis to obtain the summary HR and 95% CI using METAL software (http://www.sph.umich.edu/csg/abecasis/metal). Haploview software was used to determine pair-wise linkage disequilibrium structure across the studied genomic regions. Kaplan-Meier survival estimates were plotted and P-values were assessed using the log-rank test. Survival analyses were performed with SAS software. All statistical tests were two-sided", "type": "paragraph"}, {"sent": "The characteristics of the 642 Disease@MESH:D010190 cases from the PanScan cohort and the 363 cases from the ChinaPC study are shown in Table 1. Median follow-up time for cases still alive was 64 months in PanScan and 17 months in ChinaPC. In PanScan, 609 (94.9%) patients had died, while 334 (92.0%) had died in the ChinaPC study. In the combined analysis, we included 1,005 patients with Disease@MESH:D010190, 19.6% with Disease@MESH:D012594, 32.5% with locally advanced disease, and 47.9% with metastatic disease. As expected, stage was strongly associated with survival in both studies (P<0.0001); median survival time (MST) was 13.5, 9.7 and 3.8 months for patients with local, locally advanced and metastatic disease, respectively, in the combined study. The MST for patients in PanScan and ChinaPC studies were 5.9 months and 7.1 months, respectively", "type": "paragraph"}, {"sent": "Four susceptibility loci, 13q22.1, 1q32.1, 5p15.33 and 9q34, have been associated with Disease@MESH:D010190 risk in two Disease@MESH:D010190 GWAS of European ancestry (PanScan I and II). To determine if the top SNPs at these loci might also be associated with patient survival, we investigated the associations between these SNPs and survival time in the PanScan cohort. We also evaluated Mutation@rs167020 on chromosome 7q36, which was associated with incident Disease@MESH:D010190 in the prospective cohorts participating in PanScan I. None of the top SNPs at these loci were significantly associated with survival (P>0.05) (Table 2)", "type": "paragraph"}, {"sent": "We then investigated a genetic locus on chromosome 6, which was associated with survival in patients with advanced Disease@MESH:D010190 in a randomized clinical trial of gemcitabine plus placebo versus gemcitabine plus bevacizumab (CALGB 80303). The top SNP from the analysis in CALGB 80303 (Mutation@rs763780) was also associated with survival time in the PanScan cohort (P = 0.0008). However, the risk allele identified in CALGB 80303 was protective in the PanScan cohort. Comparing the survival time of patients with the TC genotype versus the TT genotype (referent) resulted in a HR of 3.3 (95% CI, 2.1-5.1) in CALGB 80303, while it resulted in a HR of 0.64 (95% CI, 0.50-0.83) in PanScan. We noted similar results when including only subjects with metastatic disease in the PanScan cohort (data not shown). In CALGB 80303, results were similar after stratification by treatment arm. Although further investigation is required, differences in patient populations between a large, randomized phase III trial and participants from pospective cohorts may have contributed to the discordant results", "type": "paragraph"}, {"sent": "The manhattan plot for the GWAS of Disease@MESH:D010190 survival in PanScan is shown in Supplementary Figure 1. We identified three independent regions most associated with survival on chromosomes 11p15.4 (four SNPs), 18p11.21 (12 SNPs) and 1p36.13 (one SNP) , which were tagged by Mutation@rs12362504 (HR, 1.40; 95% CI, 1.23-1.58; P=1.63x10-7), Mutation@rs981621 (HR, 1.39; 95% CI, 1.23-1.57; P=1.65x10-7) and Mutation@rs16861827 (HR, 1.70; 95% CI, 1.39-2.09; P=3.75x10-7), respectively (Table 3 and Supplemental Table 2). These SNPs were clustered in Gene@81846 on Chr11p15.4, Gene@753 on Chr18p11.21, and Gene@84966 on Chr1p36.13. LD plots of the SNPs on chromosomes 11p15.4 and 18p11.21 are shown in Supplementary Figure 2. In 200 kb regions flanking Mutation@rs16861827, there were 56 nominally significant SNPs with P-values ranging from 4.96x10-5 to 0.048", "type": "paragraph"}, {"sent": "We selected the SNPs with P <= 10-5 from PanScan (131 SNPs) to evaluate in a joint analysis with cases from the ChinaPC study (Supplementary Table 2). In the joint analysis, the top two SNPs, Mutation@rs10500715 and Mutation@rs7106914, were identified on chromosome 11p15.4. These two SNPs were also located in the Gene@81846 gene, 43,520 and 48,429 base pairs from the top SNP identified in the PanScan analysis, respectively. These two SNPs were in perfect LD with each other in both populations; we selected Mutation@rs10500715 as the tag SNP in this region for further analysis. In PanScan and ChinaPC participants, Mutation@rs10500715 was associated with a HR for Disease@MESH:D003643 in an additive model of 0.74 (95% CI, 0.66-0.84) and 0.79 (95% CI, 0.65-0.97), respectively. In the meta-analysis of the two studies, we observed a HR of 0.76 (95% CI, 0.68-0.84) with a P-value of 1.72x10-7 (Table 4). The P-value for heterogeneity was 0.30 across the two studies. The association of Mutation@rs10500715 with patient survival was similar by disease stage, with a HR of 0.80 (95% CI, 0.64-1.01) in patients with Disease@MESH:D012594, HR of 0.78 (95% CI, 0.65-0.93) in those with locally advanced disease, and HR of 0.81 (95% CI, 0.70-0.92) in those with metastatic disease. Mutation@rs10500715 genotype was not statistically significantly associated with clinical stage in a joint analysis (P=0.10)", "type": "paragraph"}, {"sent": "In a dominant model for Mutation@rs10500715, the median overall survival was 4.1 months for cases with the TT genotype and 7.0 months for those with TG or GG genotype in PanScan (Figure 2). Multiple additional SNPs at the Gene@81846 gene locus were of marginal statistical significance in the PanScan cohort and combined analysis (Figure 3); seven SNPs in high LD (r2=0.76-1.00) in PanScan were associated with overall survival with P-values of 8.64x10-7 to 0.0002. We examined whether the top SNPs in Gene@81846 map to reported expression quantitative trait loci (eQTLs) for nearby genes using data from a published eQTL dataset. However, we did not find that the SNPs were associated with known eQTLs in this dataset", "type": "paragraph"}, {"sent": "In this genome-wide interrogation of germline genetic variants associated with Disease@MESH:D010190 survival, we used a two-stage analytical approach that took advantage of two large GWAS of Disease@MESH:D010190 in two independent populations. In both the PanScan population that included cases of European descent and in a combined analysis with cases from China, SNPs in the Gene@81846 (Gene@81846) gene were associated with survival time among patients with Disease@MESH:D010190. With a P-value <5x10-7, this association is likely to be replicated in follow-up studies, although it did not reach P<5x10-8, which is often cited as a threshold for genome-wide significance in GWAS of incident disease. We also identified two additional genetic loci associated with Disease@MESH:D010190 survival in the PanScan cohort, which were not significant at P<5x10-7 in the combined analysis. Several loci associated with incident Disease@MESH:D010190 in two prior PanScan studies were not associated with patient survival", "type": "paragraph"}, {"sent": "The SNPs most highly associated with Disease@MESH:D010190 survival in the PanScan population (Mutation@rs12362504) and in the joint analysis (Mutation@rs10500715) are located intronic to the Gene@81846 gene and are in moderate linkage disequlibrium (r2=0.33) in the CEU population. Gene@81846 spans > 500 kb and 40 exons on chromosome 11p15.4 and is highly conserved across eukaryotes. This gene encodes for a protein in the Gene@4534 family of lipid phosphatases and is also known as Gene@81846 (Gene@81846). Similar to the known Disease@MESH:D009369 suppressor gene phosphatase and tensin homolog (Gene@5728), MTMR proteins function as phosphoinositide- 3-phosphatases and antagonize the activity of specific classes of phosphatidylinositol 3-kinases. Although it contains an inactive phosphatase domain, Gene@81846 enhances the catalytic activity of and may alter the cellular localization of Gene@8898, a phosphatase-competent member of the MTMR family", "type": "paragraph"}, {"sent": "Notably, mutations in either Gene@81846 or Gene@8898 lead to the development of Disease@MESH:D000699 type 4B (Gene@8898), an Disease@MESH:D030342 characterized by severe Disease@MESH:D010523. The known mutations in human Gene@81846 lead to a shortened or truncated protein, and mice genetically engineered for loss of murine Gene@319934 develop Disease@MESH:D010523 similar to that seen in humans with Gene@8898. The pathogenic mechanisms appear related to altered membrane trafficking of 3-phosphoinositides within nerve-supporting Schwann cells, due to malfunctioning of the Gene@81846-Gene@8898 complex. Importantly, in other cell types, Gene@81846 and Gene@8898 appear to influence the sorting and degradation of cell surface receptors, such as the Gene@1956 (Gene@1956), with resultant alterations in downstream signaling. For the SNPs identified in Gene@81846 in the current study, we did not identify alterations in expression of Gene@81846 or nearby genes using a publically available eQTL database. Further investigation will be necessary to determine the causative one or more SNPs marked by the single nucleotide changes identified in the current study, and the functional impact of such changes", "type": "paragraph"}, {"sent": "Recently, two genome wide association studies have implicated Gene@81846 as a susceptibility locus for circulating lipoproteins in European populations and human stature in European and Chinese populations. The most strongly associated SNPs from these studies were Mutation@rs7938647 with circulating HDL and Mutation@rs10734652 with stature, also located within introns of Gene@81846. The most strongly associated SNP in our combined analysis, Mutation@rs10500715, is in moderate linkage disequilibrium with Mutation@rs7938647 and Mutation@rs10734652, with r2 values of 0.40 and 0.56, respectively in the PanScan cohort. Interestingly, Disease@MESH:D010190 incidence or mortality has been associated with height, Disease@MESH:D009765 and metabolic derangements related to Gene@3630 resistance", "type": "paragraph"}, {"sent": "In the PanScan population, variants at chromosomes 18p11.21 and 1p36.13 were also associated with survival. However, these associations were no longer significant in the combined analysis with cases from the ChinaPC study. Furthermore, the genes at these loci, Gene@753 (Gene@753) and Gene@84966 (Gene@84966), respectively, encode for proteins with unclear function. Additional studies of these variants in populations of European and Asian ancestry will be necessary to determine whether these loci are truly associated with survival of patients with Disease@MESH:D010190", "type": "paragraph"}, {"sent": "The current study has a number of important strengths. In the PanScan population, large numbers of cohort participants provided germline DNA at a baseline time point and were then followed prospectively for development of disease. Disease@MESH:D010190 diagnoses were subsequently determined from notification near the time of diagnosis or review of Disease@MESH:D009369 and Disease@MESH:D003643 registries. Therefore, the full spectrum of cases were ascertained, in Disease@MESH:D000069451 and stage of disease, rather than only those patients well enough to be captured in case-controls studies. This is of particular importance to studies of rapidly fatal diseases, such as Disease@MESH:D010190, in which a better-prognosis population can result when subjects donate biologic samples after diagnosis. Furthermore, our study included a large number of Disease@MESH:D010190 cases with genome-wide SNP data, and these data originated from two well-established GWAS with strict quality control procedures. We also pursued a two-stage design, with an initial analysis in PanScan participants and a subsequent combined analysis with ChinaPC participants, in an attempt to reduce the likelihood of false positive results", "type": "paragraph"}, {"sent": "Our study also has limitations. Among our participants, treatment programs likely varied, and we could not control for differences in treatment as the PanScan cohorts generally did not collect this information. Nevertheless, chemotherapy and radiation have had only a modest impact on patient survival, and it is highly unlikely that treatment programs varied systematically by germline genotype. As described, we also performed combined analyses with a second group of Disease@MESH:D010190 cases, drawn from a case-control study in China, to reduce the chance of false positive results. However, linkage disequilibrium differs between Europeans and Asians, which can lead to false negative results in analyses that combine subjects of different race/ethnicity. Specifically, some loci may impact survival only in a particular race/ethnicity or the index signal may be best tagged by different polymorphisms in subjects of different race/ethnicity; phenomena demonstrated in studies of Disease@MESH:D009369 risk. The difference in study design (nested prospective cohort study versus hospital-based case-control study) can also lead to false negative results in combined analyses due to recruitment of patients with dissimilar disease characteristics. However, all patients were known to have Disease@MESH:D010190, and all had available information on disease stage. Our top SNPs had significance levels of P<5x10-7; further studies are necessary to replicate these findings in additional large patient cohorts. As is inherent in the GWAS design, we have identified loci associated with Disease@MESH:D010190 survival, but further work is necessary to investigate the biologic mechanisms by which polymorphisms at these loci impact survival. Although we examined published eQTL datasets, we did not identify known gene expression changes related to the most significant SNPs in Gene@81846. Finally, we utilized overall mortality data in our analyses, as opposed to Disease@MESH:D010190-specific mortality. However, Disease@MESH:D010190 is a highly lethal Disease@MESH:D009369 with cure rate less than five percent, such that overall mortality is a good surrogate for Disease@MESH:D009369-specific mortality in patients with this disease", "type": "paragraph"}, {"sent": "In summary, we performed a genome-wide analysis of germline genetic variants and survival of patients with Disease@MESH:D010190. Our large study implicates the Gene@81846 locus on chromosome 11p15.4 as a genetic region associated with overall survival among these patients. These results further implicate altered membrane trafficking of 3-phosphoinositides in Disease@MESH:D010190 growth and progression. Additional large datasets are needed to evaluate germline genetic variants and survival in patients with this highly lethal Disease@MESH:D009369", "type": "paragraph"}, {"sent": "Kaplan-Meier curves by Mutation@rs10500715 T>G genotypes using a dominant model in the PanScan and Combined Analyse", "type": "fig_caption"}, {"sent": "Association with survival and linkage disequilibrium of single nucleotide polymorphisms at the Gene@81846 gene locu", "type": "fig_caption"}, {"sent": "Association results are shown in the top panel for the joint analysis (green triangles), PanScan I (blue squares) and ChinaPC (red circle). The linkage disequilibrium plot was based on genotypes in the PanScan I cohort. Locations are from NCBI Genome Build 36", "type": "fig_caption"}, {"sent": "Hazard ratios and median survival times by genetic variants previously associated with incident Disease@MESH:D010190 in PanSca", "type": "table_caption"}, {"sent": "Hazard ratios and median survival times by genotype for significant tagSNPs (P<5x10-7) in PanScan survival GWAS", "type": "table_caption"}, {"sent": "Hazard ratios and median survival times by Mutation@rs10500715 T>G genotypes in the PanScan and ChinaPC studie", "type": "table_caption"}, {"sent": "Five-year overall survival of patients with Disease@MESH:D010190 is approximately five percent", "type": "paragraph"}, {"sent": "Germline genetic variability can provide important prognostic information for patients with Disease@MESH:D009369", "type": "paragraph"}, {"sent": "Genome-wide association studies (GWAS) have identified several genetic variants associated with the development of Disease@MESH:D010190 in European and Chinese populations, but few studies have examined variants related to surviva", "type": "paragraph"}, {"sent": "Previously identified genetic loci associated with the development of Disease@MESH:D010190 were not associated with survival among those with the diseas", "type": "paragraph"}, {"sent": "In the first stage of the GWAS of patient survival, three regions, 11p15.4, 18p11.21, and 1p36.13, were the top-ranked loci among patients of European ancestr", "type": "paragraph"}, {"sent": "In the joint analysis of > 1000 Disease@MESH:D010190 cases, variants at the Gene@81846 gene on chromosome 11p15.4 defined the top genetic locus associated with overall survival among patients of European and Chinese descent", "type": "paragraph"}, {"sent": "Mutation@rs10500715 in Gene@81846 was associated with a HR for Disease@MESH:D003643 in an additive model of 0.76 (95% CI, 0.68-0.84; P-value, 1.72x10-7) which was similar in European and Chinese populations and by disease stage", "type": "paragraph"}, {"sent": "In patients with Disease@MESH:D010190, several germline variants were associated with overall survival. If confirmed in further replication and functional studies, these variants may add important information to define patient prognosis, with the potential to impact treatment decisions and clinical trial design", "type": "paragraph"}, {"sent": "Our results highlight a potential role for Gene@81846 in Disease@MESH:D010195 tumorigenesis and further implicate altered membrane trafficking of 3-phosphoinositides in Disease@MESH:D010190 growth and progression", "type": "paragraph"}]}