{"sentences": [{"sent": "Common genetic variants contribute to the observed variation in Disease@MESH:D001943 risk for Gene@675 mutation carriers; those known to date have all been found through population-based genome-wide association studies (GWAS). To comprehensively identify Disease@MESH:D001943 risk modifying loci for Gene@675 mutation carriers, we conducted a deep replication of an ongoing GWAS discovery study. Using the ranked P-values of the Disease@MESH:D001943 associations with the imputed genotype of 1.4 M SNPs, 19,029 SNPs were selected and designed for inclusion on a custom Illumina array that included a total of 211,155 SNPs as part of a multi-consortial project. DNA samples from 3,881 Disease@MESH:D001943 affected and 4,330 unaffected Gene@675 mutation carriers from 47 studies belonging to the Consortium of Investigators of Modifiers of Gene@672;675 were genotyped and available for analysis. We replicated previously reported Disease@MESH:D001943 susceptibility alleles in these Gene@675 mutation carriers and for several regions (including Gene@2263, Gene@4214, Gene@1029;1030, and Gene@5744) identified SNPs that have stronger evidence of association than those previously published. We also identified a novel susceptibility allele at 6p24 that was inversely associated with risk in Gene@675 mutation carriers (Mutation@rs9348512; per allele HR = 0.85, 95% CI 0.80-0.90, P = 3.9x10-8). This SNP was not associated with Disease@MESH:D001943 risk either in the general population or in Gene@672 mutation carriers. The locus lies within a region containing Gene@7020, which encodes a transcriptional activation protein that interacts with several Disease@MESH:D009369 suppressor genes. This report identifies the first Disease@MESH:D001943 risk locus specific to a Gene@675 mutation background. This comprehensive update of novel and previously reported Disease@MESH:D001943 susceptibility loci contributes to the establishment of a panel of SNPs that modify Disease@MESH:D001943 risk in Gene@675 mutation carriers. This panel may have clinical utility for women with Gene@675 mutations weighing options for medical prevention of Disease@MESH:D001943", "type": "abstract"}, {"sent": "Women who carry Gene@675 mutations have an increased risk of Disease@MESH:D001943 that varies widely. To identify common genetic variants that modify the Disease@MESH:D001943 risk associated with Gene@675 mutations, we have built upon our previous work in which we examined genetic variants across the genome in relation to Disease@MESH:D001943 risk among Gene@675 mutation carriers. Using a custom genotyping platform with 211,155 genetic variants known as single nucleotide polymorphisms (SNPs), we genotyped 3,881 women who had Disease@MESH:D001943 and 4,330 women without Disease@MESH:D001943, which represents the largest possible, international collection of Gene@675 mutation carriers. We identified that a SNP located at 6p24 in the genome was associated with lower risk of Disease@MESH:D001943. Importantly, this SNP was not associated with Disease@MESH:D001943 in Gene@672 mutation carriers or in a general population of women, indicating that the Disease@MESH:D001943 association with this SNP might be specific to Gene@675 mutation carriers. Combining this Gene@675-specific SNP with 13 other Disease@MESH:D001943 risk SNPs also known to modify risk in Gene@675 mutation carriers, we were able to derive a risk prediction model that could be useful in helping women with Gene@675 mutations weigh their risk-reduction strategy options", "type": "abstract"}, {"sent": "The lifetime risk of Disease@MESH:D001943 associated with carrying a Gene@675 mutation varies from 40 to 84%. To determine whether common genetic variants modify Disease@MESH:D001943 risk for Gene@675 mutation carriers, we previously conducted a GWAS of Gene@675 mutation carriers from the Consortium of Investigators of Modifiers of Gene@672;675 (CIMBA). Using the Affymetrix 6.0 platform, the discovery stage results were based on 899 young (<40 years) affected and 804 unaffected carriers of European ancestry. In a rapid replication stage wherein 85 discovery stage SNPs with the smallest P-values were genotyped in 2,486 additional Gene@675 mutation carriers, only published loci associated with Disease@MESH:D001943 risk in the general population, including Gene@2263 (10q26; Mutation@rs2981575; P = 1.2x10-8), were associated with Disease@MESH:D001943 risk at the genome-wide significance level among Gene@675 mutation carriers. Two other loci, in Gene@22891 (Mutation@rs16917302) on 10q21 and a locus on 20q13 (Mutation@rs311499), were also associated with Disease@MESH:D001943 risk in Gene@675 mutation carriers with P-values<10-4 (P = 3.8x10-5 and 6.6x10-5, respectively). A nearby SNP in Gene@22891 was also associated with Disease@MESH:D001943 risk in a study of unselected cases and in a study of mammographic density. Additional follow-up replicated the findings for Mutation@rs16917302, but not Mutation@rs311499 in a larger set of Gene@675 mutation carriers. To seek additional Disease@MESH:D001943 risk modifying loci for Gene@675 mutation carriers, we conducted an extended replication of the GWAS discovery results in a larger set of Gene@675 mutation carriers in CIMBA, which represents the largest, international collection of Gene@675 mutation carriers", "type": "paragraph"}, {"sent": "Each of the host institutions (Table S1) recruited under ethically-approved protocols. Written informed consent was obtained from all subjects", "type": "paragraph"}, {"sent": "The majority of Gene@675 mutation carriers were recruited through Disease@MESH:D009369 genetics clinics and some came from population or community-based studies. Studies contributing DNA samples to these research efforts were members of the Consortium of Investigators of Modifiers of Gene@672;675 (CIMBA) with the exception of one study (NICCC). Eligible subjects were women of European descent who carried a pathogenic Gene@675 mutation, had complete phenotype information, and were at least 18 years of age. Harmonized phenotypic data included year of birth, age at Disease@MESH:D009369 diagnosis, age at bilateral prophylactic mastectomy and oophorectomy, age at interview or last follow-up, Gene@675 mutation description, self-reported ethnicity, and Disease@MESH:D001943 Gene@2099 status", "type": "paragraph"}, {"sent": "Details of these samples have been described previously. Data from 899 young (<40 years) affected and 804 older (>40 years) unaffected carriers of European ancestry from 14 countries were used to select SNPs for inclusion on the iCOGS array", "type": "paragraph"}, {"sent": "Forty-seven studies from 24 different countries (including two East-Asian countries) provided DNA from a total of 10,048 Gene@675 mutations carriers. All eligible samples were genotyped using COGs, including those from the discovery stage", "type": "paragraph"}, {"sent": "The Collaborative Oncological Gene-Environment Study (COGS) consortium developed a custom genotyping array (referred to as the iCOGS array) to provide efficient genotyping of common and rare genetic variants to identify novel loci that are associated with risk of breast, ovarian, and Disease@MESH:D011471 as well as to fine-map known Disease@MESH:D009369 susceptibility loci. SNPs were selected for inclusion on iCOGS separately by each participating consortium: Disease@MESH:D001943 Association Consortium (BCAC), Disease@MESH:D010051 Association Consortium (OCAC), Disease@MESH:D011471 Association Group to Investigate Disease@MESH:D009369 Associated Alterations in the Genome (PRACTICAL), and CIMBA. SNP lists from a Gene@672 GWAS and SNPs in candidate regions were used together with the Gene@675 GWAS lists to generate a ranked CIMBA SNP list that included SNPs with the following nominal proportions: 55.5% from the Gene@672 GWAS, 41.6% from the Gene@675 GWAS and fine mapping, 2.9% for CIMBA candidate SNPs. Each consortium was given a share of the array: nominally 25% of the SNPs each for BCAC, PRACTICAL and OCAC; 17.5% for CIMBA; and 7.5% for SNPs from commonly researched pathways (e.g., Disease@MESH:D007249). For the CIMBA Gene@675 GWAS, we used the iCOGS array as the platform to genotype the extended replication set of the discovery GWAS stage. SNPs were selected on the basis of the strength of their associations with Disease@MESH:D001943 risk in the discovery stage, using imputed genotype data for 1.4 M SNPs identified through CEU+TSI samples on HapMap3, release 2. A ranked list of SNPs was based on the 1-df trend test statistic, after excluding highly correlated SNPs (r2>0.4). The final list included the 39,015 SNPs with the smallest p-values. An additional set of SNPs were selected for fine mapping of the regions surrounding the SNPs found to be associated with Disease@MESH:D001943 in the discovery GWAS stage: Mutation@rs16917302 on 10q21 and Mutation@rs311499 on 20q13, including SNPs with a Gene@4094 >0.05 located 500 kb in both directions of the SNP, based on HapMap 2 data. The final combined list of SNPs for the iCOGS array comprised 220,123 SNPs. Of these, 211,155 were successfully manufactured onto the array. The present analyses are based on the 19,029 SNPs selected on the basis of Gene@675 GWAS and fine mapping that were included on the iCOGS array", "type": "paragraph"}, {"sent": "The genotyping was performed on DNA samples from 10,048 Gene@675 mutation carriers at the McGill University and Genome Quebec Innovation Centre (Montreal, Canada). As a quality control measure, each plate included DNA samples from six individuals who were members of two CEPH trios. Some plates also contained three duplicate pairs of quality control samples. Genotypes were called using GenCall. Initial calling was based on a cluster file generated using 270 samples from Hapmap2. To generate the final calls, we first selected a subset of 3,018 individuals, including samples from each of the genotyping centers in the iCOGS project, each of the participating consortia, and each major ethnicity. Only plates with a consistent high call rate in the initial calling were used. We also included 380 samples of European, African, and Asian ethnicity genotyped as part of the Hapmap and 1000 Genomes project, and 160 samples that were known positive controls for rare variants on the array. This subset was used to generate a cluster file that was then applied to call the genotypes for the remaining samples", "type": "paragraph"}, {"sent": "Of the 211,155 SNPs on the iCOGS array, we excluded SNPs for the following reasons (Table S2): on the Y-chromosome, call rate <95%, deviations from Hardy-Weinberg equilibrium (Gene@5933) using a stratified 1-d.f. test, and monomorphic. SNPs that gave discrepant genotypes among known duplicates were also excluded. After quality control filtering, 200,908 SNPs were available for analysis (Table S2); 18,086 of which were selected on the basis of the discovery Gene@675 GWAS. Cluster plots of all reported SNPs were inspected manually for quality (Figure S1)", "type": "paragraph"}, {"sent": "Genotypes for SNPs identified through the 1000 Genomes Phase I data (released Jan 2012) were imputed using all SNPs on the iCOGS chip in a region of 500 kb around the novel modifier locus at 6p24. The boundaries were determined according to the linkage disequilibrium (LD) structure in the region based on HapMap data. The imputation was carried out using IMPUTE 2.2. SNPs with imputation information/accuracy r2<0.30 were excluded in the analyses", "type": "paragraph"}, {"sent": "Of 10,048 genotyped samples (Table S2), 742 were excluded because they did not meet the phenotypic eligibility criteria or had self-reported non-CEU ethnicity. Samples were then excluded for the following reasons: not female (XXY, XY), call rate <95%, low or high heterozygosity (P<10-6), discordant genotypes from previous CIMBA genotyping efforts, or discordant duplicate samples. For duplicates with concordant phenotypic data, or in cases of Gene@55997 monozygotic twins, only one of the samples was included. Gene@55997 duplicates for which phenotypic data indicated different individuals were all excluded. Samples of non-European ancestry were identified using multi-dimensional scaling, after combining the Gene@675 mutation carrier samples with the HapMap2 CEU, CHB, JPT and YRI samples using a set of 37,120 uncorrelated SNPs from the iCOGS array. Samples with >19% non-European ancestry were excluded (Figure S2). A total of 4,330 affected and 3,881 unaffected Gene@675 mutation carrier women of European ancestry from 42 studies remained in the analysis (Table S1), including 3,234 Disease@MESH:D001943 cases and 3,490 unaffected carriers that were not in the discovery set", "type": "paragraph"}, {"sent": "Details of the sample collection, genotyping and quality control process for the Gene@672 and BCAC samples, are reported elsewhere", "type": "paragraph"}, {"sent": "The associations between genotype and Disease@MESH:D001943 risk were analyzed within a retrospective cohort framework with time to Disease@MESH:D001943 diagnosis as the outcome. Each Gene@675 carrier was followed until the first event: Disease@MESH:D010051 diagnosis, bilateral prophylactic mastectomy, or age at last observation. Only those with a Disease@MESH:D001943 diagnosis were considered as cases in the analysis. The majority of mutation carriers were recruited through genetic counseling centers where genetic testing is targeted at women diagnosed with Disease@MESH:D010051 and in particular to those diagnosed with Disease@MESH:D001943 at a young age. Therefore, these women are more likely to be sampled compared to unaffected mutation carriers or carriers diagnosed with the disease at older ages. As a consequence, sampling was not random with respect to disease phenotype and standard methods of survival analysis (such as Gene@1351 regression) may lead to biased estimates of the associations. We therefore conducted the analysis by modelling the retrospective likelihood of the observed genotypes conditional on the disease phenotypes. This has been shown to provide unbiased estimates of the associations. The implementation of the retrospective likelihoods has been described in detail elsewhere. The associations between genotype and Disease@MESH:D001943 risk were assessed using the 1degree of freedom score test statistic based on the retrospective likelihood. In order to account for non-independence between relatives, an adjusted version of the score test was used in which the variance of the score was derived taking into account the correlation between the genotypes. P-values were not adjusted using genomic control because there was little evidence of inflation. Inflation was assessed using the genomic inflation factor, lambda. Since this estimate is dependent on sample size, we also calculated lambda adjusted to 1000 affected and 1000 unaffected samples. Per-allele and genotype-specific hazard-ratios (HR) and 95% confidence intervals (CI) were estimated by maximizing the retrospective likelihood. Calendar-year and cohort-specific Disease@MESH:D001943 incidences for Gene@675 were used. All analyses were stratified by country of residence. The USA and Canada strata were further subdivided by self-reported Ashkenazi Jewish ancestry. The assumption of proportional hazards was assessed by fitting a model that included a genotype-by-age interaction term. Between-country heterogeneity was assessed by comparing the results of the main analysis to a model with country-specific log-HRs. A possible survival bias due to inclusion of prevalent cases was evaluated by re-fitting the model after excluding affected carriers that were diagnosed >=5 years prior to study recruitment. The associations between genotypes and Disease@MESH:D009369 subtypes were evaluated using an extension of the retrospective likelihood approach that models the association with two or more subtypes simultaneously. To investigate whether any of the significant SNPs were associated with Disease@MESH:D010051 risk for Gene@675 mutation carriers and whether the inclusion of Disease@MESH:D010051 patients as unaffected subjects biased our results, we also analyzed the data within a competing risks framework and estimated HR simultaneously for Disease@MESH:D010051 using the methods described elsewhere. Analyses were carried out in R using the GenABEL libraries and custom-written software. The retrospective likelihood was modeled in the pedigree-analysis software MENDEL, as described in detail elsewhere", "type": "paragraph"}, {"sent": "Affymetrix SNP 6.0 genotype calls for normal (non-Disease@MESH:D009369) breast DNA were downloaded for all available individuals from The Disease@MESH:D009369 Genome Atlas in September 2011. Analyses were limited to the 401 individuals of European ancestry based on principal component analysis. Expression levels in Disease@MESH:D001943 tissue were adjusted for the top two principal components, age, gender (there are some male Disease@MESH:D001943 cases in TCGA), and average copy number across the gene in the Disease@MESH:D009369. Linear regression was then used to test for association between the SNP and the adjusted gene expression level for all genes within one megabase", "type": "paragraph"}, {"sent": "To investigate enrichment of genes associated with Disease@MESH:D001943 risk, the gene-set enrichment approach was implemented using Versatile Gene-based Association Study based on the ranked P-values from retrospective likelihood analysis. Association List Go Annotator was also used to prioritize gene pathways using functional annotation from gene ontology (GO) to increase the power to detect association to a pathway, as opposed to individual genes in the pathway. Both analyses were corrected for LD between SNPs, variable gene size, and interdependence of GO categories, where applicable, based on imputation. 100,000 Monte Carlo simulations were performed in VEGAS and 5000 replicate gene lists using random sampling of SNPs and 5000 replicate studies (sampling with replacement) were performed to estimate P-values", "type": "paragraph"}, {"sent": "We estimated the absolute risks of developing Disease@MESH:D001943 based on the joint distribution of SNPs associated with Disease@MESH:D001943 for Gene@675 mutation carriers. The methods have been described elsewhere. To construct the SNP profiles, we considered the single SNP from each region with the strongest evidence of association in the present dataset. We included all loci that had previously been found to be associated with Disease@MESH:D001943 risk through GWAS in the general population and demonstrated associations with Disease@MESH:D001943 risk for Gene@675 mutation carriers, and loci that had GWAS level of significance in the current study. We assumed that all loci in the profile were independent (i.e. they interact multiplicatively on Gene@675 Disease@MESH:D001943 risk). Genotype frequencies were obtained under the assumption of Hardy-Weinberg Equilibrium. For each SNP, the effect of each allele was assumed to be consistent with a multiplicative model (log-additive). We assumed that the average, age-specific Disease@MESH:D001943 incidences, over all associated loci, agreed with published Disease@MESH:D001943 risk estimates for Gene@675 mutation carriers", "type": "paragraph"}, {"sent": "The genomic inflation factor (lambda) based on the 18,086 Gene@675 GWAS SNPs in the 6,724 Gene@675 mutation carriers who were not used in the SNP discovery set was 1.034 (lambda adjusted to 1000 affected and 1000 unaffected: 1.010, Figure S3). Multiple variants were associated with Disease@MESH:D001943 risk in the combined discovery and replication datasets (Figure S4). SNPs in three independent regions had P-values<5x10-8; one was a region not previously associated with Disease@MESH:D001943", "type": "paragraph"}, {"sent": "The most significant associations were observed for known Disease@MESH:D001943 susceptibility regions, Mutation@rs2420946 (per allele P = 2x10-14) in Gene@2263 and Mutation@rs3803662 (P = 5.4x10-11) near Gene@27324 (Table 1). Disease@MESH:D001943 risk associations with other SNPs reported previously for Gene@675 mutation carriers are summarized in Table 1. In this larger set of Gene@675 mutation carriers, we also identified novel SNPs in the 12Gene@6281 (Gene@5744), 5q11 (Gene@4214), and 9Gene@644914 (Gene@1029;1030) regions with smaller P-values for association than those of previously reported SNPs. These novel SNPs were not correlated with the previously reported SNPs (r2<0.14). For one of the novel SNPs identified in the discovery GWAS, Gene@22891 Mutation@rs16917302, there was weak evidence of association with Disease@MESH:D001943 risk (P = 0.01); however, an uncorrelated SNP, Mutation@rs17221319 (r2<0.01), 54 kb upstream of Mutation@rs16917302 had stronger evidence of association (P = 6x10-3)", "type": "paragraph"}, {"sent": "One SNP, Mutation@rs9348512 at 6p24 not known to be associated with Disease@MESH:D001943, had a combined P-value of association of 3.9x10-8 amongst all Gene@675 samples (Table 2), with strong evidence of replication in the set of Gene@675 samples that were not used in the discovery stage (P = 5.2x10-5). The minor allele of Mutation@rs9348512 (Gene@4094 = 0.35) was associated with a 15% decreased risk of Disease@MESH:D001943 among Gene@675 mutation carriers (per allele HR = 0.85, 95% CI 0.80-0.90) with no evidence of between-country heterogeneity (P = 0.78, Figure S5). None of the genotyped (n = 68) or imputed (n = 3,507) SNPs in that region showed a stronger association with risk (Figure 1; Table S3), but there were 40 SNPs with Gene@4820 (pairwise r2>0.38 with Mutation@rs9348512, with the exception of Mutation@rs11526201 for which r2 = 0.01, Table S3). The association with Mutation@rs9348512 did not differ by Mutation@c.6174delT mutation status (P for difference = 0.33), age (P = 0.39), or Gene@2099 (Gene@2099) status of the Disease@MESH:D001943 (P = 0.41). Exclusion of prevalent Disease@MESH:D001943 cases (n = 1,752) produced results (HR = 0.83, 95% CI 0.77-0.89, P = 3.40x10-7) consistent with those for all cases", "type": "paragraph"}, {"sent": "Results based on imputed and observed genotypes. The blue spikes indicate the recombination rate at each position. Genotyped SNPs are represented by diamonds and imputed SNPs are represented by squares. Color saturation indicates the degree of correlation with the SNP Mutation@rs9348512", "type": "fig_caption"}, {"sent": "SNPs in two additional regions had P-values<10-5 for Disease@MESH:D001943 risk associations for Gene@675 mutation carriers (Table 2). The magnitude of associations for both SNPs was similar in the discovery and second stage samples. In the combined analysis of all samples, the minor allele of Mutation@rs619373, located in Gene@2258 (Xq26.3), was associated with higher Disease@MESH:D001943 risk (HR = 1.30, 95% CI 1.17-1.45, P = 3.1x10-6). The minor allele of Mutation@rs184577, located in Gene@285154;1545;5729 (2p22-Gene@644914), was associated with lower Disease@MESH:D001943 risk (HR = 0.85, 95% CI 0.79-0.91, P = 3.6x10-6). These findings were consistent across countries (P for heterogeneity between country strata = 0.39 and P = 0.30, respectively; Figure S6). There was no evidence that the HR estimates for Mutation@rs619373 and Mutation@rs184577 change with age of the Gene@675 mutation carriers (P for the genotype-age interaction = 0.80 and P = 0.40, respectively) and no evidence of survival bias for either SNP (Mutation@rs619373: HR = 1.35, 95% CI 1.20-1.53, P = 1.5x10-6 and Mutation@rs184577: HR = 0.86, 95% CI 0.79-0.93, P = 2.0x10-4, after excluding prevalent cases). The estimates for risk of Gene@2099-negative and Gene@2099-positive Disease@MESH:D001943 were not significantly different (P for heterogeneity between Disease@MESH:D009369 subtypes = 0.79 and 0.67, respectively). When associations were evaluated under a competing risks model, there was no evidence of association with Disease@MESH:D010051 risk for SNPs Mutation@rs9348512 at 6p24, Mutation@rs619373 in Gene@2258 or Mutation@rs184577 at 2p22 and the Disease@MESH:D001943 associations were virtually unchanged (Table S4)", "type": "paragraph"}, {"sent": "Gene set enrichment analysis confirmed that strong associations exist for known Disease@MESH:D001943 susceptibility loci and the novel loci identified here (gene-based P<1x10-5). The pathways most strongly associated with Disease@MESH:D001943 risk that contained statistically significant SNPs included those related to ATP binding, organ morphogenesis, and several nucleotide bindings (pathway-based P<0.05)", "type": "paragraph"}, {"sent": "To begin to determine the functional effect of Mutation@rs9348512, we examined associations of expression levels of any nearby gene in Disease@MESH:D001943 with the minor A allele. Using data from The Disease@MESH:D009369 Genome Atlas, we found that the A allele of Mutation@rs9348512 was strongly associated with mRNA levels of Gene@2651 in Disease@MESH:D001943 (p = 7.3x10-5)", "type": "paragraph"}, {"sent": "The hazard ratios for the percentiles of the combined genotype distribution of loci associated with Disease@MESH:D001943 risk in Gene@675 mutation carriers were translated into absolute Disease@MESH:D001943 risks under the assumption that SNPs interact multiplicatively. Based on our results for SNPs in Gene@2263, Gene@27324, 12p11, 5q11, Gene@1029;1030, Gene@4046, 8q24, Gene@2099, Gene@22891, 3p24, 12q24, 5p12, 11q13 and also the 6p24 locus, the 5% of the Gene@675 mutation carriers at lowest risk were predicted to have Disease@MESH:D001943 risks by age 80 in the range of 21-47% compared to 83-100% for the 5% of mutation carriers at highest risk on the basis of the combined SNP profile distribution (Figure 2). The Disease@MESH:D001943 risk by age 50 was predicted to be 4-11% for the 5% of the carriers at lowest risk compared to 29-81% for the 5% at highest risk", "type": "paragraph"}, {"sent": "Based on the known Disease@MESH:D001943 susceptibility loci at Gene@2263, Gene@27324, 12p11, 5q11, Gene@1029;1030, Gene@4046, 8q24, Gene@2099, Gene@22891, 3p24, 12q24, 5p12, 11q13 and the newly identified Gene@675 modifier locus at 6p24. The figure shows the risks at the 5th and 95th percentiles of the combined genotyped distribution as well as minimum, maximum and average risks", "type": "fig_caption"}, {"sent": "In the largest assemblage of Gene@675 mutation carriers, we identified a novel locus at 6q24 that is associated with Disease@MESH:D001943 risk, and noted two potential SNPs of interest at Xq26 and 2p22. We also replicated associations with known Disease@MESH:D001943 susceptibility SNPs previously reported in the general population and in Gene@675 mutation carriers. For the 12Gene@6281 (Gene@5744), 5q11 (Gene@4214), and 9Gene@644914 (Gene@1029;1030), we found uncorrelated SNPs that had stronger associations than the originally identified SNP in the Disease@MESH:D001943 susceptibility region that should be replicated in the general population. In Gene@675 mutation carriers, evidence for a Disease@MESH:D001943 association with genetic variants in Gene@5744 has been restricted previously to Gene@2099-negative Disease@MESH:D009369; however, the novel susceptibility variant we reported here was associated with risk of Gene@2099+ and Gene@2099- Disease@MESH:D001943", "type": "paragraph"}, {"sent": "The novel SNP Mutation@rs9348512 (6p24) is located in a region with no known genes (Figure 1). Gene@221718, a gene encoding a hypothetical protein LOC221718, and a possible Disease@MESH:D009369 suppressor gene, Gene@7020, are within 100 kb of Mutation@rs9348512. Gene@7020 encodes the Gene@7020 transcription factor that is normally expressed in breast ductal epithelium nuclei, with progressive expression loss from normal, to Disease@MESH:D044584 in situ, to Disease@MESH:D009362. Gene@7020 also acts as a Disease@MESH:D009369 suppressor via negative regulation of Gene@4609 and augmented Gene@7157-dependent transcription. However, the minor allele of Mutation@rs9348512 was not associated with gene expression changes of Gene@7020 in Disease@MESH:D001943 tissues in The Disease@MESH:D009369 (TCGA) data; this analysis might not be informative since expression of Gene@7020 in invasive breast tissue is low. Using the TCGA data and a 1 Mb window, expression changes with genotypes of Mutation@rs9348512 were observed for Gene@2651, the gene encoding the enzyme for the blood group I antigen glucosaminyl (N-acetyl) transferase 2. Gene@2651, recently found to be overexpressed in highly metastatic Disease@MESH:D001943 cell lines and basal-like Disease@MESH:D001943, interacts with Gene@7040 to promote epithelial-to-mesenchymal transition, enhancing the metastatic potential of Disease@MESH:D001943. An assessment of alterations in expression patterns in normal breast tissue from Gene@675 mutation carriers by genotype are needed to further evaluate the functional implications of Mutation@rs9348512 in the breast tumorigenesis of Gene@675 mutation carriers", "type": "paragraph"}, {"sent": "To determine whether the Disease@MESH:D001943 association with Mutation@rs9348512 was limited to Gene@675 mutation carriers, we compared results to those in the general population genotyped by BCAC and to Gene@672 mutation carriers in CIMBA. No evidence of an associations between Mutation@rs9348512 and Disease@MESH:D001943 risk was observed in the general population (OR = 1.00, 95% CI 0.98-1.02, P = 0.74), nor in Gene@672 mutation carriers (HR = 0.99, 95% CI 0.94-1.04, P = 0.75). Stratifying cases by Gene@2099 status, there was no association observed with Gene@2099-subtypes in either the general population or among Gene@672 mutation carriers (BCAC: Gene@2099 positive P = 0.89 and Gene@2099 negative P = 0.60; CIMBA Gene@672: P = 0.49 and P = 0.99, respectively). For the two SNPs associated with Disease@MESH:D001943 with Gene@4790, neither Mutation@rs619373, located in Gene@2258 (Xq26.3), nor Mutation@rs184577, located in Gene@285154;1545;5729 (2p22-Gene@644914), was associated with Disease@MESH:D001943 risk in the general population or among Gene@672 mutation carriers. The narrow CIs for the overall associations in the general population and in Gene@672 mutation carriers rule out associations of magnitude similar to those observed for Gene@675 mutation carriers. The consistency of the association in the discovery and replication stages and by country, the strong quality control measures and filters, and the clear cluster plot for Mutation@rs9348512 suggest that our results constitute the discovery of a novel Disease@MESH:D001943 susceptibility locus specific to Gene@675 mutation carriers rather than a false positive finding. Replicating this SNP in an even larger population of Gene@675 mutation carriers would be ideal, but not currently possible because we know of no investigators with appropriate data and germline DNA from Gene@675 mutation carriers who did not contribute their mutation carriers to iCOGS. However, CIMBA studies continue to recruit individuals into the consortium", "type": "paragraph"}, {"sent": "Mutation@rs9348512 (6p24) is the first example of a common susceptibility variant identified through GWAS that modifies Disease@MESH:D001943 risk specifically in Gene@675 mutation carriers. Previously reported Gene@675-modifying alleles for Disease@MESH:D001943, including those in Gene@2263, Gene@27324, Gene@4214, Gene@4046, 2q35, Gene@9497, 5p12, 1p11.2, Gene@22891, and 19p13.1 (Gene@2099-negative only), are also associated with Disease@MESH:D001943 risk in the general population and/or Gene@672 mutation carriers. Knowledge of the 6p24 locus might provide further insights into the biology of Disease@MESH:D001943 development in Gene@675 mutation carriers. Additional variants that are specific modifiers of Disease@MESH:D001943 risk in Gene@675 carriers may yet be discovered; their detection would require assembling larger samples of Gene@675 mutation carriers in the future", "type": "paragraph"}, {"sent": "While individually each of the SNPs associated with Disease@MESH:D001943 in Gene@675 mutation carriers are unlikely to be used to guide Disease@MESH:D001943 screening and risk-reducing management strategies, the combined effect of the general and Gene@675-specific Disease@MESH:D001943 susceptibility SNPs might be used to tailor manage subsets of Gene@675 mutation carriers. Taking into account all loci associated with Disease@MESH:D001943 risk in Gene@675 mutation carriers from the current analysis, including the 6p24 locus, the 5% of the Gene@675 mutation carriers at lowest risk were predicted to have Disease@MESH:D001943 risks by age 80 in the range of 21-47% compared to 83-100% for the 5% of mutation carriers at highest risk on the basis of the combined SNP profile distribution. These results might serve as a stimulus for prospective trials of the clinical utility of such modifier panels", "type": "paragraph"}]}