{"sentences": [{"sent": "We report a genome-wide association study of type 2 Disease@MESH:D003920 in an admixed sample from Mexico City and describe the results of a meta-analysis of this study and another genome-wide scan in a Mexican-American sample from Starr County, TX, USA. The top signals observed in this meta-analysis were followed up in the Disease@MESH:D003920 Genetics Replication and Meta-analysis Consortium (DIAGRAM) and DIAGRAM+ datasets", "type": "abstract"}, {"sent": "We analysed 967 cases and 343 normoglycaemic controls. The samples were genotyped with the Affymetrix Genome-wide Human SNP array 5.0. Associations of genotyped and imputed markers with type 2 Disease@MESH:D003920 were tested using a missing data likelihood score test. A fixed-effects meta-analysis including 1,804 cases and 780 normoglycaemic controls was carried out by weighting the effect estimates by their inverse variances", "type": "abstract"}, {"sent": "In the meta-analysis of the two Hispanic studies, markers showing suggestive associations (Gene@4790) were identified in two known Disease@MESH:D003920 genes, Gene@6927 and Gene@3784, as well as in several additional regions. Meta-analysis of the two Hispanic studies and the recent DIAGRAM+ dataset identified genome-wide significant signals (p<5x10-8) within or near the genes Gene@6927 and Gene@1029/Gene@1030, as well as suggestive associations in three additional regions, Gene@10644, Gene@3784 and the previously unreported Gene@283601", "type": "abstract"}, {"sent": "We observed numerous regions with suggestive associations with type 2 Disease@MESH:D003920. Some of these signals correspond to regions described in previous studies. However, many of these regions could not be replicated in the DIAGRAM datasets. It is critical to carry out additional studies in Hispanic and American Indian populations, which have a high prevalence of Disease@MESH:D003924", "type": "abstract"}, {"sent": "Recent genome-wide association (GWA) studies have dramatically increased the number of known type 2 Disease@MESH:D003920 susceptibility loci. To date, approximately 40 loci have been confirmed using this approach. However, most have been identified in populations of European ancestry, and the number of GWA studies in non-European populations has been very limited. It is critical to expand this type of study to other population groups because GWA scans in European populations may fail to identify some type 2 Disease@MESH:D003920 susceptibility variants in some situations, e.g. when: (1) the low-risk or high-risk alleles are nearly fixed in Europeans; (2) linkage disequilibrium (LD) with nearby tag single nucleotide polymorphisms (SNPs) is too weak in Europeans for the effects of risk alleles to be detected; or (3) there is too much allelic heterogeneity for associations with any single tag SNP to be detected. The identification of susceptibility variants within the gene Gene@3784 in two Japanese studies is an excellent example. These variants were not identified in any of the previous, larger GWA studies in European populations, because the high frequencies observed for the risk alleles in Europe resulted in a dramatic reduction in statistical power. Therefore, GWA studies in non-European populations are necessary in order to increase our understanding of susceptibility loci and aetiological pathways involved in type 2 Disease@MESH:D003920", "type": "paragraph"}, {"sent": "We report here the results of the first GWA study of type 2 Disease@MESH:D003920 in an admixed sample from Mexico. We also describe the results of a meta-analysis of our sample and another genome-wide scan in a Mexican-American sample from Starr County, Texas (see also Below et al. in this edition of Disease@None). Finally, we followed up some of the signals observed in the meta-analysis of the two Hispanic studies using the Disease@MESH:D003920 Genetics Replication and Meta-analysis Consortium (DIAGRAM) dataset", "type": "paragraph"}, {"sent": "A total of 1,334 individuals participated in this study, 989 cases and 345 normoglycaemic controls. The cases were recruited in Mexico City, with selection based on type 2 Disease@MESH:D003920 age at diagnosis, preference being given to participants aged <55 years at diagnosis. Disease@MESH:D003920 diagnosis was done according to the American Disease@MESH:D003920 Association criteria, i.e. fasting plasma glucose >=7.0 mmol/l or OGTT >=11.1 mmol/l for the 2 h sample. The controls were 345 healthy blood donors (175 men, 170 women) from Mexico City without a family history of type 2 Disease@MESH:D003920 and with glucose concentrations of <7.8 mmol/l after an OGTT. After quality control, 24 participants (22 cases, two controls) were eliminated from the sample for different reasons (see below), so the final sample used in the statistical analysis comprised 967 cases (664 women, 303 men) and 343 controls (169 women, 174 men). The average age of diagnosis of Disease@MESH:D003924 in the final sample of cases was 43.7 years (range 20-60). The average age of the final sample of controls was 50.7 years (range 42-68). Data on BMI were available for cases and controls. Informed consent was obtained from each participant, and the research was approved by the ethical research boards of the Medical Center 'Siglo XXI' and the University of Toronto", "type": "paragraph"}, {"sent": "Genotyping was carried out in the microarray analysis facility located in the Centre for Applied Genomics (Toronto, ON, Canada), using the Affymetrix Genome-wide Human SNP array 5.0 (Affymetrix, Santa Clara, CA, USA) and following standard protocols. Genotype calling was done with the Affymetrix Power Tools software package, including the full sample set and using two genotyping algorithms, the BRLMM-P and Birdseed algorithms (www.affymetrix.com, accessed 1 December 2010). To minimise genotyping errors, the PLINK version 1.06 (http://pngu.mgh.harvard.edu/~purcell/plink/, accessed 1 December 2010) was used to merge the genotype results obtained with both algorithms, using the consensus call mode. The concordance for autosomal SNPs between the genotype calls obtained with the BRLMM-P and the Birdseed algorithms was 99.71%. The missing genotype rate in the sample of cases was 0.59% and the missing genotype rate in the sample of controls was 0.79%. We genotyped six individuals (four cases, two controls) in duplicate and the concordance rate was 99.88%", "type": "paragraph"}, {"sent": "On the basis of a preliminary analysis using 430,321 autosomal markers, one sample was excluded from the dataset due to high missing genotype rates (>5%) and 23 samples due to cryptic relatedness (n=20) or sample duplication (n=3). For pairs of individuals with identity by descent estimates >0.2, we removed the sample with the highest proportion of missing genotypes. From the initial list of autosomal markers, we additionally removed SNPs based on the following criteria: (1) minor allele frequency <5%; (2) Hardy-Weinberg p values <0.0001 in the control group; and (3) missingness >5% in the cases and the controls. After filtering, the final number of autosomal markers was 315,658. All the quality control procedures were completed using PLINK", "type": "paragraph"}, {"sent": "Individual admixture proportions were estimated with the program ADMIXMAP (http://homepages.ed.ac.uk/pmckeigu/admixmap/index.html, accessed 1 December 2010) using a genome-wide panel of 3,500 ancestry informative markers. This panel of ancestry informative markers was selected using genome-wide data available for European, West African and American Indian populations", "type": "paragraph"}, {"sent": "To evaluate population stratification in the sample from Mexico City (e.g. potential differences in ancestry proportions between cases and controls), we used EIGENSOFT (http://genepath.med.harvard.edu/~reich, accessed 1 December 2010) to perform a principal component analysis of the Mexico City sample, after pruning markers showing short-range and long-range LD at a threshold of r2=0.2. The first axis explains the majority of the variation in the sample (the eigenvalue for the first axis was 17.6 vs less than 2 for the remaining axes). The scores of the first axis show a very strong correlation with the American Indian admixture proportions estimated with ADMIXMAP (R2=0.991) and were significantly associated with type 2 Disease@MESH:D003920. For this reason, the scores of the first axis were incorporated as covariates in the association tests", "type": "paragraph"}, {"sent": "We imputed untyped genotypes with Impute version 2 (https://mathgen.stats.ox.ac.uk/impute/impute.html, accessed 1 December 2010), using the HapMap Phase 2 combined sample as a phased reference sample and the HapMap Phase 3 Mexican-American sample as an unphased reference sample. To evaluate the performance of the imputation, we randomly masked 5% of the markers (n=1,046) directly genotyped on chromosome 12 and compared the imputed genotypes with the Affymetrix genome-wide Human SNP array 5.0 genotype calls. For this analysis, imputed genotypes with probabilities <0.9 were set as missing data. Of the imputed genotypes, 85.7% had probabilities higher than 0.9 and the concordance rate observed between the Affymetrix 5.0 genotypes and the imputed genotypes was 99.4%. In an independent analysis, we masked 100 markers on chromosomes 4, 9, 16 and 20 from the inference files used for imputation and compared the imputed genotypes with the original genotypes obtained with the Affymetrix 5.0 microchip. This analysis resulted in 74.4% of imputed genotypes with probabilities higher than 0.9 and a concordance rate of 99.0%", "type": "paragraph"}, {"sent": "Associations of the genetic markers with type 2 Disease@MESH:D003920 were tested with SNPTEST version 2 (http://www.stats.ox.ac.uk/~marchini/software/gwas/snptest.html, accessed 1 December 2010) using the frequentist association tests implemented in the program, based on an additive model. To control for genotype uncertainty, we used the missing data likelihood score test (the score method). The statistical model incorporated sex, age and ancestry, and alternatively, sex, age, ancestry and BMI. In this case, ancestry corresponds to the coordinates of the first principal component of the Mexico City sample (see above, Population stratification)", "type": "paragraph"}, {"sent": "We used META (http://www.stats.ox.ac.uk/~jsliu/meta.html, accessed 1 December, 2010) to carry out an inverse variance fixed-effects meta-analysis of the Mexico City and the Starr County studies (for more details about the Starr County GWAs, see Below et al. in this edition of Disease@None). GWAMA (http://www.well.ox.ac.uk/gwama, accessed 1 December, 2010) was used to carry out an inverse variance fixed-effects meta-analysis of the top signals observed in the Hispanic studies and the 2008 DIAGRAM and DIAGRAM+ datasets", "type": "paragraph"}, {"sent": "A figure depicting the statistical power of the meta-analysis is available in the companion paper by Below et al.", "type": "paragraph"}, {"sent": "Analysis with ADMIXMAP indicated that the sample from Mexico City is an admixed sample with substantial American Indian and European contributions, and very limited West African influence. The average American Indian ancestry in the sample was estimated to be 63%, the average European ancestry 34% and the average West African ancestry 3%. Figure 1 shows the individual admixture proportions in the Mexico City sample, as well as the average admixture proportions for the case and control groups. There was considerable variation in admixture proportions in the American Indian-European axis. Additionally, a substantial difference in American Indian admixture proportions was observed in the case and control groups (66% vs 57%, respectively). The effect of population stratification (difference in admixture proportions between cases and controls) is clearly evident in the Quantile-Quantile (QQ) plot comparing p values of the score test conditioning on sex and age with the values expected under the null model of no association (electronic supplementary material [ESM] Fig. 1). Under this model, there was a strong departure of the observed and expected p values. In contrast, the score test conditioning on sex, age and ancestry produced a QQ plot with a good fit between observed and expected p values (ESM Fig. 2). Therefore, inclusion of ancestry in the model corrected for the effects of stratification in this sample", "type": "paragraph"}, {"sent": "The statistical analysis was carried out for approximately 2 million common markers (~300,000 directly genotyped and ~1.7 million imputed markers), using the missing likelihood score test implemented in SNPTEST version 2. The Manhattan plots summarising the results of the analyses and controlling for sex, age and ancestry, and sex, age, ancestry and BMI are presented as ESM Figs 3 and 4. ESM Tables 1 and 2 show the top signals (Gene@4790) observed in the analysis with sex, age and ancestry, and sex, age, ancestry and BMI as covariates, respectively, annotated using WGA Viewer", "type": "paragraph"}, {"sent": "We performed a fixed-effects meta-analysis of two GWA studies carried out in individuals of Mexican ancestry, i.e. our Mexico City study (967 type 2 Disease@MESH:D003920 cases, 343 normoglycaemic controls) and a study in Starr County, Texas, USA (837 cases, 437 normoglycaemic controls). Table 1 lists the markers showing suggestive associations (Gene@4790) in the meta-analysis without and with BMI as a covariate. Only markers that were nominally significant (p<0.05) in both studies are included, with only markers with the lowest p values in each region being reported. The meta-analysis was carried out with META, setting the information content exclusion threshold for the imputed markers (score information) at 0.5. The lowest p values were observed for two variants within and near the gene Gene@6927 on chromosome 12 (p=3.5x10-7 lowest p value). Eight additional regions with SNPs showing values of Gene@4790 were identified in the meta-analysis, corresponding to the genes RP11-354K1.1 on chromosome 1, Gene@4045 on chromosome 3, Gene@2257 on chromosome 3, Gene@64478 on chromosome 8, Gene@79815 on chromosome 8, Gene@11113 on chromosome 12 and Gene@9681 on chromosome 22, as well as an expressed sequence tag located on chromosome 9. In the analysis incorporating BMI as a covariate, the markers located within or near the genes Gene@4045 and Gene@79815 were not among the top signals, and there were several new regions with values of Gene@4790 in this analysis, including the genes Gene@2048 on chromosome 1, Gene@287 on chromosome 4, Gene@79648 on chromosome 8 and Gene@3784 on chromosome 11", "type": "paragraph"}, {"sent": "The signals observed in the samples of Mexican ancestry were further explored by meta-analysis using the 2008 DIAGRAM consortium data-set, which included three GWA studies in individuals of European ancestry (Wellcome Trust Case-Control Consortium [WTCCC], Disease@MESH:D003920 Genetics Initiative [DGI] and the Finland-United States Investigation of NIDDM Genetics [FUSION] studies). Table 2 describes the markers with global values of Gene@4820 that show the same direction of effect in the Hispanic and European studies. The list includes markers in five regions that have been identified in previous GWA studies: Gene@10644 on chromosome 3 (lowest p value p=9.5x10-6), Gene@5789 on chromosome 9 (lowest p value p=4.4x10-7), a region near Gene@1029/Gene@1030 on chromosome 9 (lowest p value p=9.6x10-10), Gene@3784 on chromosome 11 (lowest p value p=5.6x10-6) and Gene@6927 on chromosome 12 (p=4.4x10-5). There was also one SNP in a region not previously identified in GWA studies, Gene@283601 on chromosome 14 (p=4.0x10-6)", "type": "paragraph"}, {"sent": "Recently, the DIAGRAM consortium expanded their meta-analysis to include eight GWA studies in individuals of European ancestry (DIAGRAM+). We did not have access to the full DIAGRAM+ dataset, but we were able to follow up the signals observed in our meta-analysis of the Hispanic (Mexico City and Starr County) and 2008 DIAGRAM studies in this expanded dataset. Table 3 reports the results of this analysis. Two of the previously described regions achieved genome-wide significance (p<5x10-8): Gene@1029/Gene@1030 (p=5.7x10-10) and Gene@6927 (p=1.9x10-8). Gene@10644, Gene@3784 and Gene@283601 also showed suggestive associations with Disease@MESH:D003924 (p=1.3x10-7, p=3.8x10-6 and p=8.0x10-6, respectively). However, the p value for Gene@5789 decreased substantially (p=0.047), driven by the changes observed in the 2008 DIAGRAM and the DIAGRAM+ datasets", "type": "paragraph"}, {"sent": "Of the top signals (Gene@4790) observed in the meta-analysis of the Mexico City and Starr County studies (Table 1), the Gene@6927 and Gene@3784 regions were confirmed in the European dataset. Also, the marker Mutation@rs10465543 within the Gene@2048 gene was nominally significant in the DIAGRAM+ dataset (p=2.5x10-2). None of the remaining regions (we followed up only the markers with the lowest p value in each region) were nominally significant in the DIAGRAM+ dataset", "type": "paragraph"}, {"sent": "We carried out a GWA study of type 2 Disease@MESH:D003920 in a sample from Mexico City. We observed strong evidence of population stratification due to variation in admixture proportions within the sample (Fig. 1). These results are in agreement with our previous research, in which we had described an association between American Indian ancestry and Disease@MESH:D003924 in a sample from Mexico City. However, it is important to note that socioeconomic status was inversely correlated with Disease@MESH:D003920 risk and American Indian ancestry in that study. A strong association between socioeconomic status and genetic ancestry has also been reported in other admixed samples in the Americas. Unfortunately, we do not have information on socioeconomic status for all the samples included in the present analysis. However, an analysis of the subset of samples for which we have information on education showed, in agreement with our previous research, that American Indian ancestry was inversely correlated with education (data not shown). Thus, some of the association between ancestry and disease risk observed in our sample could have been mediated by the effects of socioeconomic status. Irrespective of the factors responsible for the strong population stratification observed in the sample from Mexico City, inclusion of ancestry in the statistical model corrects for the effects of population stratification (ESM Figs 1 and 2). Our study emphasises the need to include ancestry in GWA studies in admixed populations, in order to control for confounding. The comparison of our sample from Mexico City with other samples of Mexican ancestry from the US (Mexican-Americans from Los Angeles and Starr County) highlights the large variation in admixture proportions (and also in the extent of population stratification) that may be present in populations of Mexican ancestry living in different geographic areas. For example, based on a genome-wide panel of markers, we estimated that the average American Indian contribution to the Mexican-American HapMap and Starr County samples is substantially lower than that observed in Mexico City (approximately 20% and 30% lower, respectively). Additionally, in contrast to the strong stratification observed in Mexico City, the scores of the top axes of the principal component analysis were not significantly associated with type 2 Disease@MESH:D003920 in the Starr County sample", "type": "paragraph"}, {"sent": "In our statistical analysis of the Mexico City sample, we identified several regions showing suggestive associations with Disease@MESH:D003924 (ESM Tables 1 and 2). We also performed a meta-analysis of two type 2 Disease@MESH:D003920 GWA studies in Hispanics (Mexico City and Starr County, Texas, USA), further exploring the SNPs that showed nominal significance and similar direction of effect in those analyses in samples of European ancestry (2008 DIAGRAM and DIAGRAM+ datasets). Two of the top signals (Gene@4790) observed in the Mexico City/Starr County meta-analysis correspond to regions identified in previous GWA studies: Gene@6927 (Gene@6927) and Gene@3784 (Gene@3784)", "type": "paragraph"}, {"sent": "Variants within and near Gene@6927 showed the lowest p values in our Hispanic meta-analysis. Functional mutations in this gene underlie Gene@6927, (MIM number 600496), a familial form of Disease@MESH:D003924 with early age of onset and autosomal dominant inheritance. Additionally, a marker near Gene@6927 reached genome-wide significance in the joint analysis of stage 1 and 2 data in the recent DIAGRAM+ study (Mutation@rs7957197, p=2.4x10-8). This meta-analysis in European samples added Gene@6927 to an increasing list of loci involved in monogenic/Disease@MESH:D003920 and in the more common, multifactorial type 2 Disease@MESH:D003920, which currently includes Gene@2645, Gene@6928, Gene@5468, Gene@7466 and Gene@3767. The SNP with the lowest p value in our Hispanic meta-analysis (Mutation@rs7305618) (Table 1) also showed suggestive p values in the DIAGRAM+ study (p=6.0x10-6) and achieved genome-wide significance in the combined Hispanic/DIAGRAM+ meta-analysis (p=1.9x10-8, Gene@10820) (Table 3). The sentinel SNP reported in the DIAGRAM+ study (Mutation@rs7957197) is located less than 60 kilobases apart from Mutation@rs7305618 on chromosome 12. Unfortunately, data for Mutation@rs7957197 were not available for the Starr County sample. However, these two SNPs are in relatively strong LD in the HapMap European sample (r2=0.54, D'=0.923) and they show similar p values in the Mexico City sample (Mutation@rs7957197 p=0.0012; Mutation@rs7305618 p=0.001), suggesting that the Hispanic and European studies may be capturing the same signal", "type": "paragraph"}, {"sent": "Polymorphisms within the gene Gene@3784 were originally associated with susceptibility to type 2 Disease@MESH:D003920 in two relatively small GWA studies in Japanese samples and have been confirmed in many subsequent studies, including two recent GWA studies. Interestingly, one of the intronic variants identified in our Hispanic meta-analysis, Mutation@rs2237892 (p=4.4x10-5) is the same variant described in one of the original Japanese studies. This SNP also had a nominally significant p value in the DIAGRAM+ dataset (p=2.7x10-3), while the p value of the Hispanic/DIAGRAM+ meta-analysis was 3.8x10-6 (OR 1.20) (Table 3). Similarly to the situation described in East Asians, the frequency of the Mutation@rs2237892 risk allele (C allele) is substantially higher in Europeans than in American Indian populations (data not shown). Importantly, it should be noted that there is now evidence of two independent signals in Gene@3784. The recent DIAGRAM+ study identified a genome-wide signal in this gene (lead SNP, Mutation@rs231362, p=2.8x10-13), which is independent of the markers identified in East Asian scans. The SNPs Mutation@rs231362 and Mutation@rs2237892 are not correlated in the European HapMap (r2=0.019), East Asian HapMap (r2=0.016) or the Mexico City samples (r2=0.001). The marker Mutation@rs231362 is not significant in the Mexico City sample (p=0.195), and the p value in the Starr County study was p=0.040 (meta-analysis p=0.016)", "type": "paragraph"}, {"sent": "Other loci identified in the Hispanic/DIAGRAM+ meta-analysis and reported in previous GWA studies are Gene@1029/Gene@1030 (Gene@1029;1030) on chromosome 9 and Gene@10644 (Gene@10644) on chromosome 3. Several GWA studies in European and Japanese populations have identified genome-wide associations between markers near Gene@1029/Gene@1030 and type 2 Disease@MESH:D003920. In our Hispanic meta-analysis, the SNP Mutation@rs1333051 had a p value of 2.3x10-4. The p value in DIAGRAM+ for this marker was p=7.1x10-8 and the combined Hispanic/DIAGRAM+p value reached genome-wide significant levels (p=5.7x10-10, OR 1.22). In the Mexico City sample, Mutation@rs1333051 is in strong LD with the lead SNPs reported in Japanese and European studies, e.g. Mutation@rs2383208 and Mutation@rs10811661 (r2>0.75, D'>0.95). SNPs within the Gene@10644 gene have also been associated with type 2 Disease@MESH:D003920 in many GWA studies. The intronic variant Mutation@rs1374910 located within this gene showed suggestive evidence of association in the Hispanic/DIAGRAM+ meta-analysis (p=1.3x10-7, OR 1.24). In the Mexico City sample, Mutation@rs1374910 showed weak LD with the sentinel SNPs reported in previous studies, e.g. Mutation@rs1470579, Mutation@rs6769511 and Mutation@rs4402960 (r2<0.10, D'<0.45), while the p value for Mutation@rs1374910 (p=9.6x10-5) in the Hispanic meta-analysis was substantially lower than those observed for the other three markers (p=0.01 approx.). The opposite is the case for the DIAGRAM+ study (Mutation@rs1470579, p=2x10-9 and Mutation@rs1374910, p=4.1x10-5). It would be interesting to explore this region in more detail in additional populations", "type": "paragraph"}, {"sent": "Finally, we observed another region on chromosome 14 showing suggestive association with type 2 Disease@MESH:D003920 in the Hispanic/DIAGRAM+ meta-analysis. The SNP Mutation@rs730570, which is very close to Gene@283601 (Gene@283601), showed a combined p value of p=8.0x10-6 in this analysis (Gene@10820) (Table 3). To our knowledge, this region has not been reported in previous GWA studies. It and other markers in this region should therefore be followed up in additional studies in order to confirm its potential involvement in type 2 Disease@MESH:D003920 risk", "type": "paragraph"}, {"sent": "Many of the top signals observed in our meta-analysis of the Mexico City and Starr County studies could not be confirmed in the DIAGRAM+ dataset. The markers identified near or within the genes RP11-354K1.1, Gene@4045, Gene@2257, Gene@287, Gene@64478, Gene@79648, Gene@79815, Gene@160728, Gene@11113, Gene@1139 and Gene@9681, as well as the intergenic region on chromosome 9 (Table 1), were not nominally significant in the DIAGRAM+ meta-analysis. Similarly, one of the loci initially identified in the Hispanic/2008 DIAGRAM meta-analysis (Gene@5789) could not be confirmed in the DIAGRAM+ dataset. It is possible that some of these signals are just false positives. Alternatively, these discrepancies may be due to population differences between the Hispanic and DIAGRAM datasets. The two samples of Mexican ancestry show a substantial American Indian component (in fact, the sample from Mexico City has primarily American Indian ancestry). It is crucial to follow up these regions in additional Hispanic and/or American Indian samples in order to clarify these issues. Interestingly, some of the genes mentioned above have been previously associated with Disease@MESH:D003924 or Disease@MESH:D003920-related traits in previous studies, and/or are relevant from the functional point of view. For example, the gene Gene@5789) has been previously associated with Disease@MESH:D003924 in a recent GWA study in Han Chinese. However, the variant identified in the Chinese study (Mutation@rs17584499) was not significant in our meta-analysis (p=0.517). A recent study exploring the genetic determinants of Disease@MESH:D008659 in the Framingham Heart Study (Offspring Cohort, Exam 7) identified an association between Gene@64478 (Gene@64478) and Disease@MESH:D008659 using two different approaches. Finally, recent studies have highlighted the potential role of the product of Gene@287, Gene@287, in metabolic regulation. Kline et al. demonstrated that the C-terminal domain of Gene@3767, a critical component of KATP channels in many cells including pancreatic cells, contains a C-terminal Gene@287-binding motif that is important in KATP channel trafficking and membrane metabolic regulation. Healy et al. reported that Gene@287 is involved in parasympathetic potentiation of glucose-stimulated Gene@3630 secretion, and that the Mutation@rs121912706 mutation of Gene@287 impaired its function in pancreatic islets and is associated with type 2 Disease@MESH:D003920 in individuals of European descent and Hispanics", "type": "paragraph"}, {"sent": "In summary, we report the results of a GWA study of type 2 Disease@MESH:D003920 in an admixed sample from Mexico City and of a meta-analysis combining this study with another genome-wide survey in a Mexican-American sample from Starr County, Texas, USA. It is critical to carry out additional GWA studies in Hispanic and American Indian populations, which have a high prevalence of Disease@MESH:D003924. Most of the recent advances in our knowledge of the genetic architecture of type 2 Disease@MESH:D003920 have been driven primarily by GWA studies in European populations, which have sampled tens of thousands of individuals. Further advancement will require a similar effort in other population groups in order to obtain a more complete understanding of the common genetic factors involved in type 2 Disease@MESH:D003920 risk", "type": "paragraph"}, {"sent": "Triangular representation of admixture proportions in the sample from Mexico City, estimated with ADMIXMAP. Individual admixture proportions are indicated by squares. Star, average admixture proportions in the case group; diamond, average admixture proportions in the control grou", "type": "fig_caption"}, {"sent": "Top signals observed in the meta-analysis of the Mexico City and Starr County studie", "type": "table_caption"}, {"sent": "List of markers with combined p values of Gene@4820 in the Hispanic and 2008 DIAGRAM datase", "type": "table_caption"}, {"sent": "Follow-up of markers listed in Table 2 in the recent DIAGRAM+ datase", "type": "table_caption"}]}