{"sentences": [{"sent": "To investigate whether the two subtypes of advanced age-related macular degeneration (Disease@MESH:D006009), choroidal neovascularization (CNV) and Disease@MESH:D057092 (GA), segregate separately in families and to identify which genetic variants are associated with these two subtypes", "type": "abstract"}, {"sent": "For the sibling correlation study, we included 209 sibling pairs with advanced Disease@MESH:D006009. For the GWAS, we included 2594 participants with advanced Disease@MESH:D006009 subtypes and 4134 controls. Replication cohorts included 5383 advanced Disease@MESH:D006009 participants and 15,240 controls", "type": "abstract"}, {"sent": "Participants had Disease@MESH:D006009 grade assigned based on fundus photography and/or examination. To determine heritability of advanced Disease@MESH:D006009 subtypes, we performed a sibling correlation study. For the GWAS, we conducted genome-wide genotyping and imputed 6,036,699 single nucleotide polymorphism (SNPs). We then analyzed SNPs with a generalized linear model controlling for genotyping platform and genetic ancestry. The most significant associations were evaluated in independent cohorts", "type": "abstract"}, {"sent": "Concordance of advanced Disease@MESH:D006009 subtypes in sibling pairs and associations between SNPs with GA and CNV advanced Disease@MESH:D006009 subtypes", "type": "abstract"}, {"sent": "The difference between the observed and expected proportion of siblings concordant for the same subtype of advanced Disease@MESH:D006009 was different to a statistically significant degree (P=4.2 x 10-5) meaning that siblings of probands with CNV or GA are more likely to develop CNV or GA, respectively. In the analysis comparing participants with CNV to those with GA, we observed a statistically significant association at the Gene@387715/Gene@5654 locus [Mutation@rs10490924, odds ratio (OR)=1.47, P=4.3 x10-9] which was confirmed in the replication samples (OR=1.38, P=7.4 x 10-14 for combined discovery and replication analysis)", "type": "abstract"}, {"sent": "Whether a patient with Disease@MESH:D006009 develops CNV vs. GA is determined in part by genetic variation. In this large GWAS meta-analysis and replication analysis, the Gene@387715/Gene@5654 locus confers increased risk for both advanced Disease@MESH:D006009 subtypes but imparts greater risk for CNV than for GA. This locus explains a small proportion of the excess sibling correlation for advanced Disease@MESH:D006009 subtype. Other loci were detected with suggestive associations which differ for advanced Disease@MESH:D006009 subtypes and deserve follow-up in additional studies", "type": "abstract"}, {"sent": "Age-related macular degeneration (Disease@MESH:D006009) is the most common cause of irreversible Disease@MESH:D014786 in older adults. Vision loss from Disease@MESH:D006009 most often occurs when the disease progresses to one of two advanced forms, Disease@MESH:D057092 (GA) or choroidal neovascularization (CNV). Clinical characteristics and histological features of GA and CNV suggest distinct pathological pathways in their development. GA is usually slowly progressive and involves Disease@MESH:D001284 of the macular neurosensory cells, whereas CNV often presents with Disease@MESH:D014786 and involves growth of abnormal choroidal vessels under the macula. Both advanced forms can be found in the same patient; GA and CNV can occur in the same eye or a patient may have GA in one eye and CNV in the other. While there are also some predisposing pathophysiologic changes in the extracellular matrix of the macula that are seen in both types of Disease@MESH:D006009, it is unclear what leads eyes with early or intermediate disease to progress to one advanced subtype or the other. Some differences in the effects of environmental risk factors, such as Disease@MESH:D006973 and cigarette smoking, on the development of neovascular vs. non-neovascular Disease@MESH:D006009 have been suggested. However, these environmental risk factors alone do not explain the entire difference in development of the two subtypes", "type": "paragraph"}, {"sent": "The genetic predisposition of overall Disease@MESH:D006009 has been clearly demonstrated, and genetic association studies have been very successful in uncovering common variants at several loci that account for this. These case-control association studies have most commonly included a combination of patients with GA and patients with CNV together as advanced cases. Subgroup analyses performed as part of some of these investigations have not generally found significant differences in the risk allele frequencies for CNV vs. GA, which may be due to limited power given the relatively small number of patients with GA in these investigations. However, in the subgroup analyses for the largest GWAS performed to date and in a candidate gene study performed by our group in a large sample, the Gene@387715/Gene@5654 locus (Mutation@rs10490924) was associated with a greater risk of CNV compared with GA. Interestingly, no other loci have been proven to predispose specifically to one of the advanced forms. Herein we report new information and expand upon our previous analyses of this subphenotype difference in the following ways: (1) including novel evidence for sibling correlation, (2) investigating more than 6 million additional loci using genome-wide data with improved imputation methods based on the 1000 Genomes Project, (3) adding in depth analyses of the single nucleotide polymorphisms (SNPs) associated with overall advanced Disease@MESH:D006009, including the recently reported Gene@2444/Gene@1300 and Gene@7422 loci, and (4) incorporating additional replication samples. The purposes of this study were to determine whether development of CNV vs. GA is heritable and to identify genetic variants that may explain differences in risk of CNV vs. GA with an unbiased method of examining genetic loci across the genome", "type": "paragraph"}, {"sent": "The methods employed in this study conformed to the tenets of the Declaration of Helsinki. Informed consent was obtained from all participants, and this work is Health Insurance Portability and Accountability Act (HIPAA)-compliant. Institutional Review Board (IRB)/Ethics Committee approval was obtained", "type": "paragraph"}, {"sent": "To determine the heritability of GA and CNV, we performed a sibling correlation study. A sibling correlation analysis examines whether siblings are more likely to have the same subtype of advanced Disease@MESH:D006009 than what would be expected by chance alone, if there were no shared genetic or environmental risk factors that contribute to the subtype development. Participants for this analysis were derived from the Family Study of Disease@MESH:D006009. Families with two or more siblings reported to have Disease@MESH:D006009 (large drusen, GA, or CNV) were recruited from the Disease@MESH:D006009 database of the principal investigator (JMS), from other ophthalmologists throughout the country, from Age-Related Eye Disease Study (AREDS) Ancillary Study, and through various media (newspapers, newsletters, brochures). All siblings were assessed with ocular examination and fundus photography. For this analysis, two siblings were chosen from each family in the Family Study of Disease@MESH:D006009 database. Both siblings had either GA or CNV in at least one eye, and if bilateral advanced disease was present, they could not have GA in one eye and CNV in the other eye. If there were only two siblings with advanced Disease@MESH:D006009 in the family that met the criteria, those two were chosen. If the family had more than two siblings with advanced Disease@MESH:D006009 who met the criteria, a computer-generated randomization algorithm selected the two siblings. We calculated the observed proportion of sibling pairs (1) who both had GA as their worse eye grade, (2) who both had CNV as their worse eye grade, and (3) in which one sibling had GA as the worse eye grade and the other sibling had CNV as the worse grade. The expected proportions for these three categories were calculated based on the number of individuals with each eye grade, assuming that the occurrence of the two subphenotypes of CNV and GA was not heritable. The distributions of the observed vs. expected proportions of the three sibling pair categories were compared using the chi-square test", "type": "paragraph"}, {"sent": "Because the Gene@387715/Gene@5654 locus has been shown to contribute to potential heritability of the two subphenotypes, we also calculated the expected proportions for the three sibling pair categories controlling for Gene@387715/Gene@5654 genotype. For this analysis, participants were divided into three groups based on their observed Gene@387715/Gene@5654 genotype group (GG, Disease@None and TT). Within each genotype group, we then randomly reassigned each participant's phenotype to CNV or GA while preserving the observed proportion of participants with CNV vs. GA within each genotype group. This random assignment was performed with a computer-generated algorithm. We then recalculated the proportion of siblings in each category. This analysis was done to assess how much of the sibling correlation we observed for advanced Disease@MESH:D006009 subtype could be explained by Gene@387715/Gene@5654 genotype", "type": "paragraph"}, {"sent": "For the GWAS, the cases and controls were derived from the Tufts/Massachusetts General Hospital (MGH) GWAS Cohort Study, the Michigan, Mayo, Age-Related Eye Disease Study (AREDS), Pennsylvania (MMAP) Cohort Study, as well as controls from the Disease@MESH:D009203 Genetics Consortium (MIGen)  and the Genetic Association Information Network (GAIN) Disease@MESH:D012559 Study.  Information on the publicly available MMAP and GAIN dataset sources is available in Appendix 1 at http://aaojournal.org. All patients were of European ancestry. For the Tufts/MGH GWAS Cohort Study, Disease@MESH:D006009 grade was assigned based on fundus photography and ocular examination (Clinical Age-Related Disease@MESH:D008268 Grading System [CARMS] advanced Disease@MESH:D006009 grades 4 and 5). CARMS Grade 4 is defined as either GA with involvement of the macular center or noncentral GA at least 350 microm in size. CARMS Grade 5 is defined as exudative Disease@MESH:D006009 including nondrusenoid pigment epithelial detachments, serous or Disease@MESH:D012163, CNV with subretinal or Disease@MESH:C537835 or Disease@MESH:D005355, or scarring consistent with the treatment of Disease@MESH:D006009. If a patient had evidence of both GA and CNV in the same eye, they were classified as a Grade 5 (CNV) in that eye. The final designation of grade for each participant was based on the highest grade in either eye. Therefore a patient had Grade 4 (GA) in one eye and a Grade 5 (CNV) in the other eye, was designated a Grade 5 (CNV) for the purposes of this study. Examined participants without Disease@MESH:D006009 were unrelated to cases, 60 years of age or older, and were defined as individuals without macular degeneration, categorized as CARMS stage 1, based on fundus photography and ocular examination. We included only MMAP cases with GA or CNV in the analysis; early and intermediate Disease@MESH:D006009 cases were excluded. MIGen controls have been included in our previous GWAS study and were described in detail. Shared controls from the Disease@MESH:D012559 Study were described in Manolio et al. The combined Tufts/MGH, MMAP, MIGen and GAIN dataset will be referred to as the Tufts/MMAP/MIGen/GAIN (TMMG) sample. This dataset has been previously described in further detail", "type": "paragraph"}, {"sent": "The Tufts/MGH and MIGen samples were genotyped at the Broad Institute and National Center for Research Resources (NCRR) Center for Genotyping and Analysis using the Affymetrix SNP 6.0 GeneChip (AFFY 6.0, 909622 SNPs).  Shared controls from the GAIN study obtained from dbGaP were also genotyped by using the Affymetrix SNP 6.0 GeneChip. MMAP samples obtained from dbGaP were genotyped on the Illumina HumanCNV370v1 Bead Array (ILMN 370, 370404 SNPs). All samples included in this study met quality-control measures as described previously. For the meta-analysis of GWAS, we included only high quality imputed genotypes (INFO >0.6) and minor allele frequency (MAF) > 0.01. The INFO score is a measure of imputation reliability. A consensus set of 6,036,699 high quality SNPs from each imputed dataset was analyzed by PLINK using a generalized linear model controlling for the genotyping platform and genetic ancestry based on principal component analysis by EIGENSOFT. The imputed genotypes were coded by the allele dosage for each SNP in the analysis", "type": "paragraph"}, {"sent": "We performed three main GWAS analyses. First, we compared individuals who had CNV in at least one eye to those with GA in at least one eye. If a patient had GA in one eye and CNV in the contralateral eye, they were classified as a CNV case for the primary analyses. Second, we compared individuals who had GA in at least one eye and no CNV in either eye (cases) to individuals without any signs of Disease@MESH:D006009 (controls). Finally we compared individuals who had CNV in at least one eye (cases) to individuals without any signs of Disease@MESH:D006009 (controls). It is possible that some of these CNV cases had GA in their contraleral eye. We also performed each of these 10 analyses adjusting for age at ascertainment and separately in men and women. To determine if the inclusion of patients who had CNV in one eye and GA in the other eye as CNV cases in the main analyses affected the association results, we performed a sensitivity analysis. The sensitivity analysis consisted of repeating the analysis with the subset of patients with grades available for both eyes and excluding the patients who had CNV in one eye and GA in the other eye. Patients with CNV and GA in the same eye were not excluded for this sensitivity analysis because we did not have sufficiently detailed phenotyping information on most patients to isolate these cases. For novel associations, the P value threshold for significance in the GWAS was P = 5x10-8. For SNPs in the thirteen loci that have previously been associated with overall advanced Disease@MESH:D006009, a P value threshold for significance of 0.0038 was determined by the Bonferroni correction method", "type": "paragraph"}, {"sent": "Replication of SNPs with the smallest P values from the CNV vs. GA and CNV vs. no Disease@MESH:D006009 analyses was pursued in ten independent cohorts from Johns Hopkins University, Columbia University, Washington University, Genentech, the Rotterdam Study, Centre for Eye Research Australia, an independent replication sample from Tufts/MGH, Hopital Intercommunal de Creteil, the Queen's University of Belfast, and Complications of Disease@MESH:D006009 Prevention Trial. All replication studies applied similar criteria for the diagnosis of cases. SNPs which met genotype quality control criteria in replication cohorts were tested for association with a generalized linear model in PLINK. We used an additive model for each SNP (0, 1, or 2 minor alleles). We conducted a combined analysis for the results of top SNPs in all participating cohorts using Cochran-Mantel-Haenszel pooling of the odds ratios (OR) and a fixed effects model with inverse-variance weighting", "type": "paragraph"}, {"sent": "From the 390 families that are part of the Family Study of Disease@MESH:D006009, 209 had sibling pairs who met the inclusion criteria for this sibling correlation analysis. The other 181 families did not meet criteria because they did not have two siblings with GA or CNV (n=145) or at least one of the siblings had GA in one eye and CNV in the other eye (n=36). The distribution of sex in the 209 sibling pairs was in line with the overall female predominance in the Family Study of Disease@MESH:D006009: 15% were brother-brother pairs, 39% were sister-brother pairs, and 46% were sister-sister pairs. The difference between the observed and expected distributions of siblings concordant for the subtype of advanced Disease@MESH:D006009 in their worse eye was statistically significant (P=4.2x10-5) (Table 1). This means that if one sibling develops CNV, the other sibling is more likely to develop CNV than GA if they develop advanced Disease@MESH:D006009. Conversely, if one sibling develops GA, the other sibling is more likely to develop GA than CNV if they develop advanced Disease@MESH:D006009. This supported the rationale for continuing the analyses to look for genetic variants that exert a differential effect on the risk of GA as compared with CNV", "type": "paragraph"}, {"sent": "The TMMG dataset contained 819 participants with GA and 1775 participants with CNV (the discovery cohort). Figure 1 (available at http://aaojournal.org) shows a plot of the first two principal components from this analysis. Principal components analysis is a way to correct for population stratification (allele frequency differences between cases and controls due to systematic ancestry differences) which can cause spurious associations in genetic association studies. The principal components analysis for genetic association studies takes the 12 genotype data from each individual to infer their genetic ancestry. It plots this genetic ancestry by individual principal components, or axes of genetic variation, to determine if the cases and controls differ in their genetic ancestry. Review of the first two principal components derived from the genetic data show no obvious difference between cases and controls, suggesting absence of any significant population stratification. We plotted our meta-analysis of GWAS P values in Quantile-Quantile (QQ) plots (Figure 2A - available at http://aaojournal.org). We observed little statistical inflation in the distribution of the association statistic (inflation factor lambdagc = 1.014). Figure 3A shows a Manhattan plot for this analysis. In the Manhattan plot, each dot represents one SNP tested in the GWAS. Each dot, or SNP, is plotted according to its location along the chromosomes of the human genome (horizontal axis) and its P value in the GWAS analysis (vertical axis). The higher the dots, the stronger the genetic association. The red line indicates the genome-wide significance threshold of 5x10-8. The Gene@387715/Gene@5654 locus is the only one to meet this significance threshold on the Manhattan plot of the GWAS analysis for CNV vs. GA", "type": "paragraph"}, {"sent": "Table 2 includes the most statistically significant SNPs for independent loci from the GA vs. CNV comparison for new and previously reported Disease@MESH:D006009 SNPs. We observed a statistically significant association signal at the Gene@387715/Gene@5654 locus (Mutation@rs10490924, P=4.3x10-9). Figure 2B (available at http://aaojournal.org) shows the QQ plot of the GWAS meta-analysis results after removal of the Gene@387715/Gene@5654 locus where the line became flattened to lambdagc = 0.999. Removal of the Gene@387715/Gene@5654 locus was done to more easily visualize if there are any other loci that are significantly associated. No other loci were associated at a genome-wide significant P value (< 5x10-8). However, several variants reached a significance level of 5.5 x10-6 to 1.4x10-6 including SNPs in Gene@83892 and Gene@4773 and SNPs near Gene@79832, BC017935, Gene@23547, Gene@11163, Gene@5921, Gene@105, and Gene@51096. After adjusting for age at ascertainment, the results were not significantly different, with Gene@387715/Gene@5654 again being the only locus to achieve genome-wide significance (OR = 1.48, P=3.6x10-9). None of the other SNPs that have been previously associated with overall Disease@MESH:D006009 were significantly associated in CNV vs. GA analysis", "type": "paragraph"}, {"sent": "When we evaluated the contribution of the Gene@387715/Gene@5654 locus to sibling correlation for Disease@MESH:D006009 subtype, a small amount of the excess sibling correlation could be explained by genetic variation in this region (Table 1). For example, the proportion of sibling pairs expected to be concordant for GA assuming no heritability was 7.7% and the observed proportion was 13.8%, or a 6.1% difference in the proportion observed vs. expected. This means that there must be shared genetic and/or environmental factors that increase the chance of two siblings having the same subtype of Disease@MESH:D006009 (in this case GA) by 6.1 percentage points over what would be expected if there were no genetic or environmental factors at play. When we controlled for the effect of the Gene@387715/Gene@5654 locus, the proportion of the sibling pairs expected to be concordant for GA expected was 8.1%, which explained 0.4% (8.1% minus 7.7%) of the 6.1% difference. If two siblings both have at least one T allele at the Gene@387715/Gene@5654 locus, they are more likely to both develop CNV than GA although genetic similarity at this locus accounts for a small part of the reason that the siblings are more likely to share the same Disease@MESH:D006009 subtype", "type": "paragraph"}, {"sent": "The replication sample consisted of independent datasets not included in the above analyses. These were included in order to confirm the associations detected in the discovery dataset. There were 4515 participants with CNV, 868 participants with GA and 15,240 participants with no Disease@MESH:D006009 in these additional datasets. We examined Mutation@rs10490924 further in these samples (Table 3). The direction of the effect for Mutation@rs10490924 was consistent in most of the replication samples with a final meta-analysis OR of 1.38 [95% confidence interval (CI) =1.27, 1.51; P=7.4 x 10-14]. Meta-analysis for the replication datasets alone yielded an OR of 1.32 (95% CI=1.18, 1.48; P=1.8x10-6). The T allele at Mutation@rs10490924 was associated with a higher risk of CNV compared with GA. When meta-analysis of independent datasets is used to estimate a combined effect, confirmation is needed that the effects found in the individual studies are similar enough that one can be confident that a combined estimate will be a meaningful description of the set of studies. Individual studies' point estimates for the effect of each SNP will vary by chance and some variation is expected. When heterogeneity is present among studies, it means that there is more variation than would be expected by chance alone and combination of these studies using meta-analysis techniques is not valid. There was no evidence for heterogeneity in the meta-analyses for Mutation@rs10490924 with P values for Q test of heterogeneity of 0.07 (I2= 41.7) and 0.07 (I2=42.7) for the analyses including and excluding the discovery cohort, respectively. In other words, heterogeneity among studies was not present to a statistically significant degree (P <0.05)", "type": "paragraph"}, {"sent": "In the discovery cohort, we also detected a region on chromosome 11 that contained several SNPs in LD with P < 5x10-6, including Mutation@rs4755455 (P=2.1x10-7) (Table 2). In age-adjusted analyses, the association with Mutation@rs4755455 was also consistent with an OR=1.59 (P=3.1x10-7). This association of Mutation@rs4755455 with advanced Disease@MESH:D006009 subtype, however, was not consistent across the replication samples, yielding meta-analysis P values of 0.003 and 0.63 for the analyses including and excluding the discovery cohort, respectively (Table 3). There was evidence for heterogeneity in the meta-analysis for Mutation@rs4755455 with a P value for Q test of heterogeneity of 0.007 (I2=58.7). When there is hetereogeneity present in a meta-analysis, one approach is to incorporate it into a random effects model which involves the assumption that the effects being estimated in the different studies are not identical, but follow a distribution. In a random effects meta-analysis, the P value for the association to Mutation@rs4755455 was not significant (P=0.75)", "type": "paragraph"}, {"sent": "Table 2 also shows the meta-analysis GWAS results comparing participants with GA to participants with CNV for SNPs previously associated with overall advanced Disease@MESH:D006009. Apart from Gene@387715/Gene@5654, none of the variants in other loci that have been previously associated with advanced Disease@MESH:D006009 had a statistically significant differential effect on risk of CNV vs. GA. The point estimates of the OR for the comparison of the two subtypes of Disease@MESH:D006009 in the GWAS were >1.10 for variants in the Gene@717, Gene@1071, and Gene@7078 loci (OR estimates 1.13-1.30). To explore these possible small differences in effect of the genes on CNV vs. GA further, we examined the previously associated loci with additional data, where available, from the replication cohorts, and there was no statistically significant association in this larger dataset other than the Gene@387715/Gene@5654 locus association (Table 3). With the additional replication data, Gene@717 and Gene@7078 maintained OR > 1.10 but still did not achieve statistical significance", "type": "paragraph"}, {"sent": "For the Tufts/MGH dataset, we had bilateral eye grades and were able to perform the additional sensitivity analysis in which we excluded cases with CNV in one eye and GA in the other eye. This dataset included 481 patients with GA and 858 patients who had CNV in at least one eye, of which 221 had CNV in one eye and GA in the other eye. With exclusion of these \"mixed\" cases from the analysis, there was no significant change in the results apart from a generalized decrease in the P values due to decreased power expected with removal of 25% of the CNV cases. For Mutation@rs10490924, the OR was 1.46 (95% CI=1.24-1.71, P= 4.2x10-6) including the \"mixed\" cases and 1.38 (95% CI=1.16-1.64, P= 2.5x10-4) excluding the \"mixed\" cases", "type": "paragraph"}, {"sent": "For the GA vs. no Disease@MESH:D006009 analysis, the TMMG dataset contained 819 participants with GA and 4134 participants without Disease@MESH:D006009. Figure 3B shows a Manhattan plot for the analysis comparing participants with GA to participants without Disease@MESH:D006009. As expected, several SNPs previously associated with advanced Disease@MESH:D006009 (Gene@3075, Gene@629, Gene@387715/Gene@5654 and C3) had P values less than the genome-wide significance threshold of 5x10-8 as indicated by the red line on the plot. In addition, we detected a region on chromosome 6 that contained three SNPs with P< 1x10-10, including Mutation@rs582301 in the Gene@10455 gene (OR=4.77, P=3.2 x 10-11). Table 4 lists the most statistically significant SNPs for independent loci from this GWAS analysis; adjustment for age at ascertainment showed similar results. Other than the known genes and Gene@10455, the following variants had P values that were suggestive of association: Mutation@rs2842992 (near Gene@6648) with P= 3.4 x 10-7, Mutation@rs1789110 (near Gene@4155) with P=4.2x10-7, and Mutation@rs722782 (near Gene@157695) with P=1.9x10-6. Because Mutation@rs582301 in Gene@10455 was rare and imputed, we pursued direct genotyping in a subset of the sample to try to validate the imputation. In a subset of 21 individuals for whom imputation predicted the genotype AG, only two actually had this genotype on direct genotyping suggesting this association is possibly due to imputation error", "type": "paragraph"}, {"sent": "For the CNV vs. no Disease@MESH:D006009 analyses, the TMMG dataset contained 1775 participants with CNV and 4134 participants without Disease@MESH:D006009. Figure 3C shows a Manhattan plot for the analysis comparing participants with CNV to participants without Disease@MESH:D006009. Only SNPs that had previously been associated with advanced Disease@MESH:D006009 - Gene@3075, Gene@3426, Gene@629, Gene@387715/Gene@5654, and C3 - had P values less than the genome-wide significance threshold of 5x10-8 as indicated by the red line on the plot. Table 4 shows the most statistically significant SNPs in independent loci from this analysis. Adjustment for age at ascertainment showed similar results. We detected regions on chromosomes 8 and 18 with several SNPs with P < 5 x 10-7 including Mutation@rs35691538 (near Gene@10221) and Mutation@rs8091635 (near Gene@56853) (P=1.3x10-7 and 1.7x10-7, respectively). To further investigate these regions, we attempted replication (Table 3). For Mutation@rs8091635, the direction of effect was not consistent in the replication sample and, after meta-analysis, the P value decreased to 2.2x10-5. There was heterogeneity present in the meta-analysis with P=0.008 for the Q test (I2=65.6). In a random effects meta-analysis, the P value for the association to Mutation@rs8091635 was 0.23. Because the minor allele of the other SNP Mutation@rs35691538 is rare and this SNP was not well imputed in replication GWAS datasets, no other replication cohorts with available GWAS data had information to contribute regarding this SNP. Two other variants were suggestive for association with CNV compared with no Disease@MESH:D006009: Mutation@rs10262213 (near Gene@29896) and Mutation@rs59795197 (Gene@8728) with P values of 1.6x10-6 and 3.6x10-6, respectively", "type": "paragraph"}, {"sent": "Table 5 shows a side-by-side comparison of the results for the GA vs. no Disease@MESH:D006009 and the CNV vs. no Disease@MESH:D006009 comparisons for loci previously associated with overall advanced Disease@MESH:D006009. We observed significant association signals (below the predetermined threshold for significance of 0.0038) for the CNV subtype vs. no Disease@MESH:D006009 comparison at SNPs in loci previously associated with overall advanced Disease@MESH:D006009. These included Gene@3990 (P=2.4x10-4), Gene@7078 (P=8.0x10-5), Gene@1071 (P=6.5x10-6), Gene@2444/Gene@1300 (P=4.1x10-5), Gene@7422 (P=2.0x10-4), and Gene@19 (P=0.002). For the GA subtype vs. no Disease@MESH:D006009 comparison, we also observed significant association signals at SNPs in many of the loci previously associated with overall advanced Disease@MESH:D006009. SNPs that met the predetermined threshold for significance of 0.0038 for known SNPs included Gene@7422 (P=0.002), Gene@1295 (P=0.0036) and Gene@2444/Gene@1300 (P=1.4x10-4). For the Gene@387715/Gene@5654 locus, the OR (95% CI) for GA vs. no Disease@MESH:D006009 was 2.52 (2.23 - 2.83) and the OR (95%CI) for CNV vs. no Disease@MESH:D006009 was 3.67 (3.33, 4.05). Of note, apart from this Gene@387715/Gene@5654 locus, the magnitude of the odds ratios related to the other genes for the two advanced subtypes were similar with overlapping confidence intervals", "type": "paragraph"}, {"sent": "GWAS analyses were performed for each sex separately for the CNV vs. GA, GA vs. no Disease@MESH:D006009 and CNV vs. no Disease@MESH:D006009 comparisons and did not reveal any additional novel associations. For the Gene@387715/Gene@5654 locus in the CNV vs. GA comparison, the association was similar in both men and women with an OR =1.52 (P=1.57x10-6) in the women-only analysis and an OR=1.39 (P=0.001) in the men-only analysis, showing a larger effect of this locus relative to other genetic loci on CNV vs. GA in both groups", "type": "paragraph"}, {"sent": "Data from our sibling analysis provides novel evidence for sibling correlation of the major subphenotypes of Disease@MESH:D006009 - CNV and GA, which can reflect shared genetic and/or environmental risk factors. These results could be used to educate patients who have a family history of one of the advanced forms of Disease@MESH:D006009 about the increased likelihood of developing the same form as their siblings. While this report provides evidence for an increased likelihood for the same advanced Disease@MESH:D006009 subtype among siblings, we do recognize that there can be substantial Disease@MESH:D006009 phenotypic heterogeneity in family members with Disease@MESH:D006009 and it is not uncommon to have several Disease@MESH:D006009 subphenotypes in one family", "type": "paragraph"}, {"sent": "Having established excess sibling correlation of these subphenotypes and demonstrated a difference between CNV and GA genetic susceptibility for the Gene@387715/Gene@5654 locus previously, we undertook an analysis of GWAS data from a larger GWAS meta-analysis to try to uncover additional loci associated with an increased risk of one advanced form over the other. Our aggregate replication cohort sample was the largest to date at the initiation of analyses for this type of subphenotype analysis with 4515 CNV cases, 868 GA cases and 15240 controls with no Disease@MESH:D006009. We demonstrated a definitive genome-wide significance of the previously suggested increased risk for CNV compared with GA for the T allele of the Gene@387715/Gene@5654 locus (OR=1.38, P=7.4x10-14). The T allele at the Gene@387715/Gene@5654 locus has already been well established as a risk factor for overall advanced Disease@MESH:D006009 defined as GA and/or CNV in either eye. The finding from this paper suggests that while the T allele increases the risk of developing CNV and/or GA, it increases the risk of developing CNV to a greater degree than the risk of developing GA in patients who develop advanced Disease@MESH:D006009. Based on our results (OR=1.38) , for each T allele a participant had at the Gene@387715/Gene@5654 locus, their odds of having CNV in either or both eyes was 38% higher than their odds of having only GA in either or both eyes at the time of phenotype ascertainment which occurred once they already had advanced Disease@MESH:D006009 (GA or CNV) in at least one eye. Adjusting for age at Disease@MESH:D006009 ascertainment showed a similar result. GWAS analyses for each sex separately also demonstrated similar results in men and women", "type": "paragraph"}, {"sent": "The patients in this study who were designated CNV cases were primarily patients who only had CNV in one or both eyes and no signs of GA in either eye. However, there were some patients who had CNV in one eye and GA in the other eye. We found that inclusion of these \"mixed\" participants did not alter the result . Therefore, even in patients who might already have GA in one eye, each T allele they have confers an increased odds of developing CNV in the second eye compared with a similar patient with GA who does not have that allele", "type": "paragraph"}, {"sent": "There are some underlying biologic mechanisms which could explain why the Gene@387715/Gene@5654 locus confers this increased risk for CNV. There is evidence for a role of the Gene@5654 protein in the etiology of the angiogenesis involved in CNV; the Gene@5654 protein has been localized to vascular endothelium and may favor neovascularization by enhancing degradation of extracellular matrix components or by binding to Gene@7040, an angiogenic factor. However, in this study the Gene@387715/Gene@5654 locus only accounts for a small amount of the excess sibling correlation for advanced Disease@MESH:D006009 subtype, suggesting there are additional genetic and/or environmental factors, including smoking and nutritional factors, predisposing patients to these subtypes", "type": "paragraph"}, {"sent": "While commercial genetic testing is currently available for the Gene@387715/Gene@5654 locus, we do not recommend that this be ordered routinely at this time for Disease@MESH:D006009 patients to determine their odds of developing CNV vs. GA. The contribution to the overall heritability of advanced Disease@MESH:D006009 subtypes conferred by this locus is relatively small and we still do not know all of the genetic and environmental risk factors that contribute to subtype risk. Therefore, genetic testing for Gene@387715/Gene@5654 alone in the clinical setting would give incomplete insight to a particular patient's risk. As we learn more about additional genetic and environmental risk factors for advanced Disease@MESH:D006009 subtypes, Gene@387715/Gene@5654 genotype could be part of a comprehensive risk score in clinical practice that would affect monitoring schedules or implementation of preventive treatments. The Gene@387715/Gene@5654 genotype could be used currently in clinical trials for preventive strategies aimed at CNV. Participants with higher risk genotypes for CNV development could be selected preferentially to improve the power to detect a therapeutic effect, potentially with a shorter follow-up period", "type": "paragraph"}, {"sent": "We present the best powered study looking at all the other SNPs that have been definitely associated with overall Disease@MESH:D006009 to date in GWAS. Apart from Gene@387715/Gene@5654, no other new loci reached genome-wide significance in influencing the risk of one advanced Disease@MESH:D006009 subtype over the other (Table 2). The recently discovered Gene@7422 polymorphism was a particularly interesting candidate gene in this analysis given the important role of Gene@7422 (Gene@7422) in the pathogenesis of CNV. However, the OR for the Gene@7422 polymorphism Mutation@rs4711751 comparing GA to CNV including the replication samples was 1.06 (P=0.23). Two other known loci (Gene@717 and Gene@7078) showed ORs in the CNV vs. GA analysis that cannot exclude the possibility of small to modest differences in the magnitude of the association of these loci with each Disease@MESH:D006009 subphenotype. We could not confirm a previous report that found Gene@3075 risk alleles were more common in GA cases vs. CNV cases despite the fact that the current study is much larger and has more power statistically", "type": "paragraph"}, {"sent": "There were new variants that had P values at or near genome-wide significance in the discovery cohort that did not have consistent associations in the independent replication samples: Mutation@rs4755455 (near Gene@79832) in the CNV vs. GA analysis and Mutation@rs8091635 (Gene@56853) in the CNV vs. no Disease@MESH:D006009 analysis. The inability to replicate these associations could be due to chance statistical fluctuations in the discovery cohort, Disease@MESH:D000309 power in the replication cohort, genotyping/imputation imprecision or heterogeneity between cohorts. Although our sample was the largest to date to evaluate these associations, it was underpowered to detect variants with small effect sizes. To detect an association with a genotype relative risk of 1.10 for one of the Disease@MESH:D006009 subphenotypes with 80% power, approximately 9,500 CNV and 9,500 GA participants would be needed assuming a 40% minor allele frequency for the variant (Genetic Power Calculator at pngu.mgh.harvard.edu/~purcell/Gene@2995/, June 8, 2011). In contrast, this large GWAS meta-analysis did have sufficient power to firmly document our previous finding from a candidate gene case-control association study. In that prior study the locus had a moderate effect size with an OR of 1.37 which was quite consistent with the OR of 1.38 observed in this study, suggesting about a 38% higher risk of developing CNV vs. GA with each T allele a participant harbors", "type": "paragraph"}, {"sent": "There were several other novel SNPs with association signals whose P values approached genome-wide significance in the GWAS analyses. For example, Mutation@rs56209061 in Gene@83892 in the CNV vs. GA analysis and Mutation@rs59795197 in Gene@8728 in the CNV vs. no Disease@MESH:D006009 analysis are SNPs that may be related to advanced Disease@MESH:D006009 subtypes and merit follow up in studies with larger datasets", "type": "paragraph"}, {"sent": "In summary, we found evidence for genetic susceptibility underlying development of one form of advanced Disease@MESH:D006009 over another. We performed the largest GWAS for advanced Disease@MESH:D006009 subphenotype analysis to date at the onset of the study. We firmly documented the stronger association of the chromosome 10 locus with CNV compared with GA. Several other associated candidate loci for CNV vs. GA, GA vs. no Disease@MESH:D006009 and CNV vs. no Disease@MESH:D006009 were noted to be worthy of additional follow-up. Larger meta-analysis efforts will be key to increasing power in these subtype analyses and may lead to replication of these loci or identification of additional loci with smaller effect sizes which differ between advanced Disease@MESH:D006009 subtypes", "type": "paragraph"}, {"sent": "Genome-wide association \"discovery\" analysis comparing participants with choroidal neovascularization to participants with geographic Disease@MESH:D001284", "type": "table_caption"}, {"sent": "Replication analyses results for the top SNPs associated with age-related macular degeneration (Disease@MESH:D006009) subphenotype", "type": "table_caption"}, {"sent": "Ten most highly associated SNPs from the genome-wide association analyses comparing (A) participants with Disease@MESH:D057092 (GA) to participants with no age-related macular degeneration and (B) participants with choroidal neovascularization (CNV) to participants with no age-related macular degeneratio", "type": "table_caption"}, {"sent": "Results for loci previously associated with overall advanced age-related macular degeneration (Disease@MESH:D006009) in the choroidal neovascularization (CNV) vs. no Disease@MESH:D006009 and geographic Disease@MESH:D001284 (GA) vs. no Disease@MESH:D006009 analyse", "type": "table_caption"}]}