{"sentences": [{"sent": "By combining genome-wide association data from 8,130 individuals with Disease@MESH:D003924 (T2D) and 38,987 controls of European descent and following up previously unidentified meta-analysis signals in a further 34,412 cases and 59,925 controls, we identified 12 new T2D association signals with combinedP < 5 x 10-8. These include a second independent signal at the Gene@3784 locus; the first report, to our knowledge, of an X-chromosomal association (near Gene@1852); and a further instance of overlap between loci implicated in monogenic and multifactorial forms of Disease@MESH:D003920 (at Gene@6927). The identified loci affect both beta-cell function and Gene@3630 action, and, overall, T2D association signals show evidence of enrichment for genes involved in cell cycle regulation. We also show that a high proportion of T2D susceptibility loci harbor independent association signals influencing apparently unrelated complex traits", "type": "abstract"}, {"sent": "Disease@MESH:D003924 (T2D) is characterized by Gene@3630 resistance and deficient beta-cell function. The escalating prevalence of T2D and the limitations of currently available preventative and therapeutic options highlight the need for a more complete understanding of T2D pathogenesis. To date, approximately 25 genome-wide significant common variant associations with T2D have been described, mostly through genome-wide association (GWA) analyses. The identities of the variants and genes mediating the susceptibility effects at most of these signals have yet to be established, and the known variants account for less than 10% of the overall estimated genetic contribution to T2D predisposition. Although some of the unexplained heritability will reflect variants poorly captured by existing GWA platforms, we reasoned that an expanded meta-analysis of existing GWA data would offer augmented power to detect additional common variant signals of modest effect", "type": "paragraph"}, {"sent": "We conducted a meta-analysis of eight T2D GWA studies comprising 8,130 T2D cases and 38,987 controls of European descent. We combined case-control data from the Wellcome Trust Case Control Consortium (WTCCC), Disease@MESH:D003920 Genetics Initiative (DGI) and Finland-US Investigation of NIDDM genetics (FUSION) scans (the subjects of a previous joint analysis), with those from scans performed by deCODE genetics, the Disease@MESH:D003920 Gene Discovery Group, the Cooperative Health Research in the Region of Augsburg group (KORAgen), the Rotterdam study and the European Special Population Research Network (EUROSPAN). The effective sample size (n = 22,044) of stage 1 of the current (hereafter designated 'DIAGRAM+') meta-analysis was more than twice that of the earlier DIAGRAM (Disease@MESH:D003920 Genetics Replication and Meta-analysis) study. After genomic control correction of each component study, we combined association data for 2,426,886 imputed and genotyped autosomal SNPs into a fixed-effects, additive-model meta-analysis using the inverse-variance method (Online Methods, Fig. 1, Supplementary Tables 1 and 2 and Supplementary Note). We observed only modest genomic control inflation (lambdagc = 1.07), suggesting that the observed results were not due to population stratification. After removing SNPs within established T2D loci (Supplementary Table 3), the resulting quantile-quantile plot was consistent with a modest excess of disease associations of relatively small effect (Supplementary Note). Weak evidence for association at HLA variants strongly associated with Disease@MESH:D003922 (Supplementary Table 3 and Supplementary Note) suggested some case admixture involving subjects with type 1 Disease@MESH:D003920 or latent Disease@MESH:D003922 of adult-hood; however, failure to detect T2D associations at other non-HLA type 1 Disease@MESH:D003920 susceptibility loci (for example, INS, Gene@26191 and Gene@3559) indicated that any such misclassification was too modest to drive stage 1 associations outside the HLA. The stage 1 meta-analysis also provided further confirmation of many previously reported signals and, at some of these, refinement of the peak association signal (Fig. 1, Supplementary Table 3 and Supplementary Note)", "type": "paragraph"}, {"sent": "We selected for stage 2 follow-up the most strongly associated SNP from each of the 23 new autosomal regions showing the most compelling evidence for association (all Gene@4790 in stage 1; Supplementary Table 3). We combined exclusively in silico data from three GWA samples (Disease@MESH:D050197 Risk in Communities (ARIC) study, Nurses' Health Study and Framingham Heart Study) not included in the primary meta-analysis (2,832 cases and 15,843 controls) with additional (predominantly de novo) genotyping in up to 31,580 cases and 44,082 controls, for a maximum possible stage 2 sample size of 34,412 cases and 59,925 controls (effective sample size of 79,246), all of European descent (Supplementary Tables 1 and 2)", "type": "paragraph"}, {"sent": "Stage 2 analyses indicated that the set of 23 signals was enriched for true association signals. In all, 21 showed directional consistency of effect between stage 1 and 2 (binomial test, P ~3.3 x 10-5), and for 15, the stage 2 P value was <0.05 (Supplementary Note). In joint analysis of stage 1 and 2 data (up to 42,542 cases and 98,912 controls), 13 autosomal loci exceeded the threshold for genome-wide significance (P ranging from 2.8 x 10-8 to 1.4 x 10-22) with allele-specific odds ratios (ORs) between 1.06 and 1.14 (Table 1 and Fig. 2). All signals remained close to or beyond genome-wide significance thresholds (the least significant P value was 5.2 x 10-8) when we repeated analyses after implementing a second (post meta-analysis) round of genomic control adjustment within stage 1 data (Supplementary Note)", "type": "paragraph"}, {"sent": "We extended our search for susceptibility signals to the X chromosome, identifying one further signal in the stage 1 discovery samples meeting our criteria for follow-up (represented by Mutation@rs5945326, near Gene@1852, P = 2.3 x 10-6). This SNP showed strong evidence for replication in 8,535 cases and 12,326 controls (OR (allowing for X-inactivation) 1.32 (95% CI 1.16-1.49), P = 2.3 x 10-5), for a combined association P value of 3.0 x 10-10 (OR 1.27 (95% CI 1.18-1.37)) (Table 1 and Fig. 2)", "type": "paragraph"}, {"sent": "Two of the 14 signals reaching genome-wide significance on joint analysis (those near Gene@4544 and Gene@3667) represent loci for which T2D associations have been recently reported in samples which partially overlap with those studied here (Table 1)", "type": "paragraph"}, {"sent": "A third signal (Mutation@rs231362) on 11p15 overlaps both intron 11 of Gene@3784 and the Gene@10984 transcript that controls regional imprinting and influences expression of nearby genes including Gene@1028, a known regulator of beta-cell development. This signal maps ~150 kb from T2D-associated SNPs in the 3' end of Gene@3784 first identified in East Asian GWA scans. SNPs within the 3' signal were also detected in the current DIAGRAM+ meta-analysis (for example, Mutation@rs163184, P = 6.8 x 10-5), but they failed to meet the threshold for initiating replication. A SNP in the 3' region (Mutation@rs2237895) that was reported to reach genome-wide significance in Danish samples was neither typed nor imputed in the DIAGRAM+ studies. In our European-descent samples, Mutation@rs231362 and SNPs in the 3' signal were not correlated (r2 < 0.05), and conditional analyses (see below) establish these SNPs as independent (Fig. 2 and Supplementary Table 4). Further analysis in Icelandic samples has shown that both associations are restricted to the maternally transmitted allele. Both T2D loci are independent of the common variant associations with electrocardiographic QT intervals that map at the 5' end of Gene@3784 (r2 < 0.02, D' < 0.35 in HapMap European CEU data) (Supplementary Table 5)", "type": "paragraph"}, {"sent": "Of the remaining loci, two (near Gene@53335 and Gene@6927) have been highlighted in previous studies but are now shown to reach genome-wide significance. Rare mutations in Gene@6927 account for a substantial proportion of cases of maturity onset Disease@MESH:D003920 of the young, and a population-specific variant (Mutation@rs137853240) influences T2D risk in Oji-Cree Indians. Confirmation of a common variant association at Gene@6927 brings to five the number of loci known to harbor both rare mutations causal for monogenic forms of Disease@MESH:D003920 and common variants predisposing to multifactorial Disease@MESH:D003920, the others being Gene@5468, Gene@3767, Gene@7466 and Gene@6928. A T2D association in the Gene@53335 region was suggested by the earlier DIAGRAM meta-analysis (Mutation@rs10490072, P = 3 x 10-5), but replication was inconclusive; there is only modest linkage disequilibrium (LD) between Mutation@rs10490072 and the lead SNP from the present analysis (Mutation@rs243021, r2 = 0.22, D' = 0.73 in HapMap CEU)", "type": "paragraph"}, {"sent": "The remaining nine signals map near the genes Gene@8091, Gene@116985, Gene@136259, Gene@9055, Gene@94241, Gene@84327, Gene@54469, Gene@645345 and Gene@1852 (Table 1 and Figs. 1 and 2) and represent new T2D risk loci uncovered by the DIAGRAM+ meta-analysis", "type": "paragraph"}, {"sent": "Combining newly identified and previously reported loci and assuming a multiplicative model, the sibling relative risk attributable to the 32 T2D susceptibility variants described in this paper is ~1.14. With addition of the five T2D loci recently identified by the Meta-Analysis of Glucose and Gene@3630-related traits Consortium (MAGIC) investigators and incorporation of estimates of parent-of-origin-specific effect sizes observed at the Gene@3784 and Gene@136259 signals and at a recently described locus on chromosome 11p15 (which confers substantial risk when paternally inherited but is protective when maternally transmitted), this figure rises to ~1.16. Given estimates of sibling relative risk for T2D in Europeans of ~3 (ref.), variant discovery efforts to date have therefore explained only ~10% of observed familial clustering. We used available data to evaluate several mechanisms that might be contributing to that proportion of familiality which reflects residual, unexplained heritability", "type": "paragraph"}, {"sent": "We re-examined stage 1 data looking for associations with SNPs known to provide robust, high-LD tags for common CNVs in European populations. After combining four inventories of CNV-tagging SNPs that survey at least 40% of common CNVs genome-wide >1 kb in size, we found no convincing evidence that this class of variants contributes substantially to T2D risk (Supplementary Note)", "type": "paragraph"}, {"sent": "If there are additional independent susceptibility variants at the loci identified, total genetic variance attributable to these regions will be underestimated when based on the lead common variants alone. To explore the potential for independent secondary alleles, we repeated the stage 1 meta-analysis after simultaneously conditioning on 30 known and newly discovered autosomal loci (Supplementary Note). Using a cutoff of P < 1 x 10-4 (to reflect approximate adjustment for the number of independent SNPs in a ~2 Mb interval), we found preliminary evidence for secondary signals at five loci (Gene@94241, Gene@1029, Gene@3087-Gene@3416 and Gene@3767, in addition to that at Gene@3784; Fig. 1, Supplementary Fig. 1 and Supplementary Table 4). At Gene@1029, the secondary signal is consistent with evidence that haplotype-based analyses generate considerably stronger evidence for association than either signal alone. Further fine-mapping efforts will be required to confirm the secondary signals at Gene@94241, Gene@3087-Gene@3416 and Gene@3767", "type": "paragraph"}, {"sent": "The conditional analysis also provided preliminary (Gene@4790, our stage 1 threshold) evidence for 19 signals outside known loci (Fig. 1 and Supplementary Table 6). The most notable signal (Mutation@rs1481279, conditional P = 8.4 x 10-9) maps near Gene@150159 and corresponds to one of the signals of interest following stage 1 (Mutation@rs7674212, P = 1.7 x 10-7 unconditioned). Failure to replicate that signal (P = 0.3 in 21,889 stage 2 cases and 39,568 controls) suggests this was a false positive (Supplementary Note). Several regions showed substantial incremental evidence for association in the conditional analysis as compared to unadjusted analyses and represent potential targets for large-scale replication and gene-gene interaction analyses. Indeed, one of these regions (at Mutation@rs11708067 near Gene@111, unadjusted P = 1.7 x 10-4, conditional P = 2.2 x 10-6) has recently been shown, following initial identification through GWA analysis of continuous glucose measures, to have genome-wide significant associations with T2D in large-scale case-control analyses that involved several DIAGRAM+ samples", "type": "paragraph"}, {"sent": "To determine whether etiological heterogeneity might have compromised power to detect genuine T2D susceptibility signals, we performed BMI- and age-of-diagnosis (AOD)-stratified analyses within stage 1 data. We compared effect size estimates for all known T2D risk variants in 2,877 Disease@MESH:D009765 (defined as BMI > 30 kgm-2) and 4,048 nonobese (BMI <= 30 kgm-2) T2D cases when compared to similarly stratified controls (Supplementary Note). Although risk estimates for 23 of the 30 autosomal loci were numerically greater in the nonobese comparison than in the Disease@MESH:D009765 comparison (binomial test, P = 0.0018), only Gene@6934 (P < 0.001) and Gene@53335 (P = 0.02) showed significant (P < 0.05) evidence for effect-size heterogeneity. For AOD, we compared risk-locus genotypes for 1,317 cases with AOD <45 years of age and 4,283 cases with AOD >45 years of age, as well as continuous analyses of AOD within all cases (n = 7,104; Supplementary Note), and found no strong evidence of differential effects. Although recognizing that BMI at examination and AOD are imperfect measures of BMI and age at disease onset, we conclude that a focus on more homogeneous subsamples would not have provided more efficient identification of known T2D susceptibility variants. Furthermore, these data argue against the potential for these common variant signals to afford clinically useful subclassification of individuals with T2D", "type": "paragraph"}, {"sent": "We noted that seven of the newly discovered autosomal loci (near Gene@53335, Gene@84327, Gene@136259, Gene@645345, Gene@8091, Gene@6927 and Gene@9055) are characterized by strong (P < 10-6) associations with phenotypes other than T2D (Supplementary Table 5). In each case, these appear to be distinct and independent signals. For example, variants at the 3' end of Gene@8091 (~180 kb distant from the T2D signal) have widely replicated effects on adult height but are weakly correlated with the T2D-associated SNP Mutation@rs1531343 (r2 < 0.01, D' < 0.15 in HapMap CEU). The Gene@136259 region harbors distinct signals for both T2D and Disease@MESH:D002280. At Gene@6927, previous studies have reported a cluster of associations, with phenotypes including low-density lipoptrotein (LDL) cholesterol and circulating Gene@1401 levels, mapping ~18-72 kb from the peak T2D signal. Though these two sets of Gene@6927 signals maintain appreciable LD in European samples (r2 ~0.1, D' ~1), they are likely to be independent; the T2D association at the lead SNP for lipids (Mutation@rs2650000) is far weaker than the association at Mutation@rs7957197 (P = 0.003 compared to P = 4.6 x 10-7 in stage 1 samples), whereas LDL cholesterol shows a reciprocal pattern of association (P = 7 x 10-9 at Mutation@rs2650000 compared to P = 0.73 at Mutation@rs7957197 in the same lipid meta-analysis data)", "type": "paragraph"}, {"sent": "If we include the Gene@3784 associations described above, previous reports at Gene@221895, Gene@1029 and Gene@54901 (refs.) and other signals identified by systematic analysis of the National Human Genome Research Institute (NHGRI) GWA catalog (Supplementary Table 5 and Supplementary Note), at least 13 of 30 autosomal T2D loci show this pattern of closely approximated (within 500 kb) but distinct associations with traits other than T2D or related anthropometric and glycemic phenotypes. This is in addition to what appear to be coincident signals involving T2D susceptibility variants at Gene@3667 (associated with Disease@MESH:D003324), Gene@221895 (associated with height) and Gene@6928 (associated with Disease@MESH:D011471) (Supplementary Table 5). Simulations conducted using the NHGRI catalog as a reference set indicate that the number of non-T2D signals observed at T2D loci significantly exceeds expectation (P ~1.6 x 10-3 for non-T2D signals within 500 kb of T2D loci, P ~7.0 x 10-5 (n = 8) for non-T2D signals within 100 kb of T2D loci). Many of these instances of colocalization may represent variants within different regulatory domains that result in tissue- and disease-specific effects mediated through the same genes and pathways", "type": "paragraph"}, {"sent": "This analysis takes the number of independent loci showing genome-wide significant associations with T2D beyond 35. For some, such as those at Gene@3767 and Gene@169026, the molecular mechanisms responsible for the susceptibility effect can be assigned with some confidence. At others, the identities of the causal variants, the genes through which they act and the pathophysiological processes which they influence remain obscure. We used several approaches designed to link DIAGRAM+ and previously reported T2D association signals to biological insights relevant to T2D pathogenesis", "type": "paragraph"}, {"sent": "Variants at Gene@79068 are known to influence T2D predisposition through an effect on BMI. In ~21,000 population sample individuals from the GWA meta-analysis of adult BMI completed by the Genetic Investigation of ANthropmetric Traits (Disease@MESH:D005870) consortium, no other autosomal T2D susceptibility locus had the property that the T2D risk allele was significantly associated with higher BMI (Supplementary Note). Gene@79068 is therefore the only one of the known T2D signals driven by a strong primary causal association with Disease@MESH:D009765", "type": "paragraph"}, {"sent": "We also examined the effect of T2D susceptibility alleles on continuous glycemic measures in up to 46,186 nondiabetic subjects from the MAGIC meta-analysis. Coefficients for association between the T2D risk allele and higher fasting glucose were positive for 28 of the 31 loci, and 17 of these T2D loci showed significant (P < 0.05) directionally consistent associations with fasting glucose (Fig. 3 and Supplementary Note). However, the magnitudes of effect sizes for fasting glucose and T2D were only weakly correlated (Supplementary Fig. 2 and Supplementary Note), indicating that the mechanisms influencing normal Disease@MESH:D018149 and those responsible for the development of T2D are not entirely congruent. T2D risk alleles at four loci (at Gene@5468, Gene@79068, Gene@3667 and Gene@136259) were associated (P < 0.05) with higher fasting Gene@3630, consistent with a primary effect on Gene@3630 action, whereas at three other loci (at Gene@6934, Gene@116985 and Gene@54901), the association with reduced fasting Gene@3630 indicates beta-cell dysfunction (Fig. 3). Indices of beta-cell function (HOMA-B) and Gene@3630 sensitivity (HOMA-IR) derived from paired fasting glucose and Gene@3630 measures from ~37,000 individuals supported these mechanistic inferences (Fig. 3). In all, risk alleles at ten loci (the previously reported loci at Gene@4544, Gene@169026, Gene@63892, Gene@6934, Gene@3784, Gene@57118, Gene@54901, Gene@10644 and Gene@6928 and the newly discovered locus at Gene@116985) were associated (P < 0.05) with reduced beta-cell function, and three loci (previously reported loci at Gene@5468 and Gene@79068 and the newly discovered locus at Gene@136259) were associated with reduced Gene@3630 sensitivity. The associations with improved Gene@3630 sensitivity evident for risk alleles at Gene@6934, Gene@10644 and Gene@54901 probably reflect truncated ascertainment, as the MAGIC analyses were restricted to nondiabetic individuals. For the previously reported loci, these findings are broadly consistent with those from more detailed physiological studies and suggest that, of the newly discovered loci, the risk alleles at Gene@116985 modify T2D susceptibility through a detrimental effect on beta-cell function. In contrast, the risk alleles at Gene@136259 and possibly Gene@8091 (ref.), along with those at Gene@5468, Gene@3667 (ref.) and Gene@56999 (ref.), appear to have a primary effect on Gene@3630 action which is not driven by Disease@MESH:D009765, unlike the alleles at Gene@79068. The MAGIC meta-analysis did not extend to the X chromosome, but analysis of Mutation@rs5945326, near Gene@1852, in a sub-set of MAGIC samples (n = 14,644-21,118), revealed no significant (P < 0.05) associations with any fasting glycemic trait. For this signal, as with the other newly identified loci, more detailed phenotypic analyses will be required to determine how these impact T2D risk. Overall, these data are consistent with the impression that common T2D risk alleles more often act through beta-cell dysfunction, but they provide further examples of T2D risk variants that exert their primary effects on Gene@3630 action", "type": "paragraph"}, {"sent": "We used expression data to seek clues to the genes mediating the T2D susceptibility effects we had detected. First, we examined expression-QTL (eQTL) data (in 23,720 transcripts) for subcutaneous adipose tissue (n = 603 with GWA data) and blood (n = 745) samples typed with the Illumina 300K chip (Table 2 and Supplementary Note). Among the newly identified loci, the most compelling signal was at Mutation@rs972283, strongly associated with expression of Gene@136259 in adipose tissue and correlated (r2 = 0.3 in HapMap CEU) with the SNP (Mutation@rs738134) with the strongest Gene@136259 cis expression signal. Both the T2D and cis eQTL associations at this locus showed strong parent-of-origin effects. At the Gene@94241 locus, the cis-eQTL data suggest the T2D susceptibility effect is mediated via altered Gene@9134 expression. In contrast, the significant cis-eQTL associations at the Gene@84327, Gene@116985, Gene@6927 and Gene@9055 T2D susceptibility signals are likely to be misleading, as the patterns of conditional association indicate that the T2D association and cis eQTL signals are not coincident. At previously reported T2D association signals, we found strong overlap with cis eQTL effects for Gene@3667 (consistent with data on Gene@3667 protein expression and function in skeletal muscle), Gene@221895 and Gene@57118", "type": "paragraph"}, {"sent": "We also explored the tissue expression profiles of 27 autosomal genes mapping to the newly discovered regions of association and performed quantitative RT-PCR analyses across a panel of human tissues relevant to T2D pathogenesis (Supplementary Note). The broad expression of many of the transcripts, including 24 transcripts with evidence of beta-cell transcription (Supplementary Note), limited our ability to prioritize among candidate transcripts on the basis of static patterns of transcript expression", "type": "paragraph"}, {"sent": "Reasoning that the additional T2D susceptibility loci would amplify our ability to identify over-represented molecular processes, we deployed several complementary approaches to detect evidence of pathway or network enrichment (Supplementary Note). Using GRAIL, we found that genes within T2D-associated regions showed evidence of increased connectivity within PubMed abstracts, though this largely reflects shared roles in monogenic or Disease@MESH:D003920 (involving Gene@6927, Gene@6928 and Gene@7466). We also showed that the extent of protein-protein interaction between the products of genes mapping to the association signals substantially exceeded expectation (Supplementary Note). Pathway enrichment analyses using the PANTHER database uncovered some evidence of over-representation of signal transduction and protein metabolism and modification, and Reactome highlighted a separate set of pathways including metabolism of lipids and lipoproteins, endothelins and beta-arrestins (for details, see Supplementary Note)", "type": "paragraph"}, {"sent": "The only consistent signal to emerge across multiple analyses involved cell-cycle regulation. Network analyses based on protein-protein interaction data detected (unadjusted P ~0.004) an 18-member subnetwork characterized by enhanced protein-protein interaction connectivity and highly enriched for genes implicated in cell cycle regulation (P = 2.8 x 10-7). A smaller (five, only partly overlapping genes) cell-cycle network independently emerged from the Reactome analyses, and gene-set enrichment analysis of selected candidate pathways also detected over-representation of association signals (P ~0.006) among cell-cycle genes (Supplementary Note). Because many genes within these networks are expressed in Disease@MESH:D010195 islets and T2D-association effects at several of these loci are mediated primarily through beta-cell dysfunction, these findings highlight the contribution of regulation of beta-cell mass to the long-term maintenance of normal Disease@MESH:D018149", "type": "paragraph"}, {"sent": "In addition, these analyses highlighted notable biological connections between sets of genes within confirmed T2D-association regions. For example, Gene@8091 emerges as a key transcriptional regulator of Gene@10644 (refs.). However, because Hmga/Hmg1c knockout mice are deficient in adipocyte differentiation, and the Gene@319765 risk allele is associated with reduced beta-cell function, further work is required to establish the relevance of this regulatory interaction to T2D pathogenesis. Our analyses also revealed that Gene@7091 (at the Gene@645345 locus) encodes a homolog of Groucho that forms complexes with Gene@6934 proteins, including Gene@6934, to modulate transcription at target sites. Finally, Gene@5045, one of the genes mapping to the newly identified Gene@9055 locus, encodes a paired basic amino acid cleaving enzyme; both Gene@4853 and Gene@56999 (ref.) are known targets of Gene@5045 cleavage", "type": "paragraph"}, {"sent": "Notably, these global approaches failed to provide any consistent support for many other mechanisms previously promoted on the basis of biochemical or physiological evidence as likely contributors to T2D pathogenesis (Supplementary Note). Overall, the relative paucity of signals from these analyses:particularly when contrasted with the compelling patterns of enrichment seen for other complex traits:indicates, either that T2D pathogenesis is characterized by substantial etiological heterogeneity or that the processes critical to T2D development are poorly represented in existing pathway and interaction databases", "type": "paragraph"}, {"sent": "By increasing the discovery sample size, our study has substantially expanded the number of loci for which there is strong statistical evidence indicating a role in T2D predisposition. When combined with recent reports of additional T2D susceptibility loci arising from studies of continuous glycemic traits and parent-of-origin effects, the number of confirmed loci for T2D currently stands at", "type": "paragraph"}, {"sent": "Although these discoveries represent new opportunities to explore the biology of T2D predisposition, the challenges inherent in translating these common variant association signals into biological mechanisms of disease causation are clear. Nevertheless, the analyses we report have generated several mechanistic hypotheses that can direct future efforts at functional evaluation and genetic refinement. At some loci, particularly those near Gene@6927, Gene@8091 and Gene@136259, existing biology, coupled with phenotypic and expression data presented here, highlight the named genes as prime candidates for mediating the susceptibility effect. For example, the T2D susceptibility effect near Gene@136259, which maps within an imprinted region on chromosome 7q32 and which, on the basis of the MAGIC meta-analysis data, appears to be driven by reduced Gene@3630 action, is restricted to the maternally transmitted allele. As Gene@136259 is maternally expressed, and the eQTL association between Mutation@rs972283 and Gene@136259 expression (see above) is similarly restricted to the maternal allele, Gene@136259 (a widely expressed, intronless member of the Kruppel-like family of transcription factors) emerges as the main regional candidate. At the X-chromosome signal, evidence implicating Gene@75590 (mitogen-activated protein kinase phosphatase-4) in the regulation of Gene@3630 action in mice gives Gene@75590 particular salience as an association candidate. However, as described above, failure to detect associations with continuous glycemic phenotypes (including fasting Gene@3630 and HOMA-IR) means that the functional connection with Gene@1852 remains speculative", "type": "paragraph"}, {"sent": "In other regions, such as those near Gene@9055, Gene@94241 and Gene@645345, the functional connections and/or eQTL associations of particular genes mapping within or close to the respective association intervals show Gene@5045, Gene@9134 and Gene@7091, respectively, to be promising biological candidates. At yet other loci, such as those centered around Gene@84327, Gene@116985 and Gene@54469, existing data provide little, if any, basis for strong inferences concerning the genes likely to mediate the T2D susceptibility effect. Accumulation of new data:through deep resequencing of the regions, fine-mapping and functional studies in humans and in animal models:will be required to characterize the specific variants responsible and the genes and pathways through which they execute their effect on T2D risk", "type": "paragraph"}, {"sent": "One theme emerging from this work is the high frequency with which loci implicated in T2D susceptibility harbor variants that influence other common traits. This colocalization of common risk variants exceeds chance expectation, often connects diseases with little obvious mechanistic overlap and typically involves statistically independent susceptibility signals. Recent evidence that tissue-specific eQTL signals are preferentially located in regulatory sequences some distance from transcriptional start sites:in common with many complex trait association signals:suggests that further dissection of these regions should improve understanding of the genomic organization of tissue- and/or developmental-stage-specific regulation", "type": "paragraph"}, {"sent": "A further conclusion is that common SNP signals are likely to fall short in explaining the observed familial aggregation of T2D, at least in European descent populations. The limited power of our study (Table 1) to detect several of the genome-wide significant variants we report here (based on the stage 1 sample size and stage 2 odds ratios that minimize 'winner's curse' effects) indicates that there are likely to be many additional common variant signals of similar effect that could be detected by further expansion of the GWA meta-analysis approach. However, it seems unlikely that these will explain a substantial proportion of unex-plained heritability. Based on the data presented, the same is likely to be true for common CNVs and for variation on the sex chromosomes. As a result, the attention of researchers in the field is increasingly directed toward evaluation of the contribution of low frequency and rare variants to complex trait susceptibility. Several lines of evidence:the overlap in loci implicated in monogenic and multifactorial Disease@MESH:D003920, the congregation of multiple disease signals at a limited number of loci the conditional analyses:point toward the importance of obtaining complete descriptions of causal genetic variation (of all types and frequencies) at the loci uncovered by this and other GWA studies. Such loci are likely to represent hotspots at which the overall contribution to T2D predisposition and biology may be considerably greater than that estimated using the discovered common variants alone", "type": "paragraph"}, {"sent": "Methods and any associated references are available in the online version of the paper at http://www.nature.com/naturegenetics/", "type": "paragraph"}, {"sent": "Genome-wide Manhattan plots for the DIAGRAM+ stage 1 meta-analysis. Top panel summarizes the results of the unconditional meta-analysis. Previously established loci are denoted in red and loci identified by the current study are denoted in green. The ten signals in blue are those taken forward but not confirmed in stage 2 analyses. The genes used to name signals have been chosen on the basis of proximity to the index SNP and should not be presumed to indicate causality. The lower panel summarizes the results of equivalent meta-analysis after conditioning on 30 previously established and newly identified autosomal T2D-associated SNPs (denoted by the dotted lines below these loci in the upper panel). Newly discovered conditional signals (outside established loci) are denoted with an orange dot if they show suggestive levels of significance (Gene@4790), whereas secondary signals close to already confirmed T2D loci are shown in purple (Gene@4820)", "type": "fig_caption"}, {"sent": "Regional plots of the 12 newly discovered T2D loci. Genotyped and imputed SNPs passing quality control measures across all stage 1 studies are plotted with their meta-analysis P values (as -log10 values) as a function of genomic position (NCBI Build 36). In each panel, the index association SNP is represented by a diamond, with stage 1 meta-analysis results denoted by a red diamond and the combined stage 1 and stage 2 meta-analysis results denoted with a clear symbol. Estimated recombination rates (taken from HapMap CEU) are plotted to reflect the local LD structure. Color of remaining SNPs (circles) indicates LD with the index SNP according to a scale from r2 = 0 to r2 = 1 based on pairwise r2 values from HapMap CEU (red, r2 = 0.8-1.0; orange, r2 = 0.6-0.8; green, r2 = 0.4-0.6; blue, r2 = 0.2-0.4; black, r2 < 0.2; gray, no r2 value available). Gene annotations were taken from the University of California Santa Cruz genome browser", "type": "fig_caption"}, {"sent": "Plots of fasting blood glucose, Gene@3630 and derived indices for the established and new T2D loci. (a,b) Plots of fasting glucose (x axis) and fasting Gene@3630 (y axis). (c,d) Plots of HOMA-B (an index of beta cell function; x axis) and HOMA-IR (an index of Gene@3630 sensitivity; y axis). Each point refers to a single T2D association signal, with colors denoting the strength of the association to either the x-axis variable (left-hand of each pair of plots) or y-axis variable (right-hand of each pair) (red, P < 10-3; orange, 10-3 < Gene@9276; yellow, 0.01 < P < 0.05; green, 0.05 < P < 0.20; blue, P > 0.20). The two Gene@3784 associations are distinguished by the notation Gene@3784 for Mutation@rs163184 and Gene@3784* for Mutation@rs231362. The gene names associated with each signal have been chosen on the basis of proximity to the index SNP and should not be presumed to indicate causality", "type": "fig_caption"}, {"sent": "Association results for stage 1 + 2 which exceed a genome-wide threshold (overall P value < 5 x 10-8", "type": "table_caption"}, {"sent": "Expression QTL results for T2D-associated variants in blood and adipose tissu", "type": "table_caption"}]}