{"sentences": [{"sent": "In Asia, young-onset Disease@MESH:D003924 (YOD) is characterized by Disease@MESH:D009765 and increased risk for Disease@MESH:D002318 (CVD). In a genome-wide association study (GWAS) of 99 Chinese Disease@MESH:D009765 subjects with familial YOD diagnosed before 40-year-old and 101 controls, the T allele of Mutation@rs1408888 in intron 1 of Gene@1602(Gene@1602) was associated with an odds ratio (OR) of 2.49(95% confidence intervals:1.57-3.96, P = 8.4x10-5). Amongst these subjects, we found reduced expression of Gene@1602 in peripheral blood mononuclear cells (PBMC) from 63 cases compared to 65 controls (P = 0.02). In a random cohort of 1468 cases and 1485 controls, amongst top 19 SNPs from GWAS, Mutation@rs1408888 was associated with type 2 Disease@MESH:D003920 with a global P value of 0.0176 and confirmation in a multiethnic Asian case-control cohort (7370/7802) with an OR of 1.07(1.02-1.12, Pmeta = 0.012). In 599 Chinese non-Disease@MESH:D003920 subjects, Mutation@rs1408888 was linearly associated with systolic blood pressure and Gene@3630 resistance. In a case-control cohort (n = 953/953), Mutation@rs1408888 was associated with an OR of 1.54(1.07-2.22, P = 0.019) for CVD in type 2 Disease@MESH:D003920. In an autopsy series of 173 non-Disease@MESH:D003920 cases, TT genotype of Mutation@rs1408888 was associated with an OR of 3.31(1.19-9.19, P = 0.0214) and 3.27(1.25-11.07, P = 0.0184) for Disease@MESH:D003324 (Disease@None) and Disease@MESH:D003324. Bioinformatics analysis revealed that Mutation@rs1408888 lies within regulatory elements of Gene@1602 implicated in islet development and Disease@MESH:D007333. The T allele of Mutation@rs1408888 of Gene@1602 was associated with YOD, Disease@MESH:D011236 and CVD in Chinese", "type": "abstract"}, {"sent": "Genome-wide association studies (GWAS) and their meta-analyses have discovered novel loci for T2D in European and Asian populations with odds ratios (ORs) of 1.1-1.4. In Asia, the most rapid increase in Disease@MESH:D003920 occurs in the young-to-middle aged group. Using Hong Kong Chinese as an example, 20% of people with Disease@MESH:D003920 were diagnosed before the age of 40 years. In these young patients, less than 10% had type 1 presentation and 15% had monogenic Disease@MESH:D003920. In the remaining patients, family history, Disease@MESH:D009765 and Disease@MESH:D002318 (CVD) were prominent features. In the Hong Kong Family Disease@MESH:D003920 Study (HKFDS) which recruited family members of patients with young-onset Disease@MESH:D003920 (YOD), we reported strong heritability of Disease@MESH:D009765 with co-linkage of related traits to multiple chromosomal regions including chromosome 1q. However, the genetic basis of this form of YOD has not been studied", "type": "paragraph"}, {"sent": "Epidemiological analysis has confirmed the clustering of Disease@MESH:D008659, Gene@3630 resistance, Disease@MESH:D003920 and CVD, which may share common genetic, environmental or lifestyle factors. In a meta-analysis of 3 GWAS conducted in Chinese from Hong Kong and Shanghai, we discovered Mutation@rs10229583 located in 7q32 near Gene@5078 which was subsequently confirmed in Asian and Caucasian populations. In the first discovery cohort of this meta-analysis consisting of 99 Hong Kong Chinese patients with YOD diagnosed before 40-year-old with at least 1 affected first degree relative and Disease@MESH:D009765, the T allele of Mutation@rs1408888 in intron 1 of Gene@1602 (Gene@1602) with Gene@4790 was replicated in a multiethnic Asian case-control cohort, albeit insignificant in Caucasians", "type": "paragraph"}, {"sent": "In Drosophila, Gene@34982 (Gene@34982) is the homolog of Gene@1602 in human which is a highly conserved transcription factor implicated in developmental biology. In a recent report, Gene@34982 was found to interact physically with Gene@5080 to control Gene@3630 expression. In light of these findings, we revisited the risk association of Mutation@rs1408888 of Gene@1602 and explored whether this genetic variant might be associated with YOD and related traits in Chinese populations. To test this hypothesis, we examined the differential expression of Gene@1602 in peripheral blood mononuclear cells (PBMC) in patients with YOD and tested the genetic associations of Mutation@rs1408888 in multiple case-control cohorts followed by bioinformatic analysis. We found reduced expression of Gene@1602 in PBMC from subjects with YOD and association of the T allele of Mutation@rs1408888 with YOD, Disease@MESH:D011236 and CVD. This risk variant is located within the vicinity of conserved non-coding elements (CNE) of Gene@1602 associated with multiple consensus transcription factor binding sites and chromatin modification sites suggesting possible regulatory functions. These findings suggested that genetic variants of Gene@1602 may be implicated in abnormal islet biology resulting in Disease@MESH:D011236, YOD and CVD in Chinese populations", "type": "paragraph"}, {"sent": "In the GWAS of 99 Disease@MESH:D009765 Chinese subjects with familial YOD and 101 controls, 425,513 of 541,891 autosomal SNPs passed quality control with no population stratification using multidimensional scaling analysis and after adjusting for genomic control (GC). From stage 1 GWAS, 24 unique loci with the lowest P value in the dataset (Gene@4820) were taken forward for replication in 1468 cases and 1485 controls. Of these, 19 SNPs passed the quality control criteria and 2 SNPs (Mutation@rs1408888 and Mutation@rs1449675) remained significantly associated with T2D (Table 1). The intronic SNP Mutation@rs1408888 {stage 1: OR [95% confidence intervals (CI)] = 2.49(1.57-3.96), P = 8.4x10-5; stage 2: 1.15(1.03-1.29), P = 0.0164} was located at chromosome 13q21.3 and lies within the first intron of the Gene@1602 gene (Figure 1). The intergenic SNP Mutation@rs1449675 [stage 1: OR = 5.33(2.30-12.36); P = 2.0x10-5, 1.19(1.00-1.41); P = 0.0439] was located at chromosome 6q25.3. In the combined analysis (1567 cases, 1586 controls), three more SNPs (Mutation@rs6595551 in ZNF608, Mutation@rs987105 in MUT, and Mutation@rs1413119 in an intergenic region on chromosome 13) showed nominal associations (P<0.05). Among these five SNPs, Mutation@rs1408888 in Gene@1602 had the highest OR [1.21(1.08-1.35); P = 9.1x10-4] which remained significant (P = 0.0176) after correction for multiple testings of the 19 SNPs using 10,000 permutations. In a meta-analysis of 5 Asian case-control cohorts consisting of 7370 cases and 7802 controls, we obtained a combined OR of 1.07(1.02-1.12, P = 0.0112) with no heterogeneity [P = 0.107 in Cochran's Q test and I 2 = 44.8% (0.0%-78.1%)] (Table 2)", "type": "paragraph"}, {"sent": "Regional plot showing significant association of Mutation@rs1408888 in the Gene@1602 locus. The -log10 P values for the allelic test from stage 1 (genome scan) were plotted as a function of genomic position (NCBI build 36). Mutation@Rs1408888 which showed the strongest signal and neighboring genotyped SNPs in the joint analysis were denoted by purple diamond. LD information (based on HapMap) was shown by color-coded points. Two neighboring SNPs Mutation@rs9572813 and Mutation@rs17791181, which showed nominal significance and moderate linkage disequilibrium (0.4 < r2 < 0.6) with Mutation@rs1408888 were indicated. Estimated recombination rate (the blue line) based on the Japanese and Chinese HapMap population was plotted to reflect the local LD structure around the significant SNPs. Gene annotations were taken from NCBI. Lower panel: Bioinformatics analysis of genomic region surrounding Mutation@rs1408888. The region harboring Mutation@rs1408888 lies in close vicinity of 2 highly conserved non-coding elements, CNE803 and OREG0002711. The two blue arrowheads at the end indicate the positions of Mutation@rs1408888 (right blue dot) and Mutation@rs9572813 (left blue dot). The three internal red arrows indicate the positions of the three SNPs (Mutation@rs17252745, Mutation@rs17252752 and Mutation@rs57143718, red dots from left to right) genotyped by sequencing. The allele frequencies of the SNPs are shown in pie chart at the bottom. The alignment of the highly conserved fugu CNE803, the human sequence corresponding to the fugu CNE and the eye prepared EST BY797940 are also shown", "type": "fig_caption"}, {"sent": "In 599 healthy adults and after adjustment for age and gender, systolic blood pressure (BP), Homeostasis Model Assessment index for Gene@42549 resistance (HOMA-IR) and beta cell function (HOMA-beta) and fasting Gene@42549 were associated with increasing number of alleles. Using multivariate analysis, the T-allele of Gene@1602 Mutation@rs1408888 was associated with systolic BP [beta = 1.56(1.02-2.10) per T-allele, 0.61% variance explained], fasting plasma Gene@42549 [beta = 0.072(-0.006-0.151) per T-allele, 1.05% variance explained] and HOMA-IR [beta = 0.067 (-0.012-0.145) per T-allele, 0.97% variance explained] (Table 3)", "type": "paragraph"}, {"sent": "In the matched case-control cohort, Chinese T2D patients with CVD were more Disease@MESH:D009765 and had worse Disease@None and renal function than those without CVD (Table 4). The TT/TG genotype was associated with an OR of 1.51 (P = 0.02) which remained significant after adjusting for estimated glomerular filtration rate (eGFR) with an OR of 1.54 (1.07-2.22 P = 0.019). In an autopsy series of 173 non-Disease@MESH:D003920 cases, Mutation@rs1408888 did not depart from Hardy-Weinberg Equilibrium (HWE). Compared to cases with TG/GG genotype (n = 83, mean+-SD age: 70.6+-15.7 years, 43% female), cases with TT genotype (n = 90, age: 67.0+-15.7 years, 38% female) were more likely to have a history of Disease@MESH:D003324 (Disease@None) (17.8% versus 7.2%, P = 0.0375) and Disease@MESH:D003324 (16.7% versus 6.0%, P = 0.0287). The respective ORs were 3.31(1.19-9.19, P = 0.0214) and 3.27(1.25-11.07, P = 0.0184) after adjustment for age and sex", "type": "paragraph"}, {"sent": "Two neighboring SNPs in weak linkage disequilibrium (LD) (r2 0.5) with Mutation@rs1408888 (Mutation@rs9572813 and Mutation@rs17791181) also showed nominal association with T2D (P = 0.01-0.001) in the GWAS analysis (Figure 1). Bioinformatics analysis revealed that the region between Mutation@rs1408888 and Mutation@rs9572813 overlapped with a regulatory element conserved from fugu fish to human. On datamining, this element [OREG0002711 (http://www.oreganno.org/oregano/) or chr13:72,425,787-72,428,335 (hg19) (http://enhancer.lbl.gov/frnt_page_n.shtml)] shows an enhancer activity which directs the distinct expression of a beta-galactosidase reporter gene in the eye, cranial nerve, forebrain, hindbrain and neural tube in the mouse embryos. In this region, another non-coding element (CNE803), highly conserved in vertebrates, shows homology to an EST from the human eye (BY797940) (Figure 1). We sequenced the region between Mutation@rs1408888 and Mutation@rs9572813 in 74 controls and 82 cases who had GWAS data and did not discover novel variants in the CNE803 nor in the surrounding regions. In this genomic region containing multiple SNPs, 3 SNPs (Mutation@rs17252745, Mutation@rs17252752 and Mutation@rs57143718) with marked inter-ethnic differences in the NCBI SNP database (Figure 1) (http://www.ncbi.nlm.nih.gov/snp/) [minor allele frequency (MAF)<0.05 in CEU (Caucasians) versus 0.4-0.5 in CHB/JBT (Asians)] showed nominal association with YOD with OR ranging from 1.36 to 1.53. They were further genotyped in 206 controls and 390 subjects with YOD with one of the SNPs (T allele of Mutation@rs57143718) showing association in the combined cohort of 472 cases and 280 controls [OR = 1.26(1.02-1.56), P = 0.036]. We used reverse transcription PCR and Northern blot analysis to examine the expression of CNE803 in PBMC, Disease@MESH:D010195 progenitor cells (PPC), HCT116 and Disease@MESH:D009369 cells which was negative. Expression of Gene@1602 was detected in PBMC and PPC. Using quantitative real-time PCR, lower Gene@1602 expression was found in PBMC from patients with YOD compared to control subjects (P = 0.02 for regression with age and sex adjustment, P = 0.005 for Wilcoxon rank sum test) (Figure 2)", "type": "paragraph"}, {"sent": "Expression level was normalized to the expression of Gene@728378 using the DeltaDeltaCt method. The results are represented as mean +- standard error of the mean (SEM) with age and sex adjustment", "type": "fig_caption"}, {"sent": "In an adequately powered case-control cohort of familial YOD characterized by Disease@MESH:D009765, we discovered several common SNPs (allele frequency>0.3) with ORs of 2-2.5, including the T allele of Mutation@rs1408888 of Gene@1602 with allele frequency of 0.75 and an OR of 2.49. In a subset of this cohort, we found reduced expression of Gene@1602 in PBMC in patients with YOD. In the stage 2 experiment, we successfully genotyped 19 SNPs with the lowest P value and replicated the association of Mutation@rs1408888 with an OR of 1.21 and a global P<0.05 in a random case-control cohort of 2953 Chinese with older age of diagnosis. This was followed by confirmation in 15,172 Asian subjects with an OR of 1.07. We further demonstrated that the T allele was associated with Gene@3630 resistance and high BP in normal subjects, CVD in patients with T2D, and Disease@MESH:D003324 in autopsy samples. Bioinformatics analysis revealed its location in a conserved region within the intron of Gene@1602, implicated in Disease@MESH:D010195 islet development. Unlike the novel SNP Mutation@rs10229583 at 7q32 near Gene@5078 discovered in a meta-analysis of 3 GWAS comprising 684 T2D patients and 955 controls of Southern Han Chinese descent with confirmation in a multi-ethnic population (P meta = 2.3x10-10 in East Asians; P  = 8.6x10-3 in Caucasians), the risk association of Mutation@rs1408888 with T2D was increasingly attenuated in a multi-ethnic population, suggesting that this SNP might be more relevant to Asians undergoing rapid transition characterized by Disease@MESH:D009765 and young age of diagnosis", "type": "paragraph"}, {"sent": " Gene@1602, located on chromosome 13q21, is the mammalian homologue of the Drosophila Gene@34982 (Gene@34982) gene. It encodes a well-conserved nuclear protein capable of binding to DNA and has two highly conserved domains (DachBox-N and DachBox-C) from Drosophila to humans. It is a key component of the retinal determination gene network that governs cell fate and plays a key role in ocular, limb, brain and gonadal development. Gene@13134 knockout mice die shortly after birth, with no gross histological abnormalities observed in eyes, limbs, or brain tissues, suggesting its possible role in perinatal development. Herein, Gene@1602 is a critical transcription factor in tissue differentiation and organ development. One of its gene targets is the Gene@4089 (Gene@4089) which upon binding with Gene@1602 can result in repression of Gene@7040 signaling and Gene@7040-induced apoptosis. In this regard, increased Gene@7040 activity has been implicated in heart and vascular development, Disease@MESH:D006973 and progressive Disease@MESH:D005355. In a recent proof-of-concept analysis, researchers merged co-expression and interaction networks and detected/inferred novel networks to explain the frequent but not invariable coexistence of Disease@MESH:D003920 and other dysfunctions. One of these networks included regulation of TGFBRII which facilitated oxidative stress with expression of early transcription genes via MAPK pathway leading to Disease@MESH:D002318. The second network proposed the interaction of Gene@1499 with Gene@1003 and Gene@7046 through Smad molecules to contribute to Disease@MESH:C536439, often a precursor of CVD", "type": "paragraph"}, {"sent": "In the Wellcome Trust Case Control Consortium, Disease@MESH:D003920 Genetics Initiative and a recent Chinese GWAS, Gene@1602 was among the list of genes with nominal association (P<0.05) with T2D. In the Emerging Risk Factor Collaboration Study, Disease@MESH:D003920 was associated with multiple morbidities including Disease@MESH:D002318. In a recent meta-analysis of GWAS data in 67,093 individuals of European ancestry, Gene@1602 was one of the susceptibility loci for reduced renal function. Although we did not find association between Mutation@rs1408888 and renal function in our study, these consistent findings highlight the possible role of Gene@1602 in regulating functions of multiple organs", "type": "paragraph"}, {"sent": "In support of these genetic associations, in a mouse model of diet-induced beta-cell dysfunction, islet Gene@13134 gene expression was reduced in prediabetic animals fed a high-fat diet. In both zebrafish and mice, loss of Gene@13134 resulted in reduced numbers of all islet cell types, including beta-cells. Although deletion of Gene@13134 in mice did not affect the number of PPC, it blocked the perinatal burst of proliferation of differentiated beta-cells. In Drosophila, there was strong expression of Gene@34982, the homolog of Gene@1602, in Gene@42549-producing cells with Gene@34982 interacting physically with Gene@43812 homolog Gene@43812 (Ey) to promote expression of Gene@42549-like peptides. In a similar vein, the mammalian homolog of Gene@34982, Gene@1602;117154, also facilitated the promoting action of Gene@5080 on the expression of islet hormone genes in cultured mammalian cells", "type": "paragraph"}, {"sent": "Given the strong links between T2D and CVD, the association of TT/TG genotype of Gene@1602 with CVD with an odds ratio of 1.54, after adjustment for age, sex, disease duration and eGFR was noteworthy. Patients with CVD were more Disease@MESH:D009765 and had more risk factors including high BP. Interestingly, in normal subjects, the T allele was linearly associated with BP and Gene@3630 levels which are well known risk factors for CVD. In the autopsy series, TT carriers had 2-3 fold increased risk of Disease@MESH:D003324 and Disease@None. These consistent findings in independent cohorts at different stages of the spectrum of Disease@MESH:D008659, together with experimental studies from other groups, strongly support the role of Gene@1602 in these complex diseases", "type": "paragraph"}, {"sent": "The complexity of human evolution and natural selection by external forces, including but not limited to temperature, foods, Disease@MESH:D007239, can result in diversity of genomic architecture and expression, making replication of genetic association of complex diseases challenging. Given the rapid westernization of Hong Kong Chinese within less than a century, we hypothesize that Gene@1602 may be a thrifty gene which regulates growth to improve survival chances during time of hardship but increases risk of Disease@MESH:D009765, Disease@MESH:D011236, YOD and CVD during time of affluence. Hitherto, apart from maturity onset Disease@MESH:D003920 of the young, the genetics of familial YOD characterized by Disease@MESH:D009765 have not been well studied and these results might motivate further research in subjects with these phenotypes to confirm or refute our hypothesis", "type": "paragraph"}, {"sent": "The risk allele Mutation@rs1408888 is located in the first intron of Gene@1602 within the vicinity of conserved elements, which can direct a unique gene expression pattern resembling the embryonic expression pattern of Gene@1602 . One of these elements, CNE803 located 1.6 Kb from Mutation@rs1408888 (Figure 1), showed sequence homology to an EST from an eye library (BY797940). We sequenced this region in the original GWAS cohort but did not find any novel SNPs. Three SNPs in this region which were common in Chinese but rare in Caucasians showed nominal associations with T2D in the discovery cohort, with Mutation@rs57143718 replicated in an expanded case-control cohort of YOD. Using PPC, we were unable to detect expression of CNE803 but found multiple Gene@1602 isoforms (data not shown). On bioinformatics analysis, Mutation@rs1408888 is located in a region with multiple consensus transcription factor binding sites and closely associated with open and active chromatins (Table S1), suggesting that this region may regulate Gene@1602 expression. In support of these predictions, we found reduced expression of Gene@1602 in PBMC in patients with YOD. Although there is no direct link between Mutation@rs1408888 and Mutation@rs57143718 to the expression level of Gene@1602 in PBMC, the reduced expression of Gene@1602 in YOD patients supports importance of Gene@1602 and agrees with the bioinformatic analysis of the region surrounding Mutation@rs1408888. The functional significance of this SNP/locus requires further exploration", "type": "paragraph"}, {"sent": "In this multi-staged experiment, we have discovered risk association of an intronic SNP (Mutation@rs1408888) of Gene@1602 with YOD, BP, Gene@3630 resistance and CVD in Chinese populations. Although no significant association between Mutation@rs1408888 and the YOD subgroup in the stage 1 replication cohort was found (P>0.1), possibly due to small sample size, the age of diagnosis was relatively young in our discovery (31.8+-7.7 years) and replication cohorts for T2D (44.0+-13.6 years) and that for CVD (54.3+-12.7 years) (Tables 4 and 5) compared to most GWAS. Given that these findings were mainly found in Asian population where YOD is a predominant feature, our findings highlight the need for more genetic research in YOD. Together with the known function of Gene@1602 on developmental biology and regulation of Disease@MESH:D007333 and its reduced expression in human PBMC associated with YOD, these findings add to the growing body of knowledge regarding the candidacy role of Gene@1602 for Disease@MESH:D059347, which may manifest as YOD in populations undergoing rapid transition in nutrition and lifestyles", "type": "paragraph"}, {"sent": "The clinical characteristics of the discovery and replication cohorts of the Asian population as well as methods of genotyping and genetic analysis have been reported. In brief, the discovery cohort (stage 1) consisted of 99 Disease@MESH:D009765 Chinese subjects (BMI>=27 kg/m2 or waist>=90 cm in men or >=80 cm in women) with YOD (age of diagnosis<40 years) and at least one affected first-degree relative selected from the HKFDS and the Disease@MESH:D003920 Registry (HKDR). The 101 age- and sex-matched control subjects were selected from a community-based health promotion program. The replication cohort (stage 2) consisted of 1468 T2D subjects selected from the HKDR and unrelated subjects from the HKFDS while the control cohort consisted of 507 healthy volunteers and 978 adolescents. The validation cohorts (stage 3) consisted of 1892 cases and 1808 controls from Shanghai; 749 cases and 616 controls from Korea; 2804 cases (2010 Chinese, 794 Malay) and 2185 controls (1945 Chinese, 1240 Malays) from Singapore and 471 cases and 582 controls from Japan (Table 5). Written informed consent was obtained from all participants or their parents with approval by the Clinical Research Ethics Committee of the Chinese University of Hong Kong, the ethics committee of the Wakayama Medical University, the institutional review boards of the Clinical Research Institute in the Korea Seoul National University Hospital and the Shanghai Jiao Tong University Disease@MESH:D006212", "type": "paragraph"}, {"sent": "All subjects in the Hong Kong control cohort had documentation of anthropometric indexes, BP, cardiovascular risk factors, plasma Gene@3630 and glucose during 75 gram oral glucose tolerance test. The case-control cohort was selected from the HKDR set up in 1995 as part of a quality improvement program using structured protocols. Using this cohort, we selected a case-control cohort of CVD (953/953) matched for age, sex and disease duration. Definitions of CVD (including Disease@MESH:D003324, Disease@MESH:D020521 and Disease@MESH:D016491) were based on clinical assessments and the International Classification of Disease 9th version. In an autopsy series with documentation of pathological features and clinical history, we extracted genomic DNA from archived paraffin blocks using white blood cell-concentrated spleen tissues for genotyping. Figure 3 summarizes the selection criteria and study flow", "type": "paragraph"}, {"sent": " Discovery cohort. The discovery cohort (99 cases and 101 controls) were assayed with Illumina HumanHap550-Duo BeadChip at deCODE Genetics. Of the 541,891 genotyped autosomal SNPs, 116,378 (21%) SNPs were excluded due to call rate<0.95 (n = 2311); MAF<0.05 (n = 113,596) and significant departure from HWE in control subjects (P<0.001) (n = 947), giving 425,513 SNPs on chromosome 1-22 for final analysis after checking for population stratification", "type": "paragraph"}, {"sent": " Replication cohort. In the second stage, 24 SNPs with the lowest P value (P<1x10-4 in allelic test) were genotyped in the replication cohort. Only one SNP was genotyped for locus with multiple SNPs in high LD (r2>0.6). Genotyping was performed at the McGill University and Genome Quebec Innovation Centre using primer extension of multiplex products with detection by MALDI-TOF mass spectroscopy on a Sequenom MassARRAY platform (San Diego, CA, USA). Of 24 genotyped SNPs, 5 were excluded due to low call rate (<90%). All remaining 19 SNPs were in HWE in controls with a concordance rate of 96% in 65 blinded duplicate samples", "type": "paragraph"}, {"sent": " Validation cohorts. Mutation@rs1408888 which showed significance in stage 1, 2 and combined cohorts were genotyped in the Asian populations using the following methods: 1) Shanghai Chinese: MassARRAY platform (MassARRAY Compact Analyzer, Sequenom, San Diego, CA, USA) with 97.5% call rate and 100% concordance rate; 2) Korea: Assay-on-Demand TaqMan assays (Applied Biosystems, Foster City, CA, USA) and ABI PRISM 7900HT Sequence Detection System (Applied Biosystems, Foster City, CA, USA) with 99.4% call rate and 100% concordance rate based on 13 duplicates; 3) Japan: TaqMan SNP genotyping system (Applied Biosystems, Foster City, CA) and ABI PRISM 7700 system with 20% of samples directly sequenced using Sanger sequencing and analyzed with an ABI 3100 capillary sequencer with 100% concordance rate. For the Singapore study, the Chinese samples were genotyped on the 610Quad and 1Mduov3 platforms while the Malay samples were genotyped on the Illumina HumanHap 6100Quad. We removed SNPs with call rate <95%, or departure from HWE (P <0.0001), or which were monomorphic", "type": "paragraph"}, {"sent": " Autopsy series. DNA was obtained using a modified DNA-extraction protocol for genotyping using a Taqman kit from ABI and an ABI 7900HT Fast Real-Time PCR System", "type": "paragraph"}, {"sent": "The genomic region between Mutation@rs1408888 and Mutation@rs9572813 was PCR amplified in 2 DNA fragments for sequencing. The fragment close to Mutation@rs1408888 was amplified by Gene@1602-F (5'-TCTTGCTATAAAATGCATGAAAGGAG-3') and 1R (5'-ATAGCCAAAGGGAGGGAAAA-3'). The 1.7 Kb DNA fragment was sequenced by primers 1F (5'-AAGGGCCCATGACAGGAATG-3') and 3F (5'-TCACTCAAGATGAGTTCACACCA-3') in one direction and 2R (5'-GTTATTATCGGCCCAATTCC-3') in opposite direction. The primer 1F covers Mutation@rs57143718 and the primer 3F covers CNE803. The fragment close to Mutation@rs9572813 was amplified by CNE803-1F (5'-TAATACCATTGCCCCAAGGA-3') and Gene@1602-R (5'-CAGCAAATCCCAGCGTAGCAC-3'). The fragment was sequenced by CNE803-2F (5'-TGACCCAGCTCTCATCCTTT-3') to cover Mutation@rs17252745 and Mutation@rs17252752. The DNA sequencing data were deposited to the NCBI Trace Archive (http://www.ncbi.nlm.nih.gov/Traces/trace.cgi?&cmd=retrieve&val=CENTER_NAME%20%3D%20%22CUHK%22&dopt=info&size=330&dispmax=1&page=1&seeas=Show), with the TI number 2335839769-2335840098 (330 traces)", "type": "paragraph"}, {"sent": "Expression of CNE803 and Gene@1602 transcripts in various cell types were detected by RT-PCR. Expression of the CNE (220bp) was detected by primers 5'-TAATACCATTGCCCCAAGGA-3' and 5'-TTTGGATTTCAGCCTTGTCA-3'. Expression of Gene@1602 was detected using 5'-CTGCACCAACGCAAGTTCTA-3' and 5'-ATAAGCCCATCAGCATCTGG-3' as primers. Expression of Gene@728378 was used as a positive control using 5'-AGAGCTACGAGCTGCCTGAC-3' and 5'-AGCACTGTGTTGGCGTACAG-3' as primers. Expression of Gene@1602 in PBMC was quantified by real-time PCR using the SYBR Green method with 5'-GTGGAAAACACCCCTCAGAA-3' and 5'-CGAAGTCCTTCCTGGAGATG-3' as primers in an ABI 7900HT Real-Time PCR system. Expression level was normalized to the expression of Gene@728378 for comparison using the DeltaDeltaCt method. The result was analyzed by Wilcoxon rank sum test and regression analysis with sex and age adjustment", "type": "paragraph"}, {"sent": "We used PLINK v1.07 (http://pngu.mgh.harvard.edu/purcell/plink/), Statistical Analysis Software v.9.1 (SAS Institute, Cary, NC, USA) or Statistical Package for Social Sciences for Windows v.15 (SPSS, Chicago, IL, USA) for all statistical analyses, unless specified otherwise. All data are presented as mean+-SD or median (interquartile range) unless specified. Categorical variables were compared using chi2 test, Fisher's exact test and logistic regression, expressed as ORs and 95% CI as appropriate. In healthy controls, fasting plasma Gene@3630, HOMA-IR and HOMA-beta were logarithmically transformed due to skewed distributions. Genotype-phenotype associations were tested by multivariable linear regression adjusted for sex and age under the additive genetic model expressed in beta coefficients with 95%CI. Between-group comparisons were performed by chi2 test, Student's t-test or Wilcoxon Rank Sum as appropriate. We used logistic regression to examine genetic association with CVD in a case-control cohort matched for age, sex and disease duration with further adjustment for logarithm of eGFR, expressed as OR (95%CI). A two-tailed P value<0.05 was considered significant", "type": "paragraph"}, {"sent": "Assuming an additive model with allele frequencies of 0.05-0.30, and an OR of 1.2-3.0 (for a prevalence of 0.1), we used the Genetic Power Calculator to estimate the power for stage 1 (genome scan) and stage 2 (replication) at alpha levels of 1x10-4 and 0.05, respectively. For allele frequency>0.2, a sample size of 200 had 90% power to detect an OR of 3 and 75% power for an OR of 2.5. For the replication cohort with a sample size of 3000, we had 90% power to confirm an OR 1.2 for allele frequency>0.2. For the risk association with CVD, for SNP with allele frequency>0.2, a sample size of 2000 had over 90% power to confirm an OR of 1.5", "type": "paragraph"}, {"sent": "Distributions of all genotypes were analyzed for deviation from HWE by chi2 test with one degree of freedom. In stage 1 experiment, we estimated possible familial relationship using estimates of identity-by-descent (IBD) derived from pair-wise analyses of 102,919 independent (r2 0) and quality SNPs. We did not detect population stratification using multidimensional scaling analysis and the inflation factor lambda for GC. GC was applied to correct for relatedness of the subjects and adjust for potential population stratification. The inflation factor lambda was estimated by taking the median of the distribution of the chi2 statistic from 425,513 quality SNPs in allelic test, and then divided by the median of the expected chi2 distribution. The Quantile-Quantile plots were used to compare the observed and expected distributions for the 1df chi2 statistics generated from allelic tests with or without correction for GC in the discovery stage. We calculated the corrected P values by dividing the observed chi2 statistic by lambda. For the top signals taken forward for replication, we used Haploview Gene@28783 to generate pairwise LD measures and the Manhattan plot as well as LocusZoom v1.1 to generate the regional plots for the interested gene loci. For analysis of data from stage 1, 2 and combined dataset, we used allelic chi2 tests in 2x2 contingency tables to derive the OR after correction for multiple testings in 10,000 permutations. We used MIX Gene@28813 to perform meta-analysis and calculated the combined estimates of ORs by weighting the natural log-transformed ORs (with respect to the same allele) of each study using the inverse of their variance under the fixed effect model. Cochran's Q statistic (P <0.05) and I 2 were used to assess heterogeneity of ORs between studies", "type": "paragraph"}]}