{"sentences": [{"sent": "Disease@MESH:D003922 (T1D) frequently occur in the same individual pointing to a strong shared genetic susceptibility. Indeed, the cooccurrence of T1D and AITD in the same individual is classified as a variant of the Disease@MESH:D016884 type 3 (designated APS3v). Our aim was to identify new genes and mechanisms causing the co-occurrence of T1D+AITD (APS3v) in the same individual using a genome-wide approach. For our discovery set we analyzed 346 Caucasian APS3v patients and 727 gender and ethnicity matched healthy controls. Genotyping was performed using the Illumina Human660W-Quad.v1. The replication set included 185 APS3v patients and 340 controls. Association analyses were performed using the PLINK program, and pathway analyses were performed using the MAGENTA software. We identified multiple signals within the Gene@3119 region and conditioning studies suggested that a few of them contributed independently to the strong association of the Gene@3119 locus with APS3v. Outside the Gene@3119 region, variants in Gene@84109, a gene not suggested by previous studies of APS3v, T1D, or AITD, showed genome-wide significance (p<5x10-8). In addition, a locus on 1p13 containing the Gene@26191 gene showed genome-wide significant associations. Pathway analysis demonstrated that cell cycle, B-cell development, Gene@958, and Gene@1493 signaling were the major pathways contributing to the pathogenesis of APS3v. These findings suggest that complex mechanisms involving T-cell and B-cell pathways are involved in the strong genetic association between AITD and T1D", "type": "abstract"}, {"sent": "The most common Disease@MESH:D001327 are type 1 Disease@MESH:D003922 (T1D) and Disease@MESH:D013967 (AITD). T1D and AITD are both characterized by T-cell infiltration and production of autoantibodies directed at the target organs (Disease@MESH:D010195 islets and thyroid, respectively), resulting in their Disease@MESH:D006331 or destruction. Epidemiological data have shown that T1D and AITD frequently occur together in the same family and in the same individual, suggesting a strong shared genetic susceptibility. In different studies, up to 44% of T1D patients were positive for thyroid antibodies (TAb) (thyroid peroxidase [Gene@7173] and/or Gene@7038 [Tg] antibodies) . Similarly, 2.3% of children with AITD have islet cell antibodies compared with 0% of controls. Indeed, the co-occurrence of T1D and AITD in the same individual is classified as one of the variants of Disease@MESH:D016884 type 3 (APS3) (since the phenotype of T1D+AITD in the same individual is a known as a variant of APS3 we refer to it as APS3v in this manuscript)", "type": "paragraph"}, {"sent": "Family studies also support a strong shared genetic susceptibility to T1D and AITD. One of the largest family studies of T1D and AITD in the US , showed that among female Disease@MESH:D003920 probands Disease@MESH:D050031 (HT) was diagnosed in 54 - 75% of cases, and among female relatives, the frequency of HT was 22 - 44%. Two other studies, one from the UK and one from Colombia showed similar results. Thus, epidemiological data support a significant shared genetic susceptibility to T1D and AITD. However, while much has been learned about the genetics of T1D and AITD individually, less is known about the joint genetic etiology of these two diseases", "type": "paragraph"}, {"sent": "In view of the strong evidence for shared susceptibility for T1D and AITD we have previously mapped joint susceptibility genes for T1D and AITD using linkage studies in a large cohort of multiplex families in which T1D and AITD clustered. We used both the candidate gene approach , and whole genome linkage approach. A striking finding of these studies was that the phenotype of T1D+AITD in the same individual (APS3v) was a unique phenotype with a genetic predisposition distinct from that of T1D or AITD alone . The most significant contribution to T1D+AITD (APS3v) genetic susceptibility came from a sequence variant in Gene@3119-DR. In addition to the Gene@3119 class II susceptibility contribution we mapped three non-Gene@3107 loci showing evidence for linkage - Gene@1493, Gene@26191, and Gene@50943. These genes as well as other genes, such as IL-2alpha/Gene@3559 and Gene@7124 have been reported by other groups studying APS3v. The aim of the present study was to identify genes unique for APS3v using the robust genome wide association study (GWAS) approach in order to identify novel shared mechanisms and pathways for T1D and AITD", "type": "paragraph"}, {"sent": "The project was approved by the Icahn School of Medicine Institutional Review Board. SEARCH for Disease@MESH:D003920 in the Youth study participants >= 18 years old or a parent/guardian of participants < 18 years provided written informed consent for data collection including DNA. We performed a two-stage GWAS using a discovery set and an independent replication set", "type": "paragraph"}, {"sent": "The discovery set included 346 non-Hispanic White (NHW) patients with T1D who were also confirmed to be positive for Gene@7173 antibodies. These patients represent a subset of the SEARCH for Disease@MESH:D003920 in Youth study prevalent and incident cohorts (for a full description of the SEARCH cohort see). T1D was based on physicians' diagnosis of T1D and confirmed at the time of the SEARCH study visit based on a positive autoantibody titer for Gene@2572 or Gene@5798, consistent with the ADA criteria for type 1A (autoimmune) Disease@MESH:D003920. Controls included 727 healthy Caucasians (NHW) that were obtained from the Illumina iControlDB database (http://genomeinformaticsalliance.org/science/icontroldb.ilmn). Patients and controls were gender and ethnicity matched. The breakdown of the discovery set recruitment is detailed in Supplemental Table G", "type": "paragraph"}, {"sent": "The replication set included a separately enrolled dataset of 185 Caucasian (NHW) patients with T1D+AITD (consisting of a T1D+AITD cohort previously described with additional patients enrolled since 2010); 340 healthy Caucasians (NHW) were used as replication controls. The breakdown of the replication set recruitment is detailed in Supplemental Table G", "type": "paragraph"}, {"sent": "Genotyping of the cases and controls was performed at the Cincinnati Children's Hospital Medical Center DNA core. DNA samples were genotyped using the Illumina Human660W-Quad v1 BeadChips assays. This chip provides 87% genomic coverage in Caucasians at r2 > 0.8. Quality control (QC) testing (including testing for Hardy-Weinberg equilibrium, identity by descent, missing rate < 5%, and minor allele frequency [MAF] > 0.01) was performed using PLINK (http://pngu.mgh.harvard.edu/purcell/plink/). 514,008 single nucleotide polymorphisms (SNPs) passed the QC testing and were used in the association analysis. To ensure that our cases and controls were appropriately matched for ethnicity, avoiding effects of population stratification, we performed Principal Component Analysis (PCA). For the PCA we used 100,000 representative SNPs from the GWAS panel and analyzed them using 2 PC's. Cases and controls were matched on their principal component scores. The program EIGENSOFT was used to perform the PCA", "type": "paragraph"}, {"sent": "After QC testing, association analysis was performed using PLINK for PCA matched samples (346 patients and 727 controls) via logistic regression while using the first 2 principal components as covariates to adjust for the effect of population stratification on the results. SNPs with a p-value < 5x10-8 were considered to have genome-wide level of significance, while SNPs with a p-value <= 1x10-5 were considered showing suggestive evidence for association", "type": "paragraph"}, {"sent": "SNPs were selected for analysis in the replication set based on the following criteria: (1) To reduce the likelihood of false positive results there had to be at least 2 associated SNPs (p <= 1x10-5) within the same gene in the discovery set for the gene to be analyzed in the replication set; (2) we did not analyze in the replication set SNPs within Gene@3119 class I & II genes (since these have already been shown to be strongly associated with APS3v ), as well as SNPs within multiple Gene@3107 genes that are in tight Linkage Disequilibrium (LD) with each other. Based on these criteria we selected for the replication set 116 SNPs showing suggestive evidence for association (p <= 1x10-5). To these we added 28 SNPs that showed borderline significance (p< 5x10-4), but were located within genes already selected for replication based on the above 2 criteria to improve coverage of these genes. The list of 24 genes (containing 144 SNPs) with suggestive evidence for association that were tested in the replication set is shown in Supplemental Table A. These 144 SNPs were genotyped in the replication set using the Illumina custom-made Goldengate assays. PCA was not performed in the replication set since only 144 SNPs were genotyped in that set and they did not include ancestry informative markers. In order to test the effect the PCA might have had on the replication set we redid the association analysis on the 144 SNPs identified in the discovery set without adjusting the results by PCA. The analysis showed that for all the SNPs except one (Mutation@rs4589926) the results with and without adjusting by PCA were comparable (Supplemental Table B). These results confirmed that the lack of adjustment for PCA in the replication set should have had minimal if any effect on the results", "type": "paragraph"}, {"sent": "The PLINK association output including odds ratio and standard error values were generated from the discovery and replication datasets, respectively. Meta-analysis was then performed on these two association outputs using PLINK to derive meta-p-values with Mantel-Haenszel correction", "type": "paragraph"}, {"sent": "Linkage disequilibrium (LD) analysis was performed for the Gene@3107 and 1p13 loci since several genes in these loci were found to be associated with APS3v. For the LD analysis we used the Haploview program and analyzed the discovery set data", "type": "paragraph"}, {"sent": "To test whether the non-Gene@3119 genes within the Gene@3107 locus that showed genome-wide significant associations had independent effects or were associated due to strong LD with Gene@3119 class I and II genes (known to be associated with APS3v) we ran logistic regression models and performed a Likelihood Ratio- (LR) based omnibus association test on the discovery set. This analysis enabled us to test whether the overall haplotype variation of the SNPs within these genes influenced the presence of the APS3v phenotype. We then performed conditional LR-based tests in order to (1) test for an independent effect of each SNP (independent of the haplotypic effects formed by the remaining SNPs); and (2) test for any marginal omnibus significant association controlling for each SNP (i.e., we tested if for SNPs that had independent effects, the remaining SNPs in the haplotype jointly contributed association information beyond the tested SNP alone)", "type": "paragraph"}, {"sent": "For this analysis we used 23 SNPs in the Gene@3107 region that showed genome wide significance. They included the 4 highest scoring SNPs within the Gene@3119 class II genes, 3 highest scoring SNPs within the Gene@3119 class I genes, and 16 highest scoring SNPs within the non-Gene@3119 Gene@3107 genes that showed significant association (Supplemental Table C1). This analysis was performed using PLINK v1.07", "type": "paragraph"}, {"sent": "Logistic regression analysis was also performed on the 4 most associated SNPs within 4 genes in this locus, Gene@260425, Gene@10745, Gene@26191, Gene@440603, in order to determine whether any of these genes had independent effects", "type": "paragraph"}, {"sent": "3 SNPs within this locus showed significant associations with APS3v and we performed logistic regression analysis using allelic, as well as dominant and recessive models to determine which model is most likely contributing to the association with APS3v", "type": "paragraph"}, {"sent": "Pathway analysis was performed using the Meta-Analysis Gene-set Enrichment of variant Associations (MAGENTA) program (http://www.broadinstitute.org/Gene@4350/magenta/). For the pathway analysis we used only the discovery dataset. The 1000 SNPs that had the lowest p-values were used in this analysis. The probability that SNPs for a pathway/gene-set were significantly enriched when compared to randomly selected SNP-sets was computed. A p-value < 0.05 was considered significant", "type": "paragraph"}, {"sent": "Detailed characteristics of the discovery set are provided in Table 1. The discovery set included 346 Caucasian (NHW) APS3v patients; of them 216 (62%) were females and 130 (38%) were males resulting in a female to male (F:M) ratio of 1.6:1. This ratio is significantly higher than the reported F:M ratio in T1D which is close to 1.0, but is consistent with the female preponderance of AITD. The control discovery set consisted of 727 North American Caucasians. There were 451 (62%) females and 276 (38%) males in the control group (F:M ratio 1.6:1). In order to control for population stratification we performed a PCA in the discovery set. PCA demonstrated that our APS3v patients and controls were ethnically matched North American Caucasians of European ancestry along the axes of statistically significant principal components. The lambda gc (genomics inflation factor) of the PCA was 1.016 demonstrating a very close ethnicity matching of patients and controls", "type": "paragraph"}, {"sent": "The quantile-quantile (QQ) plot, which illustrates results of the distribution of association analyses for all the tested SNPs, showed an excess of SNPs in several loci that were significantly associated with APS3v at the tail of the distribution (Supplemental Figure A, blue line). To examine the effects of Gene@3119 genes (known to be strongly associated with APS3v) on the QQ plot we re-analyzed the QQ plot after removal of SNPs within Gene@3119 class I and class II genes (Supplemental Figure A, red line). The QQ plot without Gene@3119 genes showed a substantial reduction in the number of SNPs that are significantly associated with APS3v, confirming the major role of Gene@3119 genes in the etiology of APS3v. The results of the association analysis using the Human660W-Quad v1 SNPs in APS3v patients compared to controls are summarized in the Manhattan plot shown in Figure 1. The strongest association was seen at the Gene@3107 (6p) locus with many SNPs in this locus showing genome wide significance (p < 5 x 10-8); however, other non-Gene@3107 loci also showed significant associations (Figure 1). 307 SNPs showed suggestive evidence of association (p <= 1 x 10-5) (Supplemental Tables D1 and D2)", "type": "paragraph"}, {"sent": "For the replication analysis we tested 144 selected SNPs. These SNPs were chosen because they were located within or near 24 genes-loci showing suggestive evidence of association (p <= 1x10-5) in at least 2 SNPs, excluding Gene@3119 class I and II genes. After QC, 11 SNPs were removed leaving a total of 133 that were analyzed. The replication analysis identified 107 SNPs within 22 genes-loci that showed a nominal p-value of less than 0.05 (Supplemental Table E). Of these, 20 genes-loci contained one or more SNPs that showed genome wide significance (p < 5x10-8) in the combined sets (Table 2) and one gene (Gene@260425) had a SNP giving a combined p-value close to genome wide significance (p = 4.18x10-7). Of these 21 replicated genes-loci, 16 are non-Gene@3119 genes located within the Gene@3107 locus on chromosome 6p (Figure 2), and 5 genes (Gene@260425, Gene@10745, Gene@26191, Gene@440603 and Gene@84109) are located outside the Gene@3107 locus. Interestingly 4 of the 5 non-Gene@3107 genes (Gene@260425, Gene@10745, Gene@26191, and Gene@440603) are located on chromosome 1p13", "type": "paragraph"}, {"sent": "LD analysis for the Gene@3107 region showed that the Gene@3107 gene-locus where the 16 replicated genes were located consisted of 4 LD blocks, suggesting that while some genes may show association with APS3v because of LD others may have independent contributions (Figure 3A). LD analysis for the 1p13 locus showed tight LD between Gene@10745 and Gene@26191 and weaker LD between these two genes and Gene@440603, while Gene@260425 did not show significant LD with the other 3 genes (Figure 3B), suggesting that more than one gene in this locus may have independent effects", "type": "paragraph"}, {"sent": "The overall variation of the haplotypes formed by the 23 SNPs located within associated Gene@3107 genes influenced the presence of the APS3v phenotype (omnibus association LR test p-value < 1x10-8). Intriguingly, even though the Gene@3107 region had 4 LD blocks only one gene, Gene@3305 showed independent effect on disease risk after adjusting for the effect of the entire haplotype (Supplemental Table C1). SNP Mutation@rs2227956, located within Gene@3305, showed the strongest independent effect (conditional LR test p-value=0.00227). Moreover, for Mutation@rs2227956 (Gene@3305) we found that the other SNPs jointly contributed to the association with APS3v beyond the effect of Mutation@rs2227956 alone (marginal omnibus association LR test p-value = 1.72x10-42, Supplemental Table C1)", "type": "paragraph"}, {"sent": "Logistic regression analysis was performed on the 4 most associated SNPs within 4 genes in this locus, Gene@260425, Gene@10745, Gene@26191, Gene@440603, in order to determine whether any of these genes had independent effects. The analysis showed that only Gene@26191 had independent effect on the susceptibility to APS3v (conditional LR test p-value=0.008), suggesting that it is the causative gene and not the other 3 genes in this locus (Supplemental Table C2)", "type": "paragraph"}, {"sent": "3 SNPs in this locus showed significant association with APS3v by the logistic regression analysis. Analyses for allelic variation, as well as genotypic variation under dominant and recessive models all showed significant associations (Supplemental Table C3)", "type": "paragraph"}, {"sent": "Pathway analysis was performed to provide insight into mechanisms underlying the etiology of APS3v. Several pathways were found to be significantly associated with APS3v (Supplemental Table F). The three most strongly associated pathways were cell cycle, B-cell development and Gene@958 signaling", "type": "paragraph"}, {"sent": "Organ-specific Disease@MESH:D001327, such as T1D and AITD, share common underlying pathogenetic mechanisms. Indeed, genetic studies have demonstrated the existence of common Disease@MESH:D001327 genes predisposing to several Disease@MESH:D001327 . One of the strongest phenotypic associations between two different organ-specific Disease@MESH:D001327 is the association between T1D and AITD, suggesting a significant shared genetic susceptibility. In the current study we dissected the joint genetic susceptibility for T1D and AITD using a genome-wide approach, analyzing patients who developed both T1D and AITD (i.e. APS3v). Our data demonstrated that the majority of SNPs showing genome-wide significant associations were located within or near the Gene@3107 locus. These findings confirm previous studies by us and others  demonstrating the key role the Gene@3107 region plays in the etiology of APS3v", "type": "paragraph"}, {"sent": "The mechanism by which Gene@3119 class II proteins predispose to APS3v was shown by us to be through alteration of antigen presentation. Antigen presentation is determined by the Gene@3119 class II pocket structure, which is genetically determined by its inherited sequence that has high population variability. Certain autoantigenic peptides that fit within the Gene@3119 class II pocket are more likely to be presented to T-cells that escaped tolerance thereby triggering disease", "type": "paragraph"}, {"sent": "We also identified SNPs in 16 additional non-Gene@3119 genes within the Gene@3107 region that were strongly associated with APS3v. In order to determine if they are associated with APS3v by virtue of LD with Gene@3119 class II or whether they confer independent effects we performed a conditional logistic regression analysis. Our logistic regression analysis suggested that at least one of these 16 non-Gene@3119 genes in the Gene@3107 region, Gene@3305, had an independent effect on the risk for disease (Supplemental Table C1). Moreover, LD analysis (Figure 3A) showed 4 LD blocks in the Gene@3107 region suggesting that other Gene@3107 genes may have independent effects that could not be detected in our dataset. Gene@3305 (Gene@3305) is a member of the Disease@MESH:D012769 (HSPs) that are upregulated in cells in response to stressful stimuli, and have been previously shown to play a role in AITD and T1D. Recently, the Gene@3305 protein was identified in islets of enterovirus-associated fulminant type 1 Disease@MESH:D003920 suggesting a role in T1D", "type": "paragraph"}, {"sent": "In addition to the 16 Gene@3107 genes demonstrating significant associations with APS3v, we identified SNPs in 5 non-Gene@3107 genes that were associated with APS3v: Gene@440603 (B-cell lymphoma 2-like protein 5), Gene@260425 (membrane associated guanylate kinase WW and PDZ domain containing 3), Gene@10745 (Gene@10745), Gene@26191 (Gene@26191), and Gene@84109 (Gene@84109). Interestingly, 4 of the 5 non-Gene@3107 genes found to be associated with APS3v in our GWAS (Gene@260425, Gene@10745, Gene@26191, Gene@440603) are located within a 350 Kb region on chromosome 1p13 suggesting that they are all in LD. LD analysis showed that only Gene@10745 and Gene@26191 are in tight LD (Figure 3B). This suggested that more than one gene in this locus may have an independent effect on the etiology of APS3. However, logistic regression analysis demonstrated that only the Gene@26191 gene had an independent effect on disease risk confirming earlier studies showing that Gene@26191 is a major Disease@MESH:D001327 gene . These results confirmed our previous studies, using linkage analysis that showed strong linkage of Gene@26191 with APS3v . The Gene@26191 gene encodes the Gene@26191 (Gene@26191) protein, a potent inhibitor of T-cell activation. A non-synonymous SNP causing a Mutation@rs2476601 has been associated with several Disease@MESH:D001327 , but the substitution results in gain-of-function and increases suppression of T-cell receptor signaling. It is hypothesized that this substitution may allow escape of self-reactive T-cells from deletion by central tolerance", "type": "paragraph"}, {"sent": "The Gene@84109 gene is especially interesting since it is a novel gene-locus identified to be unique for the APS3v phenotype. The Gene@84109 gene (also designated as Gene@84109 gene) is a G-protein-coupled receptor that is expressed mostly in brain, but also in human Disease@MESH:D010195 islets and it may have an effect on Gene@3630 secretion. Moreover, the ligand for Gene@84109 (P518) is expressed in thyroid cells. Taken together these expression data suggest a role for Gene@84109 and/or its signaling pathway in APS3v. The Gene@84109 gene is located on chromosome 4q27 and it has not been previously reported to be associated with Disease@MESH:D001327. However, a locus on chromosome 4q27 that is approximately 625 Kb downstream the Gene@84109 gene was previously reported to be associated with T1D, as well as with other Disease@MESH:D001327 including Disease@MESH:D001172, Disease@MESH:D002446, and Disease@MESH:D003093. Currently it is unclear whether this is the same locus as the one associated with APS3v, and further studies are needed to explore this possibility", "type": "paragraph"}, {"sent": "No previous studies tested the Gene@84109 locus on 4q27 for association with AITD, and therefore we tested the two Gene@84109 SNPs showing association with APS3v, for association with AITD in our AITD dataset (251 GD patients, 114 HT patients and 365 matched controls). The analysis showed that SNPs Mutation@rs1513695 and Mutation@rs7679475 were both associated with HT (p=0.04 and p=0.02, respectively) but not with GD. These data are consistent with the fact that most APS3v patients have HT and only a minority has GD", "type": "paragraph"}, {"sent": "Previous studies by us and others showed strong linkage and association of Gene@1493 with APS3v, while in the current study Gene@1493 markers did not reach genome wide significance. However, our pathway analysis did show significant association of the Gene@1493 signaling pathway with APS3v confirming earlier results. These data show the power of pathway analysis to identify important mechanisms underlying common diseases. Other pathways that were significantly associated with APS3v included cell cycle, B-cell development, Gene@958 signaling, Disease@MESH:D003643 receptor signaling, IL12 and Gene@3558 signaling pathways. The association with Gene@958 signaling pathway is consistent with previous data showing that Gene@958 plays a role in the etiology of both AITD and T1D. The association with the Gene@3558 and IL-12 signaling pathways suggests that abnormalities in T-cell activation are also important to the etiology of APS3v", "type": "paragraph"}, {"sent": "The main limitation of our study is the small cohort size that may have limited our ability to identify common variants with weak effects. Even though our study had a relatively small sample size its main strength was the phenotype selection. All the patients in the discovery set developed both type 1 Disease@MESH:D003920 and Gene@7173 antibodies before age 20. The development of two Disease@MESH:D001327 in childhood supports a strong genetic contribution to the T1D+AITD phenotype of our patients (since children have less time for environmental exposures), and therefore enabled us to identify the strongest genetic effects in our cohort", "type": "paragraph"}, {"sent": "Several GWAS studies have been performed in T1D (reviewed in) identifying over 30 genes-loci. By far the strongest association is with the Gene@3107 locus. Similarly, in our study the Gene@3119 class II genes showed the strongest association (Supplemental Table D1), and 16 out of the 21 genes we identified were located within the Gene@3107 region. Therefore, for both phenotypes, T1D alone and T1D+AITD (APS3v), the Gene@3107 region is the most important susceptibility locus. Among non-Gene@3107 genes the Gene@26191 overlapped between T1D and APS3v, suggesting that some T1D susceptibility genes have a major contribution to the APS3v phenotype, as well. Several genes are specific to the APS3v phenotype. These include the Gene@1493 gene that has been previously shown to be unique for APS3v , and the Gene@84109 gene identified in the current study. These data support the notion that APS3v is a unique phenotype with specific genetic susceptibility", "type": "paragraph"}, {"sent": "In summary, this is the first GWAS study performed in patients that developed both T1D+AITD in childhood. Our data support a major role for Gene@3107 genes with contributions from non-Gene@3107 genes. Identifying the mechanisms by which these genes predispose to disease will hopefully facilitate the development of novel mechanism-based therapeutic strategies", "type": "paragraph"}, {"sent": "Manhattan plot showing the results of the association analysis in the Discovery set. The X-axis shows the chromosomal location of the analyzed SNPs and the Y-axis shows the - log(p-value). As expected the strongest association was seen on chromosome 6 at the Gene@3107 (Gene@3119) locus with many SNPs in this locus showing genome wide significance (p < 5x10-8); however, other non-Gene@3107 loci also showed significant associations", "type": "fig_caption"}, {"sent": "Schematic diagram of the Gene@3107 region showing non-Gene@3119 genes within the Gene@3107 locus found to be associated with T1D+AITD (APS3v). Of 21 replicated genes 16 were located within the Gene@3107 locus on chromosome 6p but are not Gene@3119 genes. Shown are Gene@3105, Gene@3119-C, and Gene@3119 (gray boxes), as well as 9 of the 16 genes within the Gene@3107 region that were replicated. Gene names are indicated below the line representing chromosome 6p and their chromosomal location in bp is indicated above the line", "type": "fig_caption"}, {"sent": "(A) Linkage disequilibrium (LD) analysis of SNPs within 16 Gene@3107 genes that were replicated. LD analysis showed that the Gene@3107 region, where the replicated genes are located, consisted of 4 LD blocks. These results suggested that while some genes that are located within the same LD block (e.g. Gene@10866 and Gene@100507436) may show association with APS3v because of LD, others that are outside these blocks may have independent contributions. (B) LD analysis of the 1p13 locus. The Gene@10745 and Gene@26191 genes show tight LD with a D' of 0.99 while the Gene@440603 gene was in weaker LD with Gene@26191 (D'=0.85) and Gene@10745 (D'=0.93). In contrast, Gene@260425 was not in LD with the other 3 genes at the locus showing D'<0.80 with all 3 genes", "type": "fig_caption"}, {"sent": "Combined association analysis in the Discovery and Replication sets in 22 genes that showed nominal association (p<0.05) in at least one SNP for the Replication se", "type": "table_caption"}, {"sent": "Disease@MESH:D003922 (T1D) are genetically associated", "type": "paragraph"}, {"sent": "We mapped multiple loci predisposing to T1D+AITD using a genome wide approach", "type": "paragraph"}, {"sent": "Sixteen genes were non-Gene@3119 genes located in the Gene@3107 locus", "type": "paragraph"}, {"sent": "We identified Gene@84109 as a novel susceptibility gene for T1D+AITD", "type": "paragraph"}, {"sent": "Major pathways predisposing to T1D+AITD included Gene@958 and Gene@1493 signaling", "type": "paragraph"}]}