{"sentences": [{"sent": "Genome-wide association studies (GWAS) of Disease@MESH:D008175 have identified regions of common genetic variation with Disease@MESH:D008175 risk in Europeans who smoke and never-smoking Asian women. This study aimed to conduct a GWAS in African Americans, who have higher rates of Disease@MESH:D008175 despite smoking fewer cigarettes per day when compared with Caucasians. This population provides a different genetic architecture based on underlying African ancestry allowing the identification of new regions and exploration of known regions for finer mapping", "type": "abstract"}, {"sent": "We genotyped 1,024,001 SNPs in 1737 cases and 3602 controls in stage 1, followed by a replication phase of 20 SNPs (p<1.51x10-5) in an independent set of 866 cases and 796 controls in stage 2", "type": "abstract"}, {"sent": "In the combined analysis, we confirmed two loci to be associated with Disease@MESH:D008175 that achieved the threshold of genome-wide significance: 15q25.1 marked by Mutation@rs2036527 (p = 1.3 x 10-9; OR = 1.32; 95% CI = 1.20-1.44) near Gene@1138, and 5p15.33 marked by Mutation@rs2853677 (p = 2.8 x 10-9; OR = 1.28; 95% CI = 1.18-1.39) near Gene@7015. The association with Mutation@rs2853677 is driven by the Disease@MESH:D008175 (p = 1.3 x 10-8; OR = 1.37; 95% CI = 1.23-1.54). No SNPs reached genome-wide significance for either of the main effect models examining smoking - cigarettes per day and current or former smoker. Our study was powered to identify strong risk loci for Disease@MESH:D008175 in African Americans; we confirmed results previously reported in African Americans and other populations for two loci near plausible candidate genes, Gene@1138 and Gene@7015, on 15q25.1 and 5p15.33 respectively, are associated with Disease@MESH:D008175. Additional work is required to map and understand the biological underpinnings of the strong association of these loci with Disease@MESH:D008175 risk in African Americans", "type": "abstract"}, {"sent": "Disease@MESH:D008175 is the second most common Disease@MESH:D009369 in US men and women and has the highest death rate. There is a substantial disparity in African-American men, who have higher age-adjusted incidence rates (99.9 per 100,000) when compared with Caucasian and Asian men (76.4 and 52.2 per 100,000, respectively), as well as higher age-adjusted death rates (African American 82.6 per 100,000; Caucasian 65.3 per 100,000; Asian 35.9 per 100,000). Smoking represents the major risk factor for Disease@MESH:D008175. Known differences in smoking-related exposures for African Americans could contribute to the observed differences in incidence, including age of smoking initiation, intensity of smoking, and quitting and relapse behaviors. It has been estimated that approximately eighty-five percent of Disease@MESH:D008175 risk is attributed to cigarette smoking; however, the higher incidence seen in African Americans occurs even though they smoke fewer cigarettes per day than their Caucasian counterparts. Family and twin studies, as well as Disease@MESH:D008175 genome-wide association studies (GWAS) have confirmed an underlying genetic contribution to Disease@MESH:D008175 risk as well. To date, GWAS performed in populations of European and Asian descent have identified over Disease@MESH:D008175 risk loci (Supplementary Table 1). Interestingly, other than the Gene@7015 region on chromosome 5p15, the regions identified in non-smoking Asian women do not overlap with the regions identified in Europeans who smoke, suggesting distinct genetic contributions to primary Disease@MESH:D063646 and smoking-related Disease@MESH:D063646. Although African Americans have higher Disease@MESH:D008175 incidence and poorer Disease@MESH:D008175 survival when compared with other racial and ethnic populations in the United States, no GWAS has been conducted in this population. In addition, African admixture in African Americans could provide an opportunity to identify new Disease@MESH:D008175 risk alleles. Smoking behavior also has a significant genetic component, as reported in family, twin and GWAS studies. Given differences in smoking exposures and genetic architecture in African Americans as compared to Europeans and Asians, studies of genetic variation contributing to risk of Disease@MESH:D008175 in African Americans might help explain the racial difference observed in Disease@MESH:D008175 incidence and survival, and identify novel markers of Disease@MESH:D008175 susceptibility", "type": "paragraph"}, {"sent": "Studies have been conducted to further interrogate chromosomal regions 2q31.1, 5p15.33, 6p22.1-p21.31, and 15q25.1 in African Americans, including fine mapping studies. The 15q25.1 region harbors three Gene@1137 subunit genes (Gene@1136, Gene@1137, and Gene@1138), which are associated with Disease@MESH:D008175, smoking behavior, nicotine addiction, and increased exposure to specific nicotine metabolites. These studies have identified SNPs potentially associated with Disease@MESH:D008175 risk in African Americans, either weakly associated with or independent of smoking behavior. Additionally, variants on 5p15.33 and 6p21.33 were observed to have histology-specific associations with Disease@MESH:D008175 risk in African Americans. Specifically, variants on 5p15.33 appear to have a stronger association with Disease@MESH:D000230, whereas variants on 6p21.33 had a specific association with Disease@MESH:D002294", "type": "paragraph"}, {"sent": "In light of the current evidence suggesting that a genetic contribution to Disease@MESH:D008175 in African Americans, we conducted a two-stage GWAS comprised of 1737 cases and 3602 controls (stage 1) and followed by replication of the most significantly associated genotypes in an independent sample set of 866 cases and 796 controls (stage 2)", "type": "paragraph"}, {"sent": "A two-stage case-control study was designed to evaluate the association between common genetic variants and the risk of Disease@MESH:D008175. Detailed study descriptions of the eight studies included in the discovery phase (stage 1) GWAS and seven studies in the replication phase (stage 2) can found in Supplementary Information. The stage 1 studies included 1737 cases and 3602 controls from the following studies: Disease@MESH:D008175 Epidemiology Study, The Multiethnic Cohort Study (Gene@56477), Disease@MESH:D008175-Case Control Study, Disease@MESH:D008175 Study, Project CHURCH (Creating a Higher Understanding of Cancer Research & Community Health), Prostate, Lung, Disease@MESH:D015179 Screening Trial (PLCO), Southern Community Cohort Study (SCCS), and the Karmanos Cancer Institute at Wayne State University (KCI/WSU). The Project CHURCH dataset contained controls only; therefore, these data were combined with the Disease@MESH:D008175 Epidemiology Study to generate one analytical unit for the analyses (designated as MDA). The stage 2 studies included an independent set of 866 cases and 796 controls from the following studies: The Black Women's Health Study (BWHS), The Disease@MESH:D008175 Susceptibility Study (HLCS), Disease@MESH:D008175 Epidemiology Study, MD Anderson/LBJ Hospital Biorepository, Disease@MESH:D008175 Case-Control Study, Disease@MESH:D008175 Study, Disease@MESH:D008175 Study on Gene Environment Interactions (Plus-Gene), Southern Community Cohort Study (SCCS), and KCI/WSU. The Disease@MESH:D008175 Epidemiology Study and MD Anderson/LBJ Hospital Biorepository were provided as one dataset from the investigators, so were analyzed as one analytical unit (designated as MDA)", "type": "paragraph"}, {"sent": "Each participating study obtained informed consent from study participants and approval of the study from its IRB; studies also obtained IRB certification permitting data sharing in accordance with the US National Institutes of Health (NIH) Policy for Sharing of Data Obtained in NIH-Supported or -Conducted Genome-Wide Association Studies (GWAS)", "type": "paragraph"}, {"sent": "Genome-wide SNP genotyping of Disease@MESH:D008175 cases from Disease@MESH:D008175 Epidemiology Study, Disease@MESH:D008175 Case-Control Study, Disease@MESH:D008175 Study, Project CHURCH, PLCO, SCCS, and KCI/WSU (Supplementary Table 2a) was conducted using the Illumina HumanHap 1M Duo chip at the Disease@MESH:D009369 Genomics Research Laboratory (CGR) in the Division of Cancer Epidemiology and Genetics (DCEG) at the National Cancer Institute. SNPs from the Gene@56477 were genotyped using the same chip at University of Southern California and the primary iDat files were shared for the combined genotype calling", "type": "paragraph"}, {"sent": "SNPs with less than a 90% completion rate were excluded from further analysis. Samples were excluded on the basis of (i) completion rates lower than 94% (n = 556 samples); (ii) abnormal heterozygosity values of less than 24% or greater than 32% (n = 54); (iii) discordant expected duplicates (n=10); (iv) abnormal X-chromosome heterozygosity including gender discordant samples (n = 52); and (v) phenotype exclusion (due to ineligibility or incomplete information) (n = 114)", "type": "paragraph"}, {"sent": "Using the high quality data based on the sample level filters above, we performed an assay concordance analysis and identified all 164 expected duplicates with average concordance rate > 99.9%. Genotypes for all subject pairs were also examined for close relationships (presence of first- and second-degree relatives) using the Genotyping Library and Utilities (GLU) version 1.0 qc.ibds module with an IBD0 threshold of 0.70, and 122 first-degree relatives were identified and excluded from analysis", "type": "paragraph"}, {"sent": "Using a set of population informative SNPs and data from HapMap 27, we excluded 27 subjects that displayed either Asian admixture coefficients >20% or European admixture coefficients >90%, as determined on the basis of the GLU strct.admix module with the HapMap I+II CEU, YRI, ASA (JPT +CHB) samples used as reference populations (Supplementary Figure 1). The final association analysis included 1737 cases and 3602 controls of African American ancestry. After quality control filtering, data from 1,024,001 SNPs were available", "type": "paragraph"}, {"sent": "A total of 20 SNPs with p < 1.51 x 10-5 based on the adjusted trend model was advanced for replication in stage 2. TaqMan genotyping assays (ABI) were optimized in the CGR pipeline stage 2 genotyping, which included BWHS, HLCS, Disease@MESH:D008175 Epidemiology Study, MD Anderson/LBJ Hospital Biorepository, Disease@MESH:D008175 Case-Control Study, Plus-Gene, KCI/WSU, and the Disease@MESH:D008175 Study (Supplementary Table 2b). SCCS genotyped their samples at Vanderbilt using the Sequenom platform for 21 assays where Mutation@rs17568263 was substituted with Mutation@rs2128611 [a perfect linkage disequilibrium (LD) surrogate] and Mutation@rs55781567 was genotyped as a redundant assay because it is in LD with Mutation@rs2036527. Mutation@rs2036527 was not genotyped in Northern Disease@MESH:D008175 Study. We analyzed a total of 20 assays in 866 cases and 796 controls drawn from 7 studies, including additional samples from 5 of the stage 1 studies and 355 controls pooled from an African American Disease@MESH:D007680 GWAS", "type": "paragraph"}, {"sent": "Associations between SNPs and risk of Disease@MESH:D008175 (overall, Disease@MESH:D054331, and Disease@MESH:D002294 only) were estimated using multivariate logistic regression assuming a trend genetic effect (i.e. linear increase in risk per affected allele) and adjusting for study, age, gender, smoking status (never/former/current), and admixture coefficient for YRI (stage 1); and study, age, gender, smoking status (never/former/current) (stage 2). When included in the null model (baseline model and covariates only), none of the top 10 eigenvectors is significantly (P < 0.05) associated with the case/control outcome, and therefore were they were not included in the final main effect model as adjustment for population substructure. For smoking status, we ran a logistic regression model for current versus former smokers assuming linear trend for each SNP and adjusting for study, age, gender, admixture coefficient for YRI, one significant eigenvector, and Disease@MESH:D008175 case/control status. We also ran a linear regression model for log transformation of cigarette smoked per day (Disease@MESH:C565865) and assuming a trend effect for SNP and adjusting for study, age, gender, admixture coefficient for YRI and Disease@MESH:D008175 case/control status. To examine the association between smoking behavior and Disease@MESH:D008175, we performed linear regression analysis for Disease@MESH:C565865 and pack years as the outcomes, adjusting for study, age, gender, coefficient for YRI, current smokers, and eigenvectors", "type": "paragraph"}, {"sent": "The stage 1 analysis included 1737 cases and 3602 controls among African Americans drawn from eight studies of Disease@MESH:D008175 (Supplementary Table 2a). We observed no evidence of systematic genomic inflation of the test statistic (lambda = 1.003) for the 1,024,001 genotyped SNPs analyzed in stage 1 and had no excess of small p values beyond what was expected (Supplementary Figure 2)", "type": "paragraph"}, {"sent": "Three SNPs were observed to be associated with Disease@MESH:D008175 below the threshold of genome-wide significance (p > 5 x 10-8) in stage 1 (Mutation@rs55781567, Mutation@rs3019885, and Mutation@rs6580649) (Supplementary Figure 3). The most significant association was observed in Mutation@rs55781567 (p = 7.1 x 10-9; OR=1.34; 95% CI=1.21-1.48; Gene@4094 = 0.25 in cases and 0.308 in controls), located in the 5'-untranslated region (UTR) of the gene Gene@1138 (Gene@1138) on chromosome 15q25. Twenty promising SNPs (p < 1.51 x 10-5) from stage 1 were genotyped in stage 2 in 866 cases and 796 controls from 7 studies, including additional samples from 5 of the stage 1 studies and 355 controls pooled from an African American Disease@MESH:D007680 GWAS (Supplementary Table 2b)", "type": "paragraph"}, {"sent": "We selected the 20 SNPs for replication in stage 2 (Supplementary Table 3). SNP Mutation@rs55781567 failed the assay design; however, Mutation@rs2036527, also located in the 5'-untranslated region (UTR) of the gene Gene@1138 on chromosome 15q25, is a surrogate (r2=1 and 0.48 in 1000 Genomes Project CEU and YRI data, respectively) for Mutation@rs55781567 and was genotyped in the replication phase. The surrogate selection was based on Mutation@rs2036527 being the next most significant SNP observed in our scan in the same region. Among the 20 SNPs evaluated, the stage 2 ORs were similar to or somewhat attenuated from the stage 1 ORs for 11, but in different directions for 9", "type": "paragraph"}, {"sent": "Combining results from stages 1 and 2, two SNPs were significant at the genome-wide significance level. Mutation@rs2036527 (p = 1.3 x 10-9; OR = 1.32; 95% CI = 1.20-1.44) and Mutation@rs2853677 (p = 2.8 x 10-9; OR=1.28; 95% CI = 1.18-1.39), which are located 511 base pairs from the initiation sequence of Gene@1138 and in the first intron of telomerase gene (Gene@7015), respectively (Figure 1, Table 1, Supplementary Table 3). SNPs Mutation@rs3019885 and Mutation@rs6580649 did not replicate. When stratified by histology, we observed an association with Disease@MESH:D000230 below the threshold for genome-wide significance (p = 1.3 x 10-8; OR=1.37; 95% CI = 1.23-1.53), but not Disease@MESH:D002294 (p = 0.42; OR=1.06; 95% CI = 0.92-1.23). Notably, four loci that failed to replicate displayed substantial differences in allele frequencies between stage1 (GWAS scan) and stage 2 (TaqMan or Sequenom together). Moreover, the allele frequencies of stage 1 were quite different from those estimates from HapMap samples (CEU or YRI); whereas the allele frequencies based on stage 2 genotypes for all four loci were very similar (Supplementary Table 3). In this regard, we consider that the Illumina genotype assays may be problematic for these four SNPs and thus not reliable", "type": "paragraph"}, {"sent": "We examined whether SNPs were associated with smoking, including cigarettes smoked per day and smoking status (former vs. current smokers). No SNPs reached genome-wide significance for either of the main effect models examining smoking behavior. When comparing current with former smokers, the most significant association was observed with Mutation@rs1293936 (p = 5.41 x 10-7; OR = 1.28, 95% CI = 1.16 - 1.41), which is located in Gene@2099 (Gene@2099) on chromosome 6q25.1 (data not shown). When examining cigarettes smoked per day (log transformed) in a linear regression model, the most significant association was observed with Mutation@rs1372626 (p = 2.5 x 10-6), which is located in the intron of Gene@1630 (Gene@1630) encoding netrin 1 receptor (data not shown)", "type": "paragraph"}, {"sent": "Additionally, we evaluated the association between smoking behavior (Disease@MESH:C565865 and pack years) and Disease@MESH:D008175 case-control status. We observed that Disease@MESH:D008175 is strongly associated with both Disease@MESH:C565865 and pack years in this population (Supplementary Tables 4a and 4b)", "type": "paragraph"}, {"sent": "Herein, we report the first GWAS of common genetic variation for Disease@MESH:D008175 and smoking phenotypes in 1737 African American cases and 3602 controls, followed by a replication phase including an independent set of 866 cases and 796 controls. Two loci, previously reported in GWAS in other populations, were significant at the genome-wide significance level when combining the discovery and replication phases (Table 1); 15q25.1 marked by Mutation@rs2036527 near Gene@1138, and 5p15.33 marked by Mutation@rs2853677 near Gene@7015. The first SNP marker, Mutation@rs2036527 on 15q25.1 is located 511 base pairs from the initiation sequence for Gene@1138, in the gene cluster Gene@1138-Gene@1136-Gene@1137 that codes for the Gene@10382 subunits of the Gene@1137 (Gene@1137). Nicotinic acetylcholine receptors initiate the primary brain and peripheral responses to smoking. A number of studies have implicated the Gene@1137 gene cluster in smoking-related phenotypes, including cigarettes smoked per day, smoking 100 cigarettes or more in a lifetime, persistent smoking, heavy smoking, quitting attempts, age at smoking initiation, pleasurable early smoking experience, reported physical effects after smoking first cigarette and serum cotinine levels. These observations have been reported primarily in populations of European ancestry. Some of the above-mentioned studies include African Americans; yet, small sample size was an issue for some. However, Mutation@rs2036527 was observed to be associated with smoking quantity in African Americans through a GWAS meta-analysis of 32,389 subjects from the Study of Tobacco in Minority Populations Genetics Consortium. This SNP has also been associated with nicotine dependence in the Finnish Twin Cohort Study and cigarettes smoked per day. However, we did not see a similar association in our data when examining current versus former smokers (p=0.29), and only nominally significant (p=0.038) if modeling cigarettes smoked per day, perhaps due to the small sample size and that African Americans on average smoke cigarettes differently than Caucasians. It has been shown that Disease@MESH:C565865 is less predictive of smoke intake in African-American smokers when compared with Caucasian smokers. When examining carbon monoxide (CO), a biomarker of cigarette smoke, Bloom et al. observed that the correlation between CO and Disease@MESH:C565865 is significantly lower in African Americans when compared with European Americans. Additionally, we recognize that comparing current versus former smokers or examining Disease@MESH:C565865 is not an ideal surrogate for nicotine dependency; however, in the assembled dataset, these are the best measures available. Furthermore, the relationship between Mutation@rs2036527 and smoking behavior is not likely to be mediated solely through Disease@MESH:C565865", "type": "paragraph"}, {"sent": "Mutation@rs16969968, a nonsynonomous SNP in Gene@1138 that is in LD with Mutation@rs2036527 (r2 = 0.88, 1000 Genomes Project CEU data) in populations of European descent, replaces an Mutation@rs16969968 of the protein. This SNP has been associated with smoking behavior in European populations and been shown to have functional consequences, including partial loss of the function of the protein. Mutation@rs16969968 has been reported to be associated with smoking behavior and nicotine dependence in several small studies with African Americans subjects. In 2012, a large meta-analysis in African American smokers showed a significant association between Mutation@rs2036527 and self-reported Disease@MESH:C565865, but not between Mutation@rs16969968 Disease@MESH:C565865. However, a more recent meta-analysis showed Mutation@rs16969968 is associated with increased risk for nicotine dependence in European and African Americans and provided evidence that the A allele increases risk for heavy smoking. In another study, Mutation@rs16969968 was not found to be consistently associated with smoking abstinence in African Americans; whereas Mutation@rs2036527 was associated with active pharmacotherapy. Additionally, Mutation@rs588765 in high LD with Mutation@rs2036527, and was observed to be associated with Gene@1138 mRNA expression levels, using a diploytpe analysis. Therefore, it is possible that Mutation@rs16969968 and/or Mutation@rs588765 are the functional variants in Gene@1138 underlying the associations we have observed with Mutation@rs2036527. Although these SNPs may be functional variants, they only partially capture variation in nicotine dependency and are one driver of heavy smoking. For example, recent report observed that Mutation@rs2273500-C, a splice site acceptor variant in Gene@1137 on chromosome 20 accounts for some nicotine dependency", "type": "paragraph"}, {"sent": "The SNP marker, Mutation@rs2036527 has been previously shown to be associated with Disease@MESH:D008175 in African Americans in a fine mapping study of the Gene@1137 region. It has been shown that Mutation@rs2036527 is associated with Disease@MESH:D009369 DNA methylation levels in the promoter of Gene@1143, suggesting that genotype-specific methylation may be associated with susceptibility to Disease@MESH:D008175. Because this SNP has been associated with smoking habits, it is not clear whether smoking may also play a role in the epigenetic deregulation. Further investigations into the functional implications of this relationship are warranted", "type": "paragraph"}, {"sent": "The second genome-wide significant SNP observed in our study, Mutation@rs2853677, is located in the first intron of Gene@7015 on chromosome 5p15.33. In a case-control study of Caucasian and African-American women, Mutation@rs2853677 was associated with Disease@MESH:D002289 in both populations when the data were stratified by race. Furthermore, Mutation@rs2853677 has been shown to be associated with Disease@MESH:D008175 susceptibility in a Japanese GWAS. In a recent report, the A allele of Mutation@rs2853677 displayed pleiotropy between different Disease@MESH:D009369 types. The same allele is positively associated with testicular germ cell Disease@MESH:D009369 and Disease@MESH:D010190, but negatively associated with Disease@MESH:D005910 and Disease@MESH:D008175, which includes some of the African-American individuals in this study. Additionally, concordant with earlier work, we observed that Mutation@rs2853677 had a histology-specific association with risk of Disease@MESH:D000230. Variants on 5p15.33 detected upstream of, and within, intron 1 of Gene@7015 (Mutation@rs2735940 and Mutation@rs2736100) have been observed to be associated with risk of Disease@MESH:D000230. Mutation@rs2853677 is in moderate linkage disequilibrium (LD) with Mutation@rs2735940 and Mutation@rs2736100 in 1000 Genome Project CEU data (r2 = 0.42 and 0.56, respectively) as compared with moderate to low LD (r2 = 0.34 and 0.04, respectively) in 1000 Genomes Project YRI data. This suggests that using an African-American population can refine the association signals in this complex region. We have further confirmed its association with Disease@MESH:D008175 in African Americans at a genome-wide significance level by replicating the finding in additional samples of African Americans. Further functional interrogation is warranted", "type": "paragraph"}, {"sent": "Our study was powered to identify strong risk loci for Disease@MESH:D008175 in African Americans; we confirmed data previously reported in African Americans and other populations for two loci near plausible candidate genes, Gene@1138 and Gene@7015, Mutation@rs2036527 and Mutation@rs2853677 on 15q25.1 and 5p15.33 respectively, are associated with Disease@MESH:D008175. Additional work is required to map and understand the biological underpinnings of the strong association of these loci with Disease@MESH:D008175 risk in African Americans. Further studies of African-American smokers and never-smokers are warranted to investigate the underlying genetic contribution of common variants to Disease@MESH:D008175", "type": "paragraph"}, {"sent": "Regional plots of association results, recombination rates, and linkage disequilibrium for the (a) 15q25.1 marked by Mutation@rs2036527; (b) 5p15.33 marked by Mutation@rs2853677. Association results from a log-additive genetic model in -log10 P-values of the SNPs were shown according to their chromosomal positions (hg18) within 1Mb region centering around the index SNP. P values were based on the stage 1 only except for both Mutation@rs2036527 and Mutation@rs2853677 where the combined P values were shown. Linkage Disequilibrium (LD) r2 values were estimated on 1000 Genomes Project data June 2010 YRI population (hg18). The colors of the dots reflect the LD with the index SNP as shown in the legend box. The figures were generated using locusZoom (http://csg.sph.umich.edu/locuszoom/)", "type": "fig_caption"}, {"sent": "Two genome-wide significant SNPs for Disease@MESH:D008175 risk after combining stage 1 and ", "type": "table_caption"}, {"sent": "Confirmed previous reports that two loci on 15q25.1 and 5p15.33 are associated with Disease@MESH:D008175", "type": "paragraph"}, {"sent": "Two loci associated with Disease@MESH:D008175 are near plausible candidate genes, Gene@1138 and Gene@7015", "type": "paragraph"}, {"sent": "No SNPs reached genome-wide significance for the main effect model examining cigarettes per day", "type": "paragraph"}]}