{"sentences": [{"sent": "The identification of small molecules that target specific Gene@1080 variants has ushered in a new era of treatment for Disease@MESH:D003550 (CF), yet optimal, individualized treatment of CF will require identification and targeting of disease modifiers. Here we use genome-wide association analysis to identify genetic modifiers of Disease@MESH:D003550, the primary cause of mortality. Meta-analysis of 6,365 CF patients identifies five loci that display significant association with variation in Disease@MESH:D008171. Regions on chr3q29 (Gene@4585/Gene@200958; P=3.3 x 10-11), chr5p15.3 (Gene@6550; P=6.8 x 10-12), chr6p21.3 (Gene@3123 Class II; P=1.2 x 10-8) and chrXq22-q23 (Gene@186/Gene@11254; P=1.8 x 10-9) contain genes of high biological relevance to CF pathophysiology. The fifth locus, on chr11p12-Gene@440926 (EHF/Gene@51074; P=1.9 x 10-10), was previously shown to be associated with Disease@MESH:D008171. These results provide new insights into potential targets for modulating Disease@MESH:D008171 severity in CF", "type": "abstract"}, {"sent": "Disease@MESH:D003550 imposes a decline in quality of life but new treatments are being developed that target specific Gene@1080 variants. Here the authors identify five genome loci significantly associated with variation in disease severity in a meta-analysis, which may provide targets for individualized treatment of Disease@MESH:D003550", "type": "abstract"}, {"sent": "Disease@MESH:D003550 (CF) affects ~70,000 individuals worldwide and is caused by loss-of-function variants in Gene@1080. Although CF is regarded as a single-gene disorder, patients who have the same variants in Gene@1080 exhibit substantial variation in severity of Disease@MESH:D008171, of which >50% is explained by non-Gene@1080 genetic variation. The identification of small molecules that target specific Gene@1080 variants has ushered in a new era of treatment for Disease@MESH:D003550 (CF), but optimal individualized treatment will require identification and targeting of disease modifiers", "type": "paragraph"}, {"sent": "The advent of large-scale genome-wide association studies (GWAS) and capability for imputation has made it possible to explore millions of polymorphisms in search of genetic determinants of phenotypic variation. Our previously reported GWAS in 3,444 CF patients led to identification of genome-wide significant single-nucleotide polymorphism (SNP) associations with Disease@MESH:D008171 severity in an intergenic region between EHF and Gene@51074 (chr11p13), as well as several additional suggestive loci (chr6p21.3 and chrXq22-q23). In other published candidate gene studies, additional loci/genes have been reported to reach significance thresholds for the individual study, but many of these studies were based on relatively small sample sizes and/or limited phenotyping, and most have not been replicated, generating uncertainty as to their pathophysiological relevance", "type": "paragraph"}, {"sent": "In this manuscript, we have extended our study of CF gene modifiers by testing 2,921 additional patients from North America (n=1,699) and France (n=1,222). We use the same lung phenotype as in the previous GWAS (Consortium lung phenotype (KNoRMA)), which allows for direct comparison of the lung function of CF patients irrespective of age and gender. A meta-analysis of both imputed and genotyped variants is reported that combines data from the new subjects with the previously reported GWAS, allowing for an unprecedented sample size of 6,365 CF patients and analysis of over 8 million variants. To maximize power, linear mixed models are used to allow for inclusion of CF-affected siblings. The combined analysis confirms a previous genome-wide association and identifies four new loci that contain genes with high biological relevance for pathophysiology of Disease@MESH:D003550", "type": "paragraph"}, {"sent": "The cohort study design and the demographic and clinical characteristics of GWAS2 subjects are detailed in Table 1 and Methods. In the combined GWAS1+2 data set, 99.8% of subjects were Disease@MESH:D010188 (primarily defined by Gene@1080 genotypes); 65.0% were Mutation@p.508delF homozygotes; 95.5% were of European ancestry; and only 5.4% were diagnosed by newborn screening. GWAS1 subjects from three cohorts were genotyped on the same Illumina platform, while GWAS2 included 10 subgroups defined by different combinations of site and Illumina genotyping platforms. These 13 subgroups had similar distributions of the Disease@MESH:D008171 phenotype (Supplementary Fig. 1)", "type": "paragraph"}, {"sent": "To account for potential effect size heterogeneity, a random effects meta-analysis association model (Methods) was applied across the 13 subgroups. Acknowledging that the power of fixed effects meta-analysis can be greater than that of random effects, even under heterogeneity, we also performed fixed effect meta-analysis, and report loci exceeding significance thresholds by either random or fixed effects analysis. Analysis included 8,520,458 genotyped and imputed SNPs with minor allele frequency >0.005 and markers with imputation r2>0.3. Principal component-based stratification control was used (genomic control lambda=0.95) (Methods and Supplementary Figs 2 and 3). We considered loci with Gene@11196 x 10-8 to be genome-wide significant, based on the standard for genome-wide significance (P=5 x 10-8) and multiplicity correction for Gene@1080 genotype (all genotypes versus Mutation@p.508delF homozygotes) and model (random versus fixed effects). Associations in five regions (chr3q29, chr5p15, chr6p21, chr11p12-Gene@440926 and chrXq22-q23) exceeded genome-wide significance (Fig. 1). Only the chr11p12-Gene@440926 locus provides significant evidence of interaction with Gene@1080 (P=0.048, from a Wald test of the interaction term in the linear mixed model that is then meta-combined using the inverse variance-based weighting). This result corroborates our prior observation that association at this locus achieves a lower P value in Mutation@p.508delF homozygous subjects than in all subjects", "type": "paragraph"}, {"sent": "Each of the regions contained at least one genotyped SNP achieving significance (Table 2), except for chr6p21.3 near Gene@3122. However, five imputed SNPs that exceeded genome-wide significance at the Gene@3122 locus were directly genotyped in a subset of the sample and provided independent genotype confirmation (Methods). LocusZoom and effect size forest plots show the regional association evidence and the relative contribution from each of the 13 cohort by platform subgroups (Fig. 2). A formal test (Cochran's Q test) revealed that only the Gene@4585 locus has significant evidence of heterogeneity (P=0.04); the inconsistent association among subgroups may be due to the small sample size of some of these cohorts. All five regions all remained significant when restricted to 6,079 individuals determined by principal components to be of European ancestry (Supplementary Table 1, Supplementary Fig. 4). Complementary results from sub-setting the sample into a North American discovery (n=5,143) and French replication set (n=1,222) show genome-wide significance and independent replication in four of the five loci reported in Table 2. The remaining locus (chrX; Gene@186/Gene@11254) achieved suggestive evidence of association in the North American cohort with compelling evidence of replication in the French subjects (Methods and Supplementary Table 2)", "type": "paragraph"}, {"sent": "Conditioning on the most significant SNP in the five regions that had genome-wide significance eliminated significant association in three regions (chr3q29; chr6p21; chrXq22-q23), but not for chr5p15 or chr11p12-Gene@440926. On chr5p15 (Supplementary Fig. 5a), conditioning on Mutation@rs57221529 (located 5' of Gene@6550 and Gene@55722) revealed significantly associated SNPs 3' of Gene@6550 (near Gene@57491), suggesting a complex contribution by genes and/or regulatory domains in the region. Similar complex mechanisms may be at play on chr11p12-Gene@440926, as conditioning on Mutation@rs10742326 (in EHF/Gene@51074 intragenic region) revealed significantly associated SNPs 3' of Gene@51074 (Supplementary Fig. 5b)", "type": "paragraph"}, {"sent": "As this study has the largest assembly of CF patients for modifier identification, we employed a combined test for association between Gene@1080 variants and lung function, using the maximal unrelated sample of patients from GWAS1+2 (n=5,762). Summing the association test statistics (the square of the association Z-statistic) for each SNP in/near Gene@1080 enabled capture of the combined effect of disease-causing mutations (Methods). Overall, this gene-based (Gene@1080) statistic showed that Gene@1080 and Disease@MESH:D008171 severity are associated (P=0.0043, from a permutation-based test that is then meta-combined using Stouffer's Z-score method), but the evidence is very modest compared to the evidence for multiple modifier loci reported here. As expected, this association with Disease@MESH:D008171 was not present when we restricted analysis to the Mutation@p.508delF homozygotes (n=3,815; P=0.1604, from a permutation-based test that is then meta-combined using Stouffer's Z-score method)", "type": "paragraph"}, {"sent": "To determine whether the most significantly associated GWAS SNPs show evidence as expression quantitative trait loci (eQTLs) in lung or immune cells, we examined three available databases for eQTLs (Genotype-Tissue Expression, GTEx, http://www.gtexportal.org/home/; University of Chicago SNP and CNV Annotation Database, SCAN, http://eqtl.uchicago.edu/cgi-bin/gbrowse/eqtl/; University of North Carolina at Chapel Hill seeQTL, http://www.bios.unc.edu/research/genomic_software/seeQTL/). We considered eQTL evidence for each of the top-ranked GWAS SNPs at each locus, and for other local SNPs with r2 (linkage disequlibrium, LD)>0.6 with the top-ranked GWAS SNPs. The most significant eQTLs were noted at the chr6 (human leukocyte antigen (Gene@3123) Class II) locus (Gene@3123 and DRB5) and the chr11 locus (Gene@51074). The nominal P values from association testing in a linear regression model for eQTLs at other loci were modest (P>10-5), and of uncertain biological significance (Supplementary Table 3)", "type": "paragraph"}, {"sent": "We also compared the results of the GWAS1+2 analysis with variants in 30 candidate genes or loci previously reported to associate (nominal P<0.05) with some aspect of Disease@MESH:D003550 phenotype (Supplementary Table 4). For previously reported candidate gene SNP associations, only those in Gene@6550 demonstrated significance (after correction for multiplicity of replication testing) in GWAS1+2, although others trended towards nominal significance. It is important to recognize that none of these studies used precisely the same lung phenotype as GWAS1+2, that each study involved substantially fewer subjects than the 6,365 individuals studied here, and that other SNPs in these candidate regions were not assessed here. Likewise, homogeneity of non-genetic factors such as healthcare delivery might have enabled discovery of modifier associations in some studies that are not detectable in the heterogeneous populations aggregated for this study", "type": "paragraph"}, {"sent": "Given the rarity of Disease@MESH:D030342 such as CF, it is not possible to accrue the large population of samples achieved for common complex traits. The uniform genetic aetiology of Disease@MESH:D030342 can minimize phenotypic and genetic heterogeneity, and we take advantage of this uniformity to identify five genome-wide significant loci associated with the severity of Disease@MESH:D008171 in CF. Despite minimizing genetic heterogeneity, some residual effect of Gene@1080 sequence variation on variation in lung function remained evident, suggesting a contributing but modest role compared to the modifiers. On the basis of the calculated beta-coefficients, the potential effect sizes of the SNPs of interest are estimated to be clinically relevant. The largest absolute beta-coefficient value (0.13) for Gene@6550/Mutation@rs57221529 is equivalent to a change in forced expiratory volume at one second (FEV1) of 190 ml (4.64% predicted) for males and 130 ml (3.98% predicted) for females based on extrapolation from 18-year-old White subjects with lung function and height both at the 50th percentile for individuals with CF. Likewise, the smallest absolute beta-coefficient value (0.08) for Gene@186/Gene@11254/Mutation@rs5952223 is equivalent to a change in FEV1 of 110 ml (2.68% predicted) for males and 80 ml (2.45% predicted) for females", "type": "paragraph"}, {"sent": "The five associated loci contain genes with pathophysiological relevance for lung function in CF, and genes in these regions are expressed in lung. Identification of the gene or genes responsible for the modifying effect of each locus will require functional study; however, each locus contains genes of compelling biologic plausibility based on extensive understanding of CF pathophysiology. Gene@4585 and Gene@200958 located at chr3q29 encode membrane-spanning 'tethered' mucins on ciliated airway mucosal surfaces that contribute to the periciliary brush layer, and prevent mucus penetration into the periciliary space. Further, Gene@4585 and Gene@200958 are present in airway mucus, reflecting secretion and/or shedding from the airway epithelium, and likely play a role in mucociliary host defense. Gene@6550 on chr5 is the cation proton antiporter 3 (Gene@6550) involved in pH regulation and epithelial ion transport. Knockout of Gene@105243 alleviated intestinal obstruction commonly observed in the mouse model of CF, and a subsequent hypothesis-driven genome-wide association study identified Gene@105243 as a modifier of Disease@MESH:D007415 in humans with CF. Candidate gene studies in the Canadian pediatric CF population have shown Gene@6550 to be pleiotropic for disease severity in multiple affected organs. The broadness of the associated region does not exclude Gene@11336 (telomeric, and just downstream of Gene@6550), a component of the exocyst complex that is involved in post Golgi trafficking and specification of membrane surfaces, including those in epithelial cells. Further, the two more centromeric genes, Gene@55722 and Gene@11076, have been implicated in microtubule function. Microtubule disturbance has been reported in CF cells and a microtubule-associated gene, DCTN4 has been implicated in a Disease@MESH:D003550 related phenotype of onset of Pseudomonas Disease@MESH:D011552. The Gene@3123 Class II region on chr6 has been associated with Disease@MESH:D001249, variation in lung function in the non-CF populations, and Disease@MESH:D003550, along with susceptibility to Disease@MESH:D001229. Moreover, Gene@3123 Class II pathways have been recently associated with Disease@MESH:D003550 and age-of-onset of persistent P. aeruginosa in a large gene expression association study. The chrX locus contains Gene@186 and Gene@11254 and either gene, or possibly both, could modify Disease@MESH:D008171. Gene@186, the angiotension type II receptor, has been implicated in a variety of pulmonary functions including mediating signalling in Disease@MESH:D005355, regulating nitric oxide synthase expression in pulmonary endothelium, and has recently been described as a therapeutic target for Disease@MESH:D011014. Gene@11254 encodes an amino-acid transporter and variants in its 5'-regulatory region have been reported to modify risk for Disease@MESH:D007415, Disease@MESH:D008171 severity, and age at first P. Disease@MESH:D011552 in individuals with CF under 18 years of age. The chr11 locus containing EHF and Gene@51074 was reported to be associated with Disease@MESH:D003550 in Mutation@p.508delF homozygotes in an earlier GWAS and this association persists in this report. This EHF transcription factor is reported to modify the CF phenotype by influencing Mutation@p.508delF processing, and to modulate epithelial tight junctions and wound repair. Gene@51074 is a methionine salvage pathway enzyme known to be associated with both apoptosis and systemic inflammatory responses. Examination of the most significantly associated GWAS SNPs revealed eQTLs for genes at the Gene@3123 Class II locus (Gene@3123 and DRB5) and Gene@51074 (chr11). These findings are congruent with Disease@MESH:D008171 severity being mediated through differential gene expression (eQTLs), but additional studies will be required to clarify this possibility for each locus", "type": "paragraph"}, {"sent": "Collectively, this study suggests new mechanistic insight into ameliorating Disease@MESH:D008171 progression in individuals with CF. Functional analysis of associated SNPs and genes at each modifier locus could identify novel targets for treating CF. For example, Gene@53335, a key transcription factor for fetal haemoglobin expression, is a modifier of Disease@MESH:D012497 and sickle cell disease. Identification of a common variant associated with fetal haemoglobin level that alters Gene@53335 expression provides a therapeutic rationale for targeting this modifier of Disease@None. The evolving paradigm for individualized therapy in CF involves small molecules targeting specific Gene@1080 variants. The discovery of modifier loci that are strongly associated with severity of Disease@MESH:D003550 provides an opportunity to enhance individualized treatment in CF", "type": "paragraph"}, {"sent": "The recruitment in North America was performed through three independent groups (GMS, CGS and TSS studies; Table 1). In brief, the majority of the GMS subjects were recruited as unrelated extremes-of-phenotype (Disease@MESH:D008171 severity, mild versus severe), whereas a subset of patients were recruited as a population-based sample at the Children's Hospital of Denver, Wisconsin, and Boston, and also from the multicenter study UNC/CWRU GMS cohort (Table 1). The CGS patients were recruited from the Canadian population of CF patients. The TSS patients were recruited based on having a surviving affected sibling. Informed consent was obtained from each participant of the study. Studies were approved by institutional review boards at participating sites and include: Committee on Clinical Investigation, Boston Children's Hospital; Institutional Review Board at Children's Hospital of Wisconsin; Colorado Multiple Institutional Review Board; Johns Hopkins School of Medicine eIRB2 (Committee: IRB-3); Research Ethics Board of The Hospital for Sick Children; Biomedical Institutional Review Board, Office of Human Research, University of North Carolina at Chapel Hill; and University Hospitals Case Medical Center, Institutional Review Board for Human Investigation. In France, patients were recruited from 48 CF centers, and phenotypic information was available for 2,898 patients older than 6 years of age; further, only patients with both parents born in European countries were considered (n=2,627). Only patients with documented Disease@MESH:D010188 or having two severe Gene@1080 mutations were further considered. Written informed consent was obtained from adults, and for patients<18 years old there was consent from parents or guardians for participation in the study. The study was approved by the French ethical committee (CPP n 2004/15) and the information collection was approved by Gene@254263 (n 04.404)", "type": "paragraph"}, {"sent": "In CF, FEV1 is recognized as producing the most clinically useful measurements of lung function and a known predictor of survival. However, comparison of disease severity by FEV1 across a broad range of ages is confounded by the decline in FEV1 over time in CF patients, and by mortality attrition. In brief, we calculated average age-specific CF percentile values of FEV1 for each patient using three years of data in patients 6 years or older, using the Kulich-derived US (national) or French (national) CF percentiles (relative to other CF patients of the same age, sex and height), and adjusted for mortality. The resulting quantitative phenotypes were distributed as expected, based on ascertainment. This quantitative phenotype was also highly correlated with the Schluchter survival phenotype (r2=0.91), when compared for the GMS patients", "type": "paragraph"}, {"sent": "Genotyping used Illumina platforms, including: CNV370 (n=284 samples; FrGMC); 610 (n=3,532 samples; primarily GWAS1); 660W (n=2,312 samples); and Omni5 (n=237 samples). Genotype calling was performed using GenomeStudio V2011.1. Position and annotation information is based on hg19", "type": "paragraph"}, {"sent": "For the 660W platform, the total number of probes was 655,214 (64,569 were CNV probes) and 55 of the SNPs had no genotype calls for any of the samples. The 2,312 samples were composed of 938 (FrGMC)+614 (GMS)+234 (CGS)+402 (TSS 660W-Gene@9739)+124 (TSS 660W-Gene@29072) (Supplementary Fig. 1)", "type": "paragraph"}, {"sent": "For the Omni5 platform, the total number of probes was 4,301,332 (961 of the SNPs had no genotype calls for any of the samples). The 237 samples were composed of 124 (GMS)+51 (CGS)+62 (TSS) (Supplementary Fig. 1)", "type": "paragraph"}, {"sent": "For GWAS2, some samples (n=24) were genotyped on both 660W and Omni5 platforms and these duplicates showed >98% concordance. There were also 40 quality control duplicates of GWAS2 and GWAS1 samples, and those duplicates also showed high concordance. Samples with a call rate <98%, or sex discordance were excluded. Unintentional duplicates of GWAS2 and GWAS1 samples, and individuals missing a Consortium lung phenotype were also excluded. After exclusions, 2,921 GWAS2 samples remained for the analysis. There were 473,514 SNPs present on both the 660W and Omni5 platforms", "type": "paragraph"}, {"sent": "MaCH/Minimac software (http://www.sph.umich.edu/csg/abecasis/MACH/index.html) was used for phasing and imputing the genotyped data. Phase I, Version 3 haplotype data from 1000 Genomes project (ftp://ftp-trace.ncbi.nih.gov/1000genomes/ftp/release/20110521/) was used as the reference. Approximately 5% of our patients were deemed as not of European ancestry by principal components (Supplementary Fig. 4), so all 1000 Genomes reference samples were included. Samples were imputed separately by genotyping platform and site. Genotyped SNPs with a low minor allele frequency and low call rate were excluded prior to imputation. Imputed SNPs with a MaCH quality score r2<0.30 were excluded from the analysis", "type": "paragraph"}, {"sent": "At the Gene@3123 locus, six SNPs (Mutation@rs140348826, Mutation@rs143609473, Mutation@rs145621799, Mutation@rs145182993, Mutation@rs116003090 and Mutation@rs115367740) in high linkage disequilibrium with the SNP (Mutation@rs9268947) with the lowest P value (in the meta-analysis using inverse variance-based weighting) reached genome-wide significance in the meta-analysis. The allele assignments of all seven SNPs were imputed, although some of these SNPs were genotyped on one or more platforms. To evaluate the accuracy of the imputation of these seven SNPs we performed two analyses. First, we compared the genotyping results of one of these SNPs (Mutation@rs116003090 included on the Omni5 platform) in 374 individuals. Concordance between the imputed allele assignments for this SNP and the 374 genotypes of the SNP was 100%. Second, we obtained whole-genome sequencing results from 94 Canadian CF individuals who were subjects in the meta-GWAS analysis. These 94 subjects had all seven SNPs phased by imputation based on genotyping on the 610 platform. Five of the seven SNPs were called with high confidence in the whole-genome sequence. Of these five SNPs, the concordance rate between the sequencing results and the imputation (rounded to the nearest integer) was 98% (Mutation@rs143609473), 99% (Mutation@rs140348826 and Mutation@rs145182993) and 100% (Mutation@rs116003090 and Mutation@rs115367740). These results independently verify the quality of the imputation of five of the seven SNPs at the Gene@3123 locus that exceeded genome-wide significance. The remaining imputed SNP (Mutation@rs9268947) has the lowest P value in the region, but lacks independent genotype confirmation. Thus, Mutation@rs116003090, the SNP with the most extensive and best concordance with independent genotyping, was selected as the representative associated SNP from the Gene@3123 region", "type": "paragraph"}, {"sent": "Eigensoft (http://www.hsph.harvard.edu/alkes-price/software/) was utilized to obtain principal components to serve as covariates to adjust for population stratification. Genotyped SNPs common in all platforms with a high minor allele frequency and low linkage disequilibrium were included. Principal components were generated separately for each subgroup. To account for relatives, a maximal set of unrelated individuals were first identified by choosing a random member from each family for principal component analysis. Principal components for the held-out members were then inferred from the loadings. The Tracy-Widom statistic, as computed in Eigensoft, was used to evaluate the statistical significance of each principal component. Individuals were judged to have European ancestry if principal components 1 and 2 fell within a mean+-6 s.d. rectangle formed using principal components from the HapMap3 European data set (Supplementary Fig. 4)", "type": "paragraph"}, {"sent": "Genome-wide association was conducted in each of the 13 subgroups. Linear regression was used for the GMS and FrGMC samples; linear mixed modelling was used in the TSS and CGS subgroups to allow the inclusion of siblings in the analysis, accounting for familial correlation by including a random effect for each family. For each subgroup, we tested for interaction between Gene@1080 and modifier loci by adding an indicator variable for Mutation@p.508delF homozygotes versus others then performing a meta-analysis on the interaction term. Within each subgroup analysis, we included sex and significant principal components (based on the Tracy-Widom statistic P<0.05) as covariates in the association models for each SNP. The SNP was coded additively in the model. The SNP-specific beta coefficient and s.e. from each subgroup analysis were used as input for the meta-analysis. Genome-wide significance was defined (P<=1.25 x 10-8)", "type": "paragraph"}, {"sent": "Subjects were divided into two pools to evaluate our results using a replication-based study design. The North American subjects (n=5,143) constituted a Discovery sample and the French subjects (n=1,222) served as a Replication sample, a strategy employed in a prior publication. Under this design, four of the five loci (chr3q29, chr5p15, chr6p21, and chr11p12-Gene@440926) achieved genome-wide significance (P<5 x 10-8) in the North American sample with independent replication in the French subjects (P=8.7 x 10-5, 0.003, 0.054 and 0.003, respectively; Supplementary Table 2). The Gene@186/Gene@11254 locus achieved suggestive evidence of association in the North American cohort (P=9.8 x 10-7) with compelling evidence of replication in the French subjects (1.8 x 10-4). Note that one locus (chr11p12-Gene@440926) had previously achieved genome-wide significance in the discovery sample and replication sample in a study of North American subjects. In the current study, the EHF/Gene@51074 locus retains genome-wide significance in subjects from North America and the association is replicated in the 1,222 French subjects (P=0.003)", "type": "paragraph"}, {"sent": "To assess whether variability in Disease@MESH:D008171 is associated with Gene@1080 genotype within our sample of individuals with severe (Disease@MESH:D010188) mutations, we used gene-based association analysis. From our imputed SNP set, there were 539 SNPs annotated to Gene@1080 (+/- 10 kb). We constructed a gene-based test statistic in the maximal set of unrelated individuals in each of the 13 subgroups (n=5,762), and restricted to this unrelated set for ease of permutation. To compute the gene-based test statistic, we obtained residuals by regressing the Consortium lung phenotype (KNoRMA) and each SNP genotype on the principal components and sex. The association test statistic between the residualized phenotype and residualized SNP was computed, squared and then summed across the 539 SNPs. We used permutation to obtain subgroup-specific permuted statistics, permuting the residualized phenotype 10,000 times to obtain 10,000 gene-based sum statistics under the null hypothesis of no association to obtain P values for each subgroup, which preserves the linkage disequilibrium structure in the region. The P value was calculated as the proportion of sum statistics from the 10,000 permutations that were more extreme than the observed Gene@1080 sum statistic. Stouffer's Z-score method was used to combine P values from each subgroup and weight them by their respective sample sizes", "type": "paragraph"}, {"sent": "To estimate the proportion of variability in Consortium lung phenotype that is explained by our five significant regions, we conducted an association analysis using the maximum set of unrelated individuals in each subgroup, using the five SNPs from Table 2 in the regression model. Then we calculated an average r2, weighted by sample size", "type": "paragraph"}, {"sent": "We searched for eQTLs for the top-ranked SNP in each of five loci, and for local SNPs in r2 (LD)>0.6 with the top-ranked GWAS SNPs, using three publicly available databases (Genotype-Tissue Expression, GTEx, lung and whole blood; University of North Carolina at Chapel Hill seeQTL, HapMap LCL and Zeller monocyte; University of Chicago SNP and CNV Annotation Database, SCAN, HapMap CEU LCL). Genes and transcripts within 100 kb of the top-ranked SNPs in five loci were included. Results are presented as nominal P values for each region, except Q values are given for the results from UNC seeQTL (Supplementary Table 3)", "type": "paragraph"}, {"sent": "A literature search was conducted to identify previously published reports of variants associated with some aspect of pulmonary function with a significance value of P<0.05, from association testing in a regression model, (Supplementary Table 4). The gene suggested as likely responsible for the associations was identified, and the chromosome on which it resides. For SNPs, the rs number was identified, along with other nomenclature (aliases) for the variant. A variety of phenotyping methods had been used in these studies, ranging from X-ray and clinical scores to objective measures of lung function, both cross-sectional and longitudinal. The associating phenotypes are summarized under 'Phenotypes Tested' and the reported P value. The number of subjects analysed and the publication were defined and the P values for any of these SNPs that were tested in this study are given for all subjects (All) and for Mutation@p.508delF homozygotes alone", "type": "paragraph"}, {"sent": "How to cite this article: Corvol, H. et al. Genome-wide association meta-analysis identifies five modifier loci of Disease@MESH:D008171 severity in Disease@MESH:D003550. Nat. Commun. 6:8382 doi: 10.1038/ncomms9382 (2015)", "type": "paragraph"}, {"sent": "Evidence from GWAS1+2 for all patients (closed circles) and for Mutation@p.508delF homozygotes (open triangles). The horizontal dashed line represents the threshold for genome-wide significance (Gene@11196 x 10-8). Genome-wide significance was achieved in five regions. The results from regions on chr5p15, chr11p12-Gene@440926 and chrXq22-q23 are from meta-analysis using a random effects model, and for chr3q29 and chr6p21 using a fixed effects model", "type": "fig_caption"}, {"sent": "On the left side of the five panels are plots of the association evidence (build GRCh37, LocusZoom viewer) in the five genome-wide significant regions for all patients, except that chr11p12-Gene@440926 shows only Mutation@p.508delF homozygotes. Colours represent 1000 Genomes EUR linkage disequilibrium r2 values with each SNP in column three of Table 2 (shown as purple diamonds and labelled with dbSNP ID). The purple diamond in the chr6 region denotes the SNP that has independent genotype confirmation, but the top imputed SNP is also indicated by a dbSNP ID (rs number). On the right side of the five panels are forest plots of the relative effect sizes for the most significant SNP in each of the 13 subgroups, ordered by size. Beta (coefficient) refers to the average change in Consortium lung phenotype for each copy of the minor allele. The size and shape of the squares are proportional to the weights used in the meta-analysis, and the line segments are 95% confidence intervals of each beta. The black diamonds represent summary data for GWAS1, GWAS2, and GWAS1+2. The asterisk on chr6 (Gene@3123 region) forest plot illustrates a beta (and confidence interval) for the FrGMC CNV370 subgroup of -19.9 (-35.4, -4.4). In addition, the beta (and confidence interval) for four other subgroups in the chr6 region are as follows: GMS Omni5, 0.87 (-19.5, 21.2); TSS 660W-set 2, -1.67 (-19.6, 16.3); TSS Omni5, 15.4 (-14.1, 44.8); and CGS Omni5, 1.7 (-23.8, 27.2)", "type": "fig_caption"}]}