{"sentences": [{"sent": "Advanced age-related macular degeneration (Disease@MESH:D006009) is the leading cause of Disease@MESH:D001766 in the elderly with limited therapeutic options. Here, we report on a study of >12 million variants including 163,714 directly genotyped, most rare, protein-altering variant. Analyzing 16,144 patients and 17,832 controls, we identify 52 independently associated common and rare variants (P < 5x10-8) distributed across 34 loci. While wet and Disease@MESH:D006009 subtypes exhibit predominantly shared genetics, we identify the first signal specific to wet Disease@MESH:D006009, near Gene@4318 (difference-P = 4.1x10-10). Very rare coding variants (frequency < 0.1%) in Gene@3075, Gene@3426, and Gene@7078 suggest causal roles for these genes, as does a splice variant in Gene@23539. Our results support the hypothesis that rare coding variants can pinpoint causal genes within known genetic loci and illustrate that applying the approach systematically to detect new loci requires extremely large sample sizes", "type": "abstract"}, {"sent": "Advanced age-related macular degeneration (Disease@MESH:D006009) is a Disease@MESH:D019636 and the leading cause of Disease@MESH:D014786 among the elderly affecting 5% of those >75 years of age. The disease is characterized by reduced Disease@MESH:C536309 (RPE) function and photoreceptor loss in the macula. Advanced Disease@MESH:D006009 is classified as wet (choroidal neovascularization, CNV, when accompanied by angiogenesis) or Disease@MESH:D006009 (geographic Disease@MESH:D001284, GA, when angiogenesis is absent). These advanced stages of disease are typically preceded by clinically asymptomatic earlier stages. Advanced Disease@MESH:D006009 is estimated to affect 10 million patients worldwide, reaching >150 million for earlier stages. At present, understanding of disease biology and therapies remains limited", "type": "paragraph"}, {"sent": "Genetic variants can help uncover disease mechanisms and provide entry points into therapy. Analyses of common variation have uncovered numerous risk loci for many complex diseases (see Web Resources) including 21 loci for Disease@MESH:D006009. However translation into biological insights remains a challenge, since the functional consequences of disease-associated common variants are typically subtle and hard to decipher", "type": "paragraph"}, {"sent": "With advances in sequencing technology, genetic analyses are gradually extending to rare variants, which often have more obvious functional consequences and can thus accelerate translation into biological understanding. For example, identifying multiple disease-associated coding variants (particularly knock-out alleles) in the same gene provides strong evidence that disrupting gene function leads to disease. So far, studies that implicate specific rare variants in complex diseases either rely on special populations, on targeted examinations of a few genes, or on genome-wide assessments of relatively modest numbers of individuals. In contrast, systematic analyses of common variation are now available in hundreds of thousands of phenotyped individuals. Thus, there remains considerable uncertainty about the relative role of rare variants in complex disease and about the sample sizes and study designs that will enable systematic identification of these variants", "type": "paragraph"}, {"sent": "Here, we set out to systematically examine common and rare variation of Disease@MESH:D006009 in the International Disease@MESH:D006009 Genomics Consortium (IAMDGC). The preceding largest study of Disease@MESH:D006009 examined ~2.4 million variants including ~18,000 imputed or genotyped protein-altering variants using meta-analysis. Customizing a chip for de novo centralized genotyping, we analyze >12 million variants including 163,714 directly typed protein-altering variants in 43,566 unrelated subjects of predominantly European ancestry. Our study constitutes a detailed simultaneous assessment of common and rare variation in a complex disease and a large sample, setting expectations for other well-powered studies", "type": "paragraph"}, {"sent": "We gathered advanced Disease@MESH:D006009 cases with GA and/or CNV, intermediate Disease@MESH:D006009 cases, and control subjects across 26 studies (Supplementary Table 1). While recruitment and ascertainment strategies varied (Supplementary Table 2), DNA samples were collected and genotyped centrally. Making maximal use of genotyping technologies, we utilized a chip with (i) the usual genome-wide variant content, (ii) exome content comparable to the exome chip (adding protein-altering variants from across all exons), and a specific customization to add (iii) protein-altering variants detected by our prior sequencing of known Disease@MESH:D006009 loci (see Methods) and (iv) previously observed and predicted variation in Gene@7078 and Gene@24, two genes implicated in monogenic Disease@MESH:D058499. After quality control, we retained 439,350 directly typed variants including a grid of 264,655 primarily non-coding (93%) common variants (frequency among controls >1%) and 163,714 protein-altering variants (including 8,290 from known Disease@MESH:D006009 loci), mostly rare (88% with frequency among controls <=1%). Imputation to the 1000 Genomes reference panel enabled examining a total of 12,023,830 variants (Supplementary Table 3A). Our final data set included a total of 43,566 subjects consisting of 16,144 advanced Disease@MESH:D006009 patients and 17,832 control subjects of European ancestry for our primary analysis, as well as 6,657 Europeans with intermediate disease and 2,933 subjects with Non-European ancestry (Supplementary Table 3B, Supplementary Figure 1)", "type": "paragraph"}, {"sent": "Altogether, our genotyped markers accounted for 46.7% of variability in advanced Disease@MESH:D006009 risk in the European ancestry subjects (95% confidence interval [CI] 44.5% to 48.8%). Regarding Disease@MESH:D006009 subtypes, estimates for CNV (h = 44.3%, CI 42.2% to 46.5%) and GA (h = 52.3%, CI 47.2% to 57.4%) were similar; bivariate analyses showed genetic correlation of 0.85 (CI 0.78 to 0.92) between disease subtypes", "type": "paragraph"}, {"sent": "We first conducted a genome-wide single variant analysis of the >12 million genotyped or imputed variants (applying genomic control lambda=1.13) comparing the 16,144 advanced Disease@MESH:D006009 patients and 17,832 controls of European ancestry (full results online; see Web resources). We obtained >7000 genome-wide significant variants (P <= 5x10-8, Supplementary Figure 2). Sequential forward selection (Supplementary Figure 3) identified 52 independently associated variants at P <= 5x10-8 (Supplementary Table 4, Supplementary File 1). These are distributed across 34 locus regions (Figure 1A), each extending across the identified and correlated variants, r>=0.5, +-500kb (Supplementary Table 5). The 34 loci include 16 loci that reached genome-wide significance for the first time (novel loci, Table 1) and include genes with compelling biology like extra-cellular matrix genes (Gene@1285, Gene@4327, Gene@4318), an ABC transporter linked to HDL cholesterol (Gene@19), and a key activator in immune function (Gene@29990). Also included are 18 of the 21 Disease@MESH:D006009 loci that reached genome-wide significance previously (known loci, Table 1), between-study heterogeneity was low, particularly for the new loci (Supplementary Note 1, Supplementary Table 6, 7)", "type": "paragraph"}, {"sent": "Most associated variants are common (45 out of 52) with fully conditioned odds ratios (OR) from 1.1 to 2.9 (Figure 1B, Supplementary Table 4) with two interacting variants (Supplementary Note 2). We also observed seven rare variants with frequencies between 0.01% and 1% and ORs between 1.5 and 47.6 (Figure 1B, Supplementary Table 4). All of these variants were also rare in Non-European ancestries (Supplementary Table 8, extended association results on Non-European in Supplementary File 2). All seven rare variants are located in/near complement genes: four previously described non-synonymous (Gene@3075:Arg1210Cys, Gene@3426:Gly119Arg, C9:Pro167Ser, C3:Lys155Gln); three others (Gene@3075: Mutation@rs148553336, Mutation@rs191281603, Mutation@rs35292876) described here for the first time including two with the rare allele decreasing the disease risk. . To ensure validity of our results, we verified associations of lead variants in sensitivity analyses that relied on alternate association tests, adjusted for age, gender, or ten ancestry principal components, or were restricted to population-based controls or controls >= 50 years of age (data not shown). Altogether, our genome-wide single variant analysis nearly doubles the number of Disease@MESH:D006009 loci and variants", "type": "paragraph"}, {"sent": "It is often challenging to translate common variant association signals into mechanistic understanding of biology; two key challenges are (i) variants with similar signals because of linkage disequilibrium and (ii) subtle functional consequences. Without narrowing lists of candidate variants, follow-up functional experiments are complicated. To prioritize among nearby variants, we computed each variant's ability to explain the observed signal and derived, for each of the 52 signals, the smallest set of variants that included the causal variant with 95% probability . The 52 credible sets each included from 1 to >100 variants (total of 1,345 variants, Supplementary File 3). Twenty-seven (of 52) sets were small with <=10 variants (19 with <=5 variants, Supplementary Table 9); seven sets included only one variant. Among the 205 variants with >5% probability of being causal, we observe 11 protein-altering (all non-synonymous) variants (versus 2 expected assuming 1% protein-altering variants, P for enrichment = 8.7x10-6, Supplementary Table 10). We recognize that the analysis has limitations [for example, when causal variants when the signal is due to a combination of multiple variants, as in the counter example in Supplementary Figure 4]", "type": "paragraph"}, {"sent": "Analysis of rare variants that alter peptide sequences (non-synonymous), truncate proteins (premature stop), or affect RNA splicing (splice site) can help to identify causal mechanisms - particularly when multiple associated variants reside in the same gene. We examined the cumulative effect of rare protein-altering variants in each ancestry group. Genome-wide, no signal was detected with P <= 0.05/17,044 = 2.9x10-6 outside the 34 Disease@MESH:D006009 loci (Figure 1C). Within the 34 loci, we found 14 genes with significant disease burden (P < 0.05/703 genes = 7.1x10-5, Supplementary Table 11). To eliminate settings where a rare variant burden finding is a linkage disequilibrium shadow of a nearby common variant, we re-evaluated each burden signal conditioning on nearby single variants (from Supplementary Table 4). Four of the 14 genes retained P < 0.05/703 = 7.1x10-5 in this analysis (Gene@3075, Gene@3426, Gene@7078, Gene@23539; conditioned P = 1.2x10-6, 1.0x10-8, 9.0x10-8, or 3.1x10-6, respectively, Table 2). Sensitivity analyses provide similar (excluding previously sequenced subjects) and extended results (prioritizing variants with high predicted functionality, Supplementary Note 3, Supplementary Table 12)", "type": "paragraph"}, {"sent": "Several interesting patterns emerge, many of which we owe to our chip design. First, three of the four rare variant burden signals (Gene@3075, Gene@3426, Gene@7078) are due to variants with frequency <0.1%, all genotyped (Supplementary File 4). Many human genetic studies have used frequency thresholds of 1% to 5% as a working definition of \"rare\", but our data suggests that trait associated variants with clear function may often be much rarer - necessitating very large sample sizes for analysis. In two genes (Gene@3075, Gene@3426), the rare burden was detected because we enriched arrays with variants from previous sequencing of Disease@MESH:D006009 loci (54 of 80 variants). The burden findings in Gene@3075 (new, Supplementary Note 4) and Gene@3426 together with variants Gene@3075:Arg1210Cys and Gene@3426:Gly119Arg, corroborate a causal role for these genes in Disease@MESH:D006009 etiology", "type": "paragraph"}, {"sent": "The third signal (Gene@7078) was in a gene previously associated with Disease@MESH:C564992, a rare monogenic disease with early onset at <45 years of age but with clinical presentation strikingly similar to Disease@MESH:D006009. Because the majority of Sorsby's alleles disrupt cysteine-cysteine bonds in Gene@7078, we arrayed all possible cysteine disrupting sites together with other previously described Sorsby's risk alleles . The nine rarest Gene@7078 variants were cumulatively associated with >30-fold increased risk of disease. Gene@7078 resides in an established Disease@MESH:D006009 locus targeted in previous sequencing efforts that were too small to evaluate rare variation on this scale (1 variant in 17,832 controls versus 29 variants in 16,144 cases). Interestingly, although Sorsby-associated Gene@7078 variants typically occur in exon 5, four of the unpaired cysteine residues we observed map to other exons - perhaps because unpaired cysteines in different locations impair protein folding in different ways. Disease@MESH:D006009 cases with these rare Gene@7078 risk alleles still exhibited higher counts of Disease@MESH:D006009 risk alleles across the genome than controls, suggesting that Gene@7078 is not a monogenic cause of Disease@MESH:D006009 but contributes to disease together with alleles at the other risk loci. Our finding illustrates a locus where complex and monogenic disorders arise from variation in the same gene, similar to Gene@4160 and Gene@5443 in Disease@MESH:D009765 or Gene@7369 in kidney function. In a similar approach, we analyzed 146 rare protein-altering variants in Gene@24, a gene underlying Disease@MESH:D000080362, but found no association (P=0.97)", "type": "paragraph"}, {"sent": "The rare variant burden signal in Gene@23539 was primarily driven by a putative splice variant (Mutation@rs77968014, Mutation@rs77968014, minor allele frequency among controls, Gene@8850 = 0.81%, OR = 1.5, imputed with R=0.87, Supplementary File 4). This is not a burden from multiple rare variants, but a single variant emerging as significant due to the reduced multiple testing from gene-wide testing (single variant association P = 9.1x10-6, conditioned on Mutation@rs8135665 P = 1.3x10-6). This variant is interesting as it is predicted to disrupt processing of the encoded transcript (as +1 G variant, Human Splicing Finder 3.0). Gene@23539 encodes a cell membrane transporter, involved in transport of pyruvate, lactate and related compounds across cell membranes. This class of proteins mediates the acidity level in the outer retinal segments, and Gene@23539 gene knock-out animals have changes in visual function and scotopic electroretinograms, but not overt retinal pathology. Interestingly, a progressive loss of Gene@23539 expression in eyes affected with GA was reported with increasing severity of disease. In summary, our chip design and our large data set enabled us not only to detect interesting features of Disease@MESH:D006009 genetics, but also to provide guidance for future investigations on rare variants", "type": "paragraph"}, {"sent": "Many analyses can further narrow the list of candidate genes in our loci. We annotated the 368 genes closest to our 52 association signals (index variant and proxies, r >=0.5, +-100kb, Supplementary File 5), noting among these the genes those that contained associated credible set variants (Supplementary File 3) or a rare variant burden (Table 2) - these are the highest priority candidates, consistent with previous analysis of putative cis-regulatory variants. We further checked whether genes were expressed in retina (82.6% of genes) or RPE/choroid (86.4%, Supplementary File 6). We sought relevant eye phenotypes in genetically modified mice (observed in 32 of the 368 queried genes, Supplementary File 7). We tagged genes in biological pathways enriched across loci, such as the alternative complement pathway, HDL transport, and extracellular matrix organization and assembly (Supplementary Table 13) - highlighting genes that connect multiple pathways (Gene@1285/Gene@1286, Gene@19, Gene@4318, and Gene@7448). We also highlighted genes that were approved or experimental drug targets (31 of the 368 queried, Supplementary File 8). Finally, we prioritized genes where at least one of the credible set variants (Supplementary File 3) was protein-altering or located in a putative functional region (promoter, 3'/5' UTR)", "type": "paragraph"}, {"sent": "All this information is summarized in the gene priority score table (Supplementary File 9, Supplementary Note 5, Supplementary Table 14), which uses a simple customizable scoring scheme to assign priority: the scheme using equal weights for each column assigns highest scores (Figure 2A, Supplementary Table 15) to genes such as master regulators of immune function (Gene@29990), matrix metalloproteinase genes (Gene@4318, Gene@4327), genes involved in in lipid metabolism (Gene@19, Gene@2879), an inhibitor of the complement cascade (Gene@7448), another collagen gene (Gene@1285), a gene causing a Disease@MESH:D002658 (Gene@5781), and a Gene@8630 (Gene@5959). Six of these are current drug targets (Gene@19, Gene@4327, Gene@5959, Gene@5781, Gene@7448, Gene@2879). In the known Disease@MESH:D006009 loci, the highest scores per locus included the usual suspects (Gene@3075, Gene@3426, Gene@629, C3, and Gene@348) as well as Gene@7078 and Gene@23539 (Figure 2B). This summary of evidence is not amenable to formal statistical enrichment testing, but may help prioritize genes for follow-up functional experiments", "type": "paragraph"}, {"sent": "Previously identified risk variants all contribute to the two advanced Disease@MESH:D006009 subtypes, CNV and GA. We compared association signals between our 10,749 cases with CNV and 3,235 cases with GA. Four of the 34 lead variants show significant difference (Pdiff < 0.05/34 = 0.00147) between disease subtypes (in the loci Gene@387715/Gene@5654, Gene@1071, Gene@4318, Gene@8224/Gene@7078, Figure 3A, Supplementary Table 16). Variant Mutation@rs42450006 upstream of Gene@4318 was the only one that was specific to one subtype, being exclusively associated with CNV (frequency in controls = 14.1%; ORCNV = 0.78 vs. ORGA = 1.04; Pdiff = 4.1x10-10), but not with GA (PGA=0.39, Supplementary Note 6). The Gene@4318 signal for Disease@MESH:D015861 well with prior evidence: upregulation of Gene@4318 appears to induce neovascularization and interacts with Gene@7422 signaling in the RPE. Gene@7422 currently provides an effective therapy for patients with CNV, but the struggle to keep vision continues. Beyond confirming a shared genetic predisposition of the two subtypes, our data identifies - for the first time - one variant that is specific to one subtype", "type": "paragraph"}, {"sent": "We evaluated our association signals in 6,657 individuals with intermediate Disease@MESH:D006009, defined as having more than five macular drusen greater than 63mum and/or pigmentary changes in the RPE. Examining all genotyped variants, we found a correlation of 0.78, indicating substantial overlap between genetic determinants of advanced and intermediate Disease@MESH:D006009 (95% CI 0.69 to 0.87). Among our 34 index variants, 24 showed nominally significant association (Pintermediate <= 0.05) with intermediate Disease@MESH:D006009 (2 expected, Pbinomial = 4.8x10-24); all had ORs in the same direction but smaller in magnitude (Figure 3B, Supplementary Table 17). The other 10 variants showed no association with intermediate Disease@MESH:D006009 (Pintermediate > 0.05), despite sufficient power (Supplementary Table 18). Interestingly, these 10 variants point to 7 extra-cellular matrix genes (COL15A1, COL8A1, Gene@4318, PCOLCE, Gene@58223, CTRB1/2, ITGA7, Supplementary Table 19), based on which one may hypothesize that the extra-cellular matrix points to a disease subtype without early stage manifestation or with extremely rapid progression. If confirmed, a group of rapidly progressing patients or without early symptoms might eventually derive maximum benefit from genetic diagnosis and future preventive therapies", "type": "paragraph"}, {"sent": "To account for progress made here in understanding Disease@MESH:D006009 genetics, we estimated the proportion of disease risk explained by our 52 independent variants and compared it to our initial estimates of heritability obtained by examining all genotyped variants. We computed a weighted risk score of the 52 variants and modeled a population risk score distribution (see Materials and Methods). Individuals in the highest decile of genetic risk have a 44-fold increased risk of developing advanced Disease@MESH:D006009 compared to the lowest decile; of these, 22.7% are predicted to have Disease@MESH:D006009 in an elderly general population above 75 years of age with ~5% disease prevalence (Figure 4A, Supplementary Table 20). Altogether, the 52 variants explain 27.2% of disease variability (Figure 4B, also highlighting results based on other prevalence assumptions), including a 1.4% contribution from rare variants. The 52 identified variants thus explain more than half of the genomic heritability; the balance might be attributed to additional variation not studied here, or to genetic interaction with environmental factors such as smoking, diet or sunlight exposure", "type": "paragraph"}, {"sent": "We set out to improve our understanding of rare and common genetic variation for macular degeneration biology, to guide the development of therapeutic interventions and facilitate early diagnosis, monitoring and prevention of disease. We systematically examine rare variation (through direct genotyping) and common variation (through genotyping and imputation) for Disease@MESH:D006009 in a study designed to discover >80% of associated protein-altering variants with an allele frequency of >0.1% and >3-fold increased disease risk (or >0.5% frequency and >1.8-fold increased disease risk). Our study provides a simultaneous assessment of common and rare variation enabling us to understand the relative roles of rare and common variants and the scientific insights to be gained from rare variation", "type": "paragraph"}, {"sent": "Rare protein-altering variants are an attractive target for genetic studies because most of these variants are expected to damage gene function. Furthermore, observing that many rare variants in a gene are, together, associated with a change in disease risk strongly suggests that the gene is causally implicated in disease biology and - further - suggests the consequences of mimicking or blocking gene action using a drug. Our study demonstrates that when rare variants are systematically assessed genome-wide, significant signals can be assigned to single rare variants as well as to rare variant burden in individual genes", "type": "paragraph"}, {"sent": "Our study also demonstrates the challenges of these analyses. For three of the genes where we identified a rare variant burden, the accumulated evidence was spread across very rare variants with frequencies <0.1% in controls. Most of these variants derived from sequencing Disease@MESH:D006009 patients. This emphasizes the value of a hybrid approach with direct targeted sequencing of patient samples for variant discovery, followed by genotyping in larger samples for association analysis. Another conclusion is about required sample sizes: although such rare variants are expected to exist in nearly all genes, no rare variant burden was observed in most of the 34 loci we studied. For these loci, identifying causal mechanisms through the study of rare protein-altering variants will require a combination of more sequencing and even larger sample sizes. While our findings of rare variant burden are predominantly from targeted enrichment, the knowledge about effect sizes and frequencies of contributing variants illustrates that applying the approach genome-wide to detect new loci requires extremely large sample sizes. In our view, a recent estimate that sequencing of 25,000 patients will be needed to identify genes where rare variants have a substantial impact on disease risk is likely to be optimistic, particularly given the fact that effect sizes for Disease@MESH:D006009 risk alleles appear to be larger than for many other complex traits ", "type": "paragraph"}, {"sent": "In addition to corroborating previous reports of rare variants that disrupt genes in the complement pathway and lead to large increases in disease risk, our study also includes two unexpected rare variant findings. First, we show that a putative splice variant in Gene@23539 can greatly increase the risk of age-related macular degeneration - providing strong evidence that the gene is directly involved in disease biology. Gene@57274 is a lactate transporter expressed specifically by the RPE; a deficit of lactate transport results in acidification of the retina and photoreceptor dysfunction in Gene@57274 knock-out mice. Second, we show a >30-fold excess of rare Gene@7078 mutations among putative cases of macular degeneration. Gene@7078 is an especially attractive candidate that has been the subject of previous, underpowered, genetic association studies", "type": "paragraph"}, {"sent": "While it has been hypothesized that studies of rare and low frequency genetic variants will greatly increase the proportion of genetic risk that can be explained, our results don't support this. Our study and others successfully identify many low frequency disease risk alleles, and these provide clues about disease biology, but our results also show that common variants make a much larger contribution to disease risk. Common variants also suggest interesting leads and pathways for future analysis (Supplementary Table 15, Figure 2A), including attractive candidates such as immune regulators (Gene@170741), genes implicated in mouse ocular phenotypes (Gene@17395, Gene@58223, Gene@12828, Gene@19247, Gene@625249, and Gene@19682), and proven drug targets (Gene@11303, Gene@58223, Gene@19682, Gene@19247, Gene@22370, Gene@625249). In a literature search, we identified no previous candidate gene association studies targeting our novel loci, although several model organism, cellular, and functional studies evaluated potential links between genes in these loci and Disease@MESH:D006009 (highlights of this search in Supplementary Table 15) and a few loci were nominally associated and proposed as candidates in prior genome-wide searches . As richer functional annotations of the genome become available in diverse cell types, systematic assessment of overlap between these and our loci should clarify disease biology", "type": "paragraph"}, {"sent": "Our study also suggests additional important observations. While our results show that the majority of genetic risk is shared between GA and CNV, we also identify - for the first time - a variant that is specific to one advanced Disease@MESH:D006009 subtype: a genetic variant near Gene@4318 is specific to CNV, a candidate gene also supported by prior gene expression analyses in the Bruch's membrane of patients with Disease@MESH:D015861. Future efforts extending to longitudinal data might help improve the dissection of pure CNV and pure GA and their genetic make-up even further. If substantiated, the fact that nearly all disease associated variants modulate risk of both CNV and GA has potentially significant therapeutic consequences. It implies that individuals at high risk of CNV are also at high risk of GA. This suggests that therapeutic strategies which mitigate CNV but not GA will only provide temporary relief to patients - who are likely to remain at high risk of developing GA and may still require future interventions to prevent it", "type": "paragraph"}, {"sent": "Therefore, our findings have several important implications for future studies of rare variation in human complex traits. First, they clearly emphasize the need for very large sample sizes in population studies: the functionally most interesting variants we identify have frequencies in the range of 0.01 - 1.0% and, despite their strong impact on disease risk, could only be implicated using 10,000s of individuals. Second, they illustrate the value of hybrid approaches, where sequencing is used to detect interesting variants and custom arrays and imputation are used to examine these variants in very large samples. Since all the large effect rare variants we identify reside in or near GWAS loci, as with most complex trait associated rare variants , focused studies around GWAS loci may continue to be a cost-effective compromise. Third, our analysis of cysteine variants in Gene@7078 illustrates not only the potential for targeted variant discovery but the critical need to understand the consequences of rare variants when analyzing them together. While very large samples will be needed, our results also show that the effort to extend genetic studies to rare variants is worthwhile as these variants can pinpoint causal genes and advance our understanding of disease biology", "type": "paragraph"}, {"sent": "In the International Disease@MESH:D006009 Genomics Consortium (IAMDGC), we gathered 26 studies with each including (i) advanced Disease@MESH:D006009 cases with GA and/or CNV in at least one eye and age at first diagnosis >= 50 years, (ii) intermediate Disease@MESH:D006009 cases with pigmentary changes in the RPE or more than five macular drusen greater than 63mum and age at first diagnosis >= 50 years, or (iii) controls without known advanced or intermediate Disease@MESH:D006009. Recruitment and ascertainment strategies varied by study (Supplementary Tables 1 and 2, Supplementary Note 7). All groups collected data according to the Declaration of Helsinki principles. Study participants provided informed consent and protocols were reviewed and approved by local ethics committees", "type": "paragraph"}, {"sent": "We gathered DNA samples of more than 50,000 individuals. Groups with very limited amounts of available DNA contributed aliquots after whole-genome amplification (8% of subjects)", "type": "paragraph"}, {"sent": "We utilized a custom-modified HumanCoreExome array by Illumina, Inc., which includes (i) tagging variants across the genome (genome chip content) and (ii) a catalogue of protein-altering variants (exome chip content). Our customization of the array included three additional tiers to enrich for variants from 22 Disease@MESH:D006009 loci implicated by our previous genome-wide association analysis based on 19 index variants with genome-wide significance, 3 with consistent effect direction in the replication stage and 4x10-7 <= P <= 2x10-6) by selecting (iii) tagging variants (pair-wise tagging r < 0.8) from Phase Mutation@p.I1000G,HapMap common variants (minor allele frequency, Gene@4094, >= 1 % in European or East Asian individuals) using Tagger implemented in Haploview within +-100kb of the 22 index variants expanded to cover all correlated variants (r [EUR] > 0.5) and the complete gene (transcript +-1 kb), (iv) protein-altering variants within 500 kb of the 22 index variants as identified from public general population data bases (dbSNP, the NHLBI Exome Sequencing Project, the Phase I 1000 Genomes Project, see Web Resources), and (v) protein-altering variants within the 500 kb of the 22 index variants identified by re-sequencing Disease@MESH:D006009 case-control study data (targeted re-sequencing of 2,335 Disease@MESH:D006009 cases and 789 controls and whole-genome sequencing 60 Disease@MESH:D006009 cases and 60 controls; G. Abecasis and A. Swaroop). The customization further included (vi) the 1,000 top independent (> 2 Mb distant) variants from the previous analysis and additional 100 top variants from each the previous CNV only and the previous GA only analysis, (vii) and 375 variants in Gene@24, including known variants causing Disease@MESH:D000080362, benign variants, and those of unknown significance, as well as 10 known and 44 predicted cysteine mutations in Gene@7078, motivated by the known variants causing Disease@MESH:C564992 (also B. Weber, personal communication)", "type": "paragraph"}, {"sent": "Variant identifiers were based on NCBI dbSNP v137. Chromosomal position and functional annotation of the variant was based on the NCBI Reference Sequence Human Genome Build 19 (RefSeq hg19) and SeattleSeq Annotation 138 (see Web Resources). We particularly focus on protein-altering variants including non-synonymous coding variants (missense, stop loss, in-frame insertion/deletion, frameshift, premature stop codon) and splice sites. We converted the description of splice site variants to HGVS nomenclature using Mutalyzer version 2.0.beta-33 (see Web Resources)", "type": "paragraph"}, {"sent": "We genotyped all subjects centrally at the Center for Inherited Diseases Research (CIDR), Johns Hopkins University School of Medicine, Baltimore, MD, USA. From the 569,645 genotyped variants, our quality control excluded poorly genotyped variants as evidenced by genotype call rates < 98.5% (5.8%), deviations from Hardy-Weinberg equilibrium with P < 10-6 (0.34%), variants that mapped at multiple genome locations (0.25%) or variants failing other criteria, resulting in 521,950 (91.6%) variants passing all quality criteria. After excluding monomorphic variants (15.8%), we yielded 264,655 common variants distributed across autosomes, sex chromosomes, and mitochondria, as well as 163,714 directly genotyped protein-altering variants including 8,290 from previously implicated Disease@MESH:D006009 loci (Supplementary Table 3A). For these variants, genotype call rates averaged 99.9% (99.1% for subjects with amplified DNA)", "type": "paragraph"}, {"sent": "We phased the autosomal and X-chromosomal genotype data using SHAPEIT (200 states, 2.5 Mb windows), then imputed genotypes based on the 1000 Genomes Project reference panel (1000G Phase I, version 3, SHAPEIT2 Reference) using MINIMAC (reference-based 2.5 Mb chunks, 500 kb buffer regions). We then merged study variants that were excluded during imputation (not found in the reference panel) back into the final data set. We excluded common variants (Gene@10036) with bad imputation quality, R < 0.3, and adopted a more stringent exclusion criterion for rare variants (Gene@10036), R < 0.8, for the initial identification of lead variants. This yielded a total of 12,023,830 genotyped (439,350) or imputed (11,584,480) quality-controlled variants (Supplementary Table 3A)", "type": "paragraph"}, {"sent": "Using the genomic information for subject-level quality control, we excluded duplicated and related individuals (kinship coefficient (x003D5) >= 0.0884, i.e. 3rd degree relatives or closer), subjects with discrepancies between reported gender and sex chromosomal information or with atypical sex chromosome configurations, or subjects with genotyping call rates < 98.5%; we derived ancestry based on the first two principal components using autosomal genotyped variants together with genotype information of the samples from the Human Genome Diversity Project (HGDP). Our final data set contained 43,566 successfully genotyped unrelated subjects including 16,144 advanced Disease@MESH:D006009 cases and 17,832 controls of European ancestry, 6,657 intermediate Disease@MESH:D006009 cases of European ancestry, and 2,933 subjects (advanced Disease@MESH:D006009 or controls) of Asian or African ancestries (Supplementary Table 3B)", "type": "paragraph"}, {"sent": "Combined contribution of genotyped variants to disease was evaluated using a variance-component based heritability analysis. This analysis used genotypes to build a similarity matrix, summarizing the overall genetic kinship between each pair of individuals, and then examined the correspondence between genetic and phenotypic similarity. We estimated the explained variance on all genotyped, autosomal variants using restricted maximum likelihood (REML) analysis implemented in GCTA (see Web Resources). We jointly estimated the contributions of rare (Gene@4094 in controls < 1 %) and common (Gene@4094 in controls >= 1%) genotyped variants by first separately calculating their genetic relationship matrices before adding both to the model. Obtained estimates of variance explained were transformed from the observed scale to the liability scale assuming various levels of disease prevalence", "type": "paragraph"}, {"sent": "We estimated the genomic correlation between disease sub-phenotypes using bivariate REML analyses implemented in GCTA and only included common (Gene@4094 in controls >= 1%) genotyped variants . We compared 10,749 cases with CNV versus 3,325 cases with GA (excluding the 2,070 cases with mixed CNV and GA) and we compared 6,657 intermediate Disease@MESH:D006009 cases with 16,144 advanced Disease@MESH:D006009 cases. For both analyses, we used the control subjects as reference and avoided shared controls between traits by randomly splitting the 17,832 unrelated European control individuals into two sub-samples of 8,916 individuals", "type": "paragraph"}, {"sent": "Single-variant association tests analyzing the 16,144 advanced Disease@MESH:D006009 cases and 17,832 controls of European ancestry were based on the Firth bias-corrected likelihood ratio test, which is recommended for genetic association studies that include rare variants, as implemented in EPACTS (see Web Resources). Analyses were adjusted for two principal components and source of DNA (whole-blood or whole-genome amplified DNA). Allele dosages of the imputed data were utilized, Sensitivity analyses were conducted to evaluate the influence of alternative association tests, alternative covariate adjustment including age or sex, or up to 10 principal components instead of two, as well as the influence of restricting to population-based controls, or to controls aged 50 years or older. Genomic control correction was used to account for potential population stratification using all genotyped variants with minor allele count >= 20 outside of 20 previously described Disease@MESH:D006009 loci. As usual for genome-wide association studies, we considered P-values <= 5 x 10-8 as genome-wide significant", "type": "paragraph"}, {"sent": "To identify independently associated variants, we adopted a sequential forward selection approach: We first computed single variant association for each of the > 12 million variants. Then we selected the variant with the smallest P-value and its flanking +-5 Mb region, repeating the process until no genome-wide significant variant (P <= 5 x 10-8) was left yielding a number of 10 Mb regions. Within each of these large regions, we re-analyzed each variant conditioning on the top variant, and repeated this process by adding the previously identified genome-wide significant variant(s) within the respective 10 Mb region. This yielded one or more independently associated genome-wide significant variant(s) per 10 Mb region", "type": "paragraph"}, {"sent": "A locus region was defined by a genome-wide significant variant and its correlated variants (r>= 0.5) +- 500kb; overlapping locus regions were merged to one locus, so some loci contained more than one index variant (details in Supplementary Figure 3)", "type": "paragraph"}, {"sent": "In order to derive independent effect sizes (log odds ratios) for all identified variants, we computed a fully conditioned logistic regression model including all identified variants", "type": "paragraph"}, {"sent": "n order to summarize the statistical evidence of a variant for its association strength, we computed the Bayes factor for each variant, which is a measure of the strength of the association that is comparable irrespective of variant frequency or study sample size. It provides the probability of the genotype configuration at a variant (in cases and controls) under the alternative hypothesis (association) divided by the probability of the genotype configuration under the null hypothesis (no association). It is computed using the association results per variant . The posterior probability of each variant is then computed as the Bayes factor relative to the sum of all variants' Bayes factors across one locus region and can be thought of as the relative strength of evidence in favor of each SNP studied in the respective region. This assumes that there is one causal variant per region and that the causal variant is in the analyzed data set", "type": "paragraph"}, {"sent": "Expanding to loci with multiple association signals and thus a single alleged causal variant per signal, we used the association results per SNP obtained by conditioning on the other independent variants at that locus for computing the Bayes factor", "type": "paragraph"}, {"sent": "We derived 95% credible sets of variants per signal, which is the minimal set of variants, for which the sum of the posterior probabilities accumulates beyond 95%. This approach was recommended for fine-mapping of association signals and for prioritizing variants. Assuming that there is only one causal variant in an association signal and that the causal variant is contained among the analyzed variants, such a credible set of variants contains the causal variant with 95% probability", "type": "paragraph"}, {"sent": "We annotated functionality of the variants in each of the 95% credible sets (see above)", "type": "paragraph"}, {"sent": "Single variant analyses have limited power to depict rare variants with association. Gene-based burden tests evaluating accumulated association from multiple rare variants per gene have been shown to complement such analyses and improve power to detect a burden of disease. We computed the burden of disease using the variable threshold test as implemented in EPACTS. These analysis assume that all variants in a gene either Disease@MESH:D012021 risk. When variants with opposite directions of effect reside in the same gene, power will be reduced. An analysis with Disease@None and Disease@None-O, which both allow for variants with opposite directions of effect to reside in the same gene, did not identify additional signals (data not shown)", "type": "paragraph"}, {"sent": "We focused this analysis on protein-altering variants, since we assumed that the other (not protein-altering) variants would outnumber these predicted deleterious variants by far and would thus dilute a disease burden from the deleterious variants. Assuming a negative selection against such deleterious variants that cause their frequency to be low across ancestries, we restricted our rare variant definition to variants with Gene@84232% (cases and controls combined) in each of our ancestry groups (African, Asian, and European). We utilized the genotypes of these rare protein-altering variants if genotyped directly, or rounded imputed allele dosages to the next best genotype if imputed; imputed variants were restricted to those of highest imputation quality (RSQ >= 0.8)", "type": "paragraph"}, {"sent": "We assessed statistical significance by adaptive permutation testing with variable thresholds (up to 100 million permutations; minimal P-value = 1 x 10-8). When rare variants appear on a haplotype associated with disease through a common variant allele already identified for Disease@MESH:D006009, the rare variant burden would depict a mere shadow of the already identified variant. Therefore, we repeated the variable threshold test conditioned on the variant(s) identified in the respective locus by single variant analysis (locus-wide conditioning), to unravel a gene-based burden of rare variants independent of risk variants identified in single variants tests", "type": "paragraph"}, {"sent": "First, we searched for rare variant disease burden genome-wide applying a genome-wide Bonferroni-corrected significance threshold of 0.05 / 17,044 = 2.9 x 10-6 (17,044 genes genome-wide with at least 1 variant included in the analysis, i.e. with >= 1 rare protein-altering variant). In a second view on this, we focused on our 34 identified Disease@MESH:D006009 loci and here applied a significance threshold based on the 703 genes overlapping with the locus regions (P < 0.05 / 703 = 7.1 x 10-5). Odds ratio estimates of the burden were derived by logistic regression using the Wald test on the collapsed burden. As there was an overlap of the sequenced subjects with the chip data subjects, we conducted a sensitivity analysis for the burden test excluding overlapping subjects (see Supplementary Note 8)", "type": "paragraph"}, {"sent": "In order to derive information for all genes underneath our 52 identified association signals (spread across the 34 Disease@MESH:D006009 loci), we built a gene list containing all genes that overlapped with a more narrow definition of locus regions: We have been using a particularly comprehensive definition of the locus region during the signal identification step (index variants and proxies, r >= 0.5, +-500kb), to avoid far-reaching linkage disequilibrium that may generate shadow signals (particularly in the light of strong associations in the Gene@3075, C3, Disease@OMIM:217000, and Gene@387715/Gene@5654 loci) and to optimally differentiate independent signals within locus. We have also used this wide locus region definition for the rare variant burden test again to fully correct for independent signals in the respective wider locus regions and to be conservative in the multiple testing corrections for the Disease@MESH:D006009-locus-wide burden test search. However, this wide definition is less adequate when prioritizing genes around the identified signals under the assumption that most protein-altering or regulating variants exert their effects in cis. We thus focused the gene list for further queries to a more narrow locus region definition (index variants and proxies, r >= 0.5, +- 100kb) and yield 368 overlapping RefSeq genes (Supplementary File 5)", "type": "paragraph"}, {"sent": "For the 368 genes in our gene list (see above), we sought to obtain gene expression in relevant tissues, retina, RPE, and choroid, in two independent data sets (see details in Supplementary Note 9). A consensus rating of gene expression observed in the two labs was derived as follows: Expression of a gene in one set of tissues (retina or RPE/choroid) was inferred, if both labs detected expression in the respective set of tissues; if at least one of the labs did not observe expression, the gene was considered as not expressed; gene expression of all other genes (one lab observing expression and the other with missing, or both labs with missing data) was regarded as missing", "type": "paragraph"}, {"sent": "For the 368 genes in our gene list, we queried the Mouse Genome Informatics (MGI) and the International Mouse Phenotyping Consortium (IPMC) data bases (see Web Resources), and manually curated results by information from published literature. We determined whether a gene exhibited a relevant eye-phenotype (i.e. retina, RPE, or choroid phenotypes) in established genetic mouse models (knock-out, knock-in, or trans-genic mice)", "type": "paragraph"}, {"sent": "For the 368 overlapping genes, we performed functional enrichment analysis using INRICH with default settings unless stated otherwise (see Supplementary Note 10). Target intervals of this analysis were the narrow Disease@MESH:D006009 locus regions (index variants and proxies, r >= 0.5, +- 100kb, Supplementary Table 5). Since there is no consensus approach to pathway analysis, we queried multiple data bases: (i) Kyoto Encyclopedia of Genes and Genomes (KEGG), (ii) Reactome, and (iii) Gene Ontology (GO) Consortium (see Web Resources). For example, while KEGG is a manually curated database on metabolic pathways, GO also includes automatic annotations and more comprehensive set of cellular processes and molecular functions", "type": "paragraph"}, {"sent": "In order to derive information on whether the product of a gene among the 368 genes in our gene list was a direct drug target, we searched the DrugBank database (Version 4.1) which contains 4,207 drug targets (= genes) and 7,740 drugs (see Web Resources)", "type": "paragraph"}, {"sent": "Based on the 52 identified Disease@MESH:D006009 variants, we estimated the explained proportion of disease liability explained by these variants (see Web Resources) using the log Odds Ratio estimates from the model including all 52 identified variants (fully conditioned) to derive independent effect sizes. We compared this proportion explained by the 52 variants with the earlier derived genomic heritability based on all genotyped variants (see above)", "type": "paragraph"}, {"sent": "For each individual, we computed a genetic risk score (GRS) as the effect size weighted sum of the Disease@MESH:D006009 risk increasing alleles for all 52 independent variants divided by the sum of all effect sizes. To derive a a realistic genetic risk score distribution, we modeled a general population based on our case-control data, which requires an assumption on the prevalence of advanced Disease@MESH:D006009(see Supplementary Note 11). For this modeled general population, we derived the GRS distribution and its deciles. For the weighting, the log Odds Ratios for each of the 52 variants were derived from the fully adjusted model (including all 52 variants) to assure independence of effect sizes", "type": "paragraph"}, {"sent": "We derived relative risk estimates (as Odds Ratios) for each GRS decile with the first decile as reference. This relative risk estimate is independent of the prevalence except that the decile to form the genetic risk groups used the GRS distribution as expected in a general population (which requires a prevalence assumption). We also computed absolute risk estimates per GRS decile as the proportion of advanced Disease@MESH:D006009 cases applying the weights and prevalence assumptions as described above", "type": "paragraph"}, {"sent": "Clinical Ascertainment, Contribution of Samples, Study Coordination, and Data Analysis: Goncalo R. Abecasis, Anita Agarwal, Jeeyun Ahn, Rando Allikmets, Isabelle Audo, Paul N. Baird, Elisa Bala, Mustapha Benchaboune, Helene Blanche, John Blangero, Frederic Blon, Alexis Boleda, Caroline Brandl, Kari E. Branham, Murray H. Brilliant, Kathryn P. Burdon, Melinda S. Gene@8021, Peter Campochiaro, Albert Caramoy, Daniel Chen, David Cho, Itay Chowers, Ian J. Constable, Jamie E. Craig, Angela Cree, Christine Curcio, Margaret DeAngelis, Jean-Francois Deleuze, Anneke I. den Hollander, Bal Dhillon, Lebriz Ersoy, Lindsay A. Farrer, Sascha Fauser, Henry Ferreyra, Gene@5116 Flagg, Johanna R. Foerster, Lars G. Fritsche, Linn Gieser, Bamini Gopinath, Michael B. Gorin, Srinivas Goverdhan, Robyn H. Guymer, Shira Hagbi-Levi, Stephanie A. Hagstrom, Jonathan L. Haines, Janette Hall, Michael A. Hauser, Caroline Hayward, Scott J. Hebbring, John R. Heckenlively, Iris M. Heid, Alex W. Hewitt, Joshua D. Hoffman, Frank G. Holz, Carel B. Hoyng, David J. Hunter, Timothy Isaacs, Sudha K. Iyengar, Matthew P. Johnson, Nicholas Katsanis, Jane Khan, Ivana K. Kim, Terrie E. Kitchner, Caroline C. W. Klaver, Barbara E. K. Klein, Michael L. Klein, Ronald Klein, Jaclyn L. Kovach, Alan M. Kwong, Stewart Lake, Disease@MESH:C536514, Renee Laux, Yara T. E. Lechanteur, Kristine E. Lee, Thierry Leveillard, Mingyao Li, Helena Hai Liang, Gerald Liew, Danni Lin, Andrew Lotery, Hongrong Luo, David A. Mackey, Guanping Mao, Tammy M. Martin, Ian L. McAllister, J. Allie McGrath, Joanna E. Merriam, John C. Merriam, Stacy M. Meuer, Paul Mitchell, Saddek Mohand-Said, Anthony T. Moore, Emily L. Moore, Chelsea E. Myers, Anton Orlin, Mohammad I. Othman, Hong Ouyang, Kyu Hyung Park, Neal S. Peachey, Margaret A. Pericak-Vance, Eric A. Postel, Christina Rennie, Andrea J. Richardson, Guenther Rudolph, Jose-Alain Sahel, Nicole T. M. Saksens, Debra A. Schaumberg, Tina Schick, Hendrik P. N. Scholl, Stephen G. Schwartz, William K. Scott, Sebanti Sengupta, Humma Shahid, Giuliana Silvestri, R. Theodore Smith, Eric Souied, Emmanuelle Souzeau, Dwight Stambolian, Zhiguang Su, Anand Swaroop, Ava G. Tan, Barbara Truitt, Disease@MESH:D016751. Tsironi, Disease@MESH:C566367, Brendan J. Vote, Jie Jin Wang, Bernhard H. F. Weber, Daniel E. Weeks, Cindy Wen, Armin Wolf, Zhenglin Yang, John R. W. Yates, Donald Zack, Kang Zhan", "type": "paragraph"}, {"sent": "Phenotype Committee: Ivana K. Kim (lead), Sudha K. Iyengar (lead), Margaret DeAngelis (lead), Gabrielle H. S. Buitendijk, Emily Y. Chew, Itay Chowers, Anneke I. den Hollander, Sascha Fauser, Michael B. Gorin, Jonathan L. Haines, Iris M. Heid, Alex W. Hewitt, Caroline C. W. Klaver, Barbara E. K. Klein, Michael L. Klein, Ronald Klein, Thierry Leveillard, Andrew Lotery, Kyu Hyung Park, Jie Jin Wang, Kang Zhan", "type": "paragraph"}, {"sent": "Team 1: Quality control of data: Jennifer L. Bragg-Gresham, Margaret DeAngelis, Lars G. Fritsche, Disease@None, Wilmar Gene@3535, Ivana K. Ki", "type": "paragraph"}, {"sent": "Team 2: single variant analysis: Lars G. Fritsche (lead), Iris M. Heid (lead), Goncalo R. Abecasis (lead), Wilmar Gene@3535 (lead), Jennifer L. Bragg-Gresham, Gabrielle H. S. Buitendijk, Disease@None, Margaret DeAngelis, Disease@None, Felix Grassmann, Michelle Grunin, Jonathan L. Haines, Robert P. Igo Jr., Sudha K. Iyengar, Caroline C. W. Klaver, Matthias Olden, Klaus Stark, Xiaowei Zha", "type": "paragraph"}, {"sent": "Team 3: pathway and rare variant burden analysis: Lars G. Fritsche (lead), Jessica N. Cooke Bailey (lead), Matthew Schu (lead), Goncalo R. Abecasis, Milam A. Brantley Jr., Matthew Brooks, Gabrielle H. S. Buitendijk, Monique D. Courtenay, Margaret DeAngelis, Eiko K. de Jong, Anneke I. den Hollander, Lindsay A. Farrer, Felix Grassmann, Jonathan L. Haines, Iris M. Heid, Joshua D. Hoffman, Wilmar Gene@3535, Robert P. Igo Jr., Sudha K. Iyengar, Yingda Jiang, Margaux A. Morrison, Matthias Olden, Margaret A. Pericak-Vance, Rebecca J. Sardell, William K. Scott, Klaus Stark, Anand Swaroop, Bernhard H. F. Weber, Daniel E. Weeks, Xiaowei Zha", "type": "paragraph"}, {"sent": "Team 4: analysis of non-SNP variation: Robert P. Igo Jr. (lead), Sudha K. Iyengar (lead), Paul N. Baird (lead), Goncalo R. Abecasis, Monique D. Courtenay, Lars G. Fritsche, Jonathan L. Haine", "type": "paragraph"}, {"sent": "Team 5: functional data analysis: Dwight Stambolian (lead), Bernhard H. F. Weber (lead), Margaret DeAngelis (lead), Sudha K. Iyengar (lead), Disease@MESH:C536108. Cooke Bailey, Monique D. Courtenay, Eiko K. de Jong, Anneke I. den Hollander, Sascha Fauser, Lars G. Fritsche, Felix Grassmann, Jonathan L. Haines, Caroline Hayward, Iris M. Heid, Wilmar Gene@3535, Denise J. Morgan, Margaux A. Morrison, Rinki Ratnapriya, Chloe M. Stanton, Anand Swaroop, Xiaowei Zha", "type": "paragraph"}, {"sent": "Goncalo R. Abecasis, Margaret DeAngelis, Lars G. Fritsche, Jonathan L. Haines, Iris M. Heid, Sudha K. Iyengar, Margaret A. Pericak-Vance, Bernhard H. F. Webe", "type": "paragraph"}, {"sent": "Kimberly F. Doheny (lead), Jane Romm (lead), Lars G. Fritsche (lead), Disease@None (lead), Goncalo R. Abecasis, Jennifer L. Bragg-Gresham, Monique D. Courtenay, Felix Grassmann, Jonathan L. Haines, Iris M. Heid, Joshua D. Hoffman, Wilmar Gene@3535, Matthias Olden, Xiaowei Zha", "type": "paragraph"}, {"sent": "Lars G. Fritsche (lead), Iris M. Heid (lead), Goncalo R. Abecasis, Jessica N. Cooke Bailey, Margaret DeAngelis, Jonathan L. Haines, Wilmar Gene@3535, Sudha K. Iyengar, Ivana K. Kim, Dwight Stambolian, Bernhard H. F. Webe", "type": "paragraph"}, {"sent": "Goncalo R. Abecasis, Rando Allikmets, Paul N. Baird, Murray H. Brilliant, Itay Chowers, Jessica N. Cooke Bailey, Margaret DeAngelis, Sascha Fauser, Anneke I. den Hollander, Lindsay A. Farrer, Lars G. Fritsche, Michael B. Gorin, Stephanie A. Hagstrom, Jonathan L. Haines, Caroline Hayward, Iris M. Heid, Alex W. Hewitt, Wilmar Gene@3535, Sudha K. Iyengar, Ivana K. Kim, Caroline C. W. Klaver, Barbara E. K. Klein, Michael L. Klein, Ronald Klein, Thierry Leveillard, Andrew Lotery, Paul Mitchell, Anthony T. Moore, Kyu Hyung Park, Neal S. Peachey, Margaret A. Pericak-Vance, Debra A. Schaumberg, Dwight Stambolian, Anand Swaroop, Jie Jin Wang, Bernhard H. F. Weber, Daniel E. Weeks, John R. W. Yates, Kang Zhan", "type": "paragraph"}, {"sent": "Anand Swaroop, Goncalo R. Abecasis, Alex W. Hewitt, Murray H. Brilliant, Kang Zhang, Bernhard H. F. Weber, Iris M. Heid, Margaret DeAngelis, Lindsay A. Farrer, Kyu Hyung Park, Ivana K. Kim, Dwight Stambolian, Thierry Leveillard, Andrew Lotery, Itay Chowers, Sudha K. Iyengar, Stephanie A. Hagstrom, Neal S. Peachey, Barbara E. K. Klein, Ronald Klein, Debra A. Schaumberg, Margaret A. Pericak-Vance, Paul Mitchell, Jie Jin Wang, Rando Allikmets, Anthony T. Moore, John R. W. Yates, Jonathan L. Haines, Sascha Fauser, Anneke I. den Hollander, Paul N. Baird, Michael L. Klein, Michael B. Gorin, Daniel E. Weeks, Caroline Hayward, Caroline C. W. Klave", "type": "paragraph"}, {"sent": "Goncalo R. Abecasis, Margaret DeAngelis, Jonathan L. Haines, Sudha K. Iyengar, Margaret A. Pericak-Vance, Bernhard H. F. Webe", "type": "paragraph"}, {"sent": "Data permitted for sharing by respective Institutional Review Boards, and/summary statistics reported in the paper will be archived in the database of Genotypes and Phenotypes (dbGaP) under accession phs001039.v1.p1. Full GWAS summary statistics are available at http://amdgenetics.org/", "type": "paragraph"}, {"sent": "Inventor status for patents held by University of Pittsburgh regarding the 10q26 Disease@MESH:D006009 susceptibility locus (DEW, MBG). VC, ATM and JRW are co-inventors or beneficiaries of patents related to genetic discoveries in Disease@MESH:D006009. IC serves as a consultant for Novartis, Bayer, Allergan, and Lycored. Royalties for Disease@MESH:D006009 patents held by the University of Regensburg (LGF, BHFW), Royalties for Disease@MESH:D006009 patents held by the University of Michigan (GRA, AS, MIO, KEB), Scientific Advisory Board for Regeneron Genetics Center (GRA). PM holds a consultant position for Bayer Inc. and Novartis Inc. AL has acted as a consultant to Bayer, Allergan, Roche and Novartis Pharmaceuticals. Disease@MESH:C537328 has acted as a consultant to Alimera and Bausch + Lomb and has received writing fees from Vindico", "type": "paragraph"}, {"sent": "(a) We conducted a genome-wide single variant association analysis for >12 million variants in 16,144 advanced Disease@MESH:D006009 patients versus 17,832 controls. Shown is the Manhattan Plot exhibiting P-values for association highlighting novel (P < 5x10-8 for the first time, green) and known (blue) Disease@MESH:D006009 loci (see Table 1). (b) We computed independent effect size (Odds Ratios) of each of the 52 identified variants (Supplementary Table 4). Shown are these effect sizes versus the frequency of the Disease@MESH:D006009 risk increasing allele and a 80% power curve. (c) We conducted a genome-wide gene-based test for disease burden based on the protein-altering variants testing 17,044 RefSeq genes by the variable threshold test. Shown is the Manhattan Plot with P-values, the red horizontal line indicating genome-wide significance (P <= 0.05/17,044 = 2.9x10-6) and the yellow line indicating Disease@MESH:D006009-locus-wide significance (given 703 genes in the 34 Disease@MESH:D006009 loci, P <= 0.05/703 = 7.1x10-5). No gene outside the 34 loci is genome-wide significant; 14 genes are Disease@MESH:D006009-locus-wide significant (blue), four remain significant after locus-wide conditioning (bold letters, Supplementary Table 11)", "type": "fig_caption"}, {"sent": "We queried 368 genes in the 34 narrow Disease@MESH:D006009 regions (index and proxies, r >=0.5, +-100kb) for biological (red; expression in retina/RPE/choroid, Supplementary File 6; ocular mouse phenotype, Supplementary File 7), statistical, (blue; >=1 credible set variant in gene +-50 kb, Supplementary File 3; rare variant burden, Table 2), putative functional (green; >= 1 credible set variant in gene +-50 kb being protein-altering, 5'/3' UTR, other exonic, or putative promoter, Supplementary File 3), and molecular (magenta; enriched molecular pathway, drug target) evidence. We here focus on the gene(s) with the highest gene priority score (GPS) per locus (full list of genes in Supplementary File 9). Shown are (a) the 16 genes with highest GPS in the 15 novel Disease@MESH:D006009 loci (one novel locus without any gene), and (b) the 25 genes with highest GPS in the 18 known Disease@MESH:D006009 loci. Colored fields indicate yes and GPS counts number of colored fields per row", "type": "fig_caption"}, {"sent": "We compared associations of the 34 lead variants across different Disease@MESH:D006009 phenotypes. Shown are effect sizes (log Odds Ratio) per minor allele in controls as well as 95% confidence intervals (widths and heights of diamonds). (a) Comparison of Disease@MESH:D015861 (10,749 CNV cases vs. 17,832 controls) and GA (3,235 GA cases vs. 17,832 controls) identified four variants (in loci Gene@4318, Gene@387715/Gene@5654, Gene@1071, and Gene@8224/Gene@7078) with significantly different association comparing CNV with GA (Pdiff < 0.05/34, marked in red, see also Supplementary Table 16). (b) Comparison of intermediate Disease@MESH:D006009 (6,657 cases vs. 17,832 controls) with advanced Disease@MESH:D006009 (16,144 cases vs. 17,832 controls) identifies 24 variants with nominally significant (P < 0.05, marked in red) association with intermediate Disease@MESH:D006009 (Pbinomial = 4.8 x 10-24), all of which have the same effect direction and less extreme effect sizes compared to advanced Disease@MESH:D006009 (Supplementary Table 17)", "type": "fig_caption"}, {"sent": "(a) Absolute disease risk (=proportion of affected) by genetic risk score intervals (deciles and top 10 percentiles in embedded bar plot) based on our cases-control-data weighted to model a general population with 5% disease prevalence (see also Supplementary Table 20). (b) Shown is disease liability explained by the 52 identified variants (bars) compared to the genomic heritability based on all genotyped variants (red lines) assuming disease prevalence of 1%, 5%, or 10%, respectively", "type": "fig_caption"}, {"sent": "Our genome-wide single-variant association analysis identified 34 loci for advanced Disease@MESH:D006009 with genome-wide significance (P < 5 x 10-8) based on logistic regression in 16,144 cases and 17,832 controls of European ancestry. Shown are P-values and effect sizes (Odds Ratios, OR) for the variant with the smallest P-value per locus (lead variant) and the number of independent signals per locus (see Supplementary Table 4", "type": "table_caption"}, {"sent": "We computed a gene-based burden test of rare protein-altering variants comparing 16,144 advanced Disease@MESH:D006009 cases and 17,832 controls. Shown are P-values from the variable threshold test (up to 100 million permutations) and Odds Ratios from the collapsed burden test, both adjusted for the other identified variants in the respective locus (locus-wide conditioning). Four genes (among the 703 genes in the 34 Disease@MESH:D006009 locus regions) showed a significant (P < 0.05/703 = 7.1 x 10-5) burden. Details about the corresponding rare variants underlying the observed burden can be found in Supplementary File 4. Results for the 14 genes that show significant burden within the 34 Disease@MESH:D006009 loci without locus-wide conditioning are shown in Supplementary Table 11. Rare variants were defined here as variants with minor allele frequency in cases and controls < 1% in each of the ancestries, European, Asian, and African", "type": "table_caption"}]}