{"sentences": [{"sent": "The genetics underlying posterior cortical Disease@MESH:D001284 (PCA), typically a rare variant of Disease@MESH:D000544 (Disease@MESH:D000544), remain uncertain", "type": "abstract"}, {"sent": "We genotyped 302 PCA patients from 11 centers, calculated risk at 24 loci for Disease@MESH:D000544/DLB and performed an exploratory genome-wide association study", "type": "abstract"}, {"sent": "We confirm that variation in/near Gene@348/Gene@10452 (P = 6 x 10-14) alters PCA risk, but with smaller effect than for typical Disease@MESH:D000544 (PCA: odds ratio [OR] = 2.03, typical Disease@MESH:D000544: OR = 2.83, P = .0007). We found evidence for risk in/near Gene@1378 (P = 7 x 10-4), Gene@10347 (P = .02) and Gene@274 (P = .04). ORs at variants near Gene@3635 and Gene@51314 did not overlap between PCA and typical Disease@MESH:D000544. Exploratory genome-wide association studies confirmed Gene@348 and identified three novel loci: Mutation@rs76854344 near Gene@129684 (P = 8 x 10-10 OR = 1.9 [1.5-2.3]); Mutation@rs72907046 near Gene@55603 (P = 1 x 10-9 OR = 3.2 [2.1-4.9]); and Mutation@rs2525776 near Gene@10512 (P = 1 x 10-8, OR = 3.3 [2.1-5.1])", "type": "abstract"}, {"sent": "We provide evidence for genetic risk factors specifically related to PCA. We identify three candidate loci that, if replicated, may provide insights into selective vulnerability and phenotypic diversity in Disease@MESH:D000544", "type": "abstract"}, {"sent": "Posterior cortical Disease@MESH:D001284 (PCA) is a rare Disease@MESH:D019636, typically a variant of Disease@MESH:D000544 (Disease@MESH:D000544), although occasionally due to other pathologies including Disease@MESH:D003704 with Lewy bodies, corticobasal Disease@MESH:D012162, and prion disease. Patients with PCA present with combinations of cognitive problems attributable to posterior Disease@MESH:D054220 and in particular difficulties with higher level visual processing including simultanagnosia, Disease@MESH:D000377, Disease@MESH:D001259, and Disease@MESH:D000377; other features may include Disease@MESH:D004410, Disease@MESH:D060705, Disease@MESH:D000381, and Disease@MESH:D000377. In contrast with typical, Disease@MESH:D000544, memory is relatively spared until the disease becomes advanced. MR brain imaging in PCA typically shows parieto-Disease@MESH:D004828 with relative preservation of medial temporal lobe structures; fluoro-deoxyglucose positron emission tomography (PET) shows prominent posterior cortical Disease@None; and in a single case study using the AV1451 Gene@4137 PET tracer, posterior cortical Gene@4137 deposition. By contrast, PET imaging using amyloid-binding ligands typically shows global amyloid deposition. Aside from the imaging and cognitive differences, patients with PCA are typically younger than those with typical amnestic late-onset Disease@MESH:D000544, usually with disease onset in the sixth or seventh decade. PCA is almost invariably a Disease@MESH:D030342, and the risk factors for developing the syndrome are unknown. Understanding the genetic architecture of the PCA variant of Disease@MESH:D000544 may provide insights both into factors predisposing to young onset Disease@MESH:D000544, as well as mechanisms underlying regional vulnerability in Disease@MESH:D000544", "type": "paragraph"}, {"sent": "To date, only a few, single-center studies have addressed genetic risk for PCA, and due to the rarity of the syndrome all have been relatively small, the largest being a maximum of 81 cases. Some, but not all, of these studies have suggested that despite their early-disease onset, patients with PCA may be less likely than expected to have an Gene@348 epsilon4 allele, the commonest risk factor for late-onset Disease@MESH:D000544. Other studies have suggested that there may be differences in some of the more recently identified genetic risks for Disease@MESH:D000544 in patients with PCA. Recognizing the rarity of this Disease@MESH:D000544 variant, we formed an international consortium comprising eleven centers, using clinical diagnostic criteria to define cases of PCA, with the principal aim of determining whether Gene@348 epsilon4 and genetic risks from recent genome-wide association studies (GWAS) of Disease@MESH:D000544 and Disease@MESH:D003704 with Lewy bodies (DLB, see below) are risk factors for the PCA variant of Disease@MESH:D000544. In a second, exploratory analysis, we performed a pilot GWAS analysis to identify novel putative genetic risk factors for PCA", "type": "paragraph"}, {"sent": "After an inaugural multidisciplinary meeting of PCA researchers, latterly formalized as the Disease@MESH:D000544's Association's International Society to Advance Disease@MESH:D000544's Research and Treatment (ISTAART) Professional Interest Area in Atypical Disease@MESH:D000544 and Associated Syndromes, an international collaborative group was established to assess genetic risk factors for PCA. Researchers identified individuals with PCA, in whom a deoxyribo nucleic acid (DNA) sample was available. Patients who the referring physician had diagnosed with Disease@MESH:D000544, had multidomain Disease@MESH:D003072 fulfilling criteria for Disease@MESH:D000544, and had one or both of two published criteria for PCA, as proposed by Tang-Wai and Mendez (Table 1) were included. Additional data collected included gender, age at disease onset, age at Disease@MESH:D003643 (where applicable), and whether there was molecular (cerebrospinal fluid or amyloid PET using locally defined ranges) evidence or pathologic confirmation of underlying Disease@MESH:D000544 pathology. Each site had appropriate local ethical approvals in place, and all participants gave informed written consent. Controls were from UK, USA, and Germany (see below)", "type": "paragraph"}, {"sent": "DNA samples were analyzed at the MRC Prion Unit, Department of Disease@MESH:D019636, Institute of Neurology, UCL. PCA samples were genotyped on Illumina 660 arrays (n = 54, UCL cohort only) and OmniExpress arrays (n = 239, all cohorts); in total, 293 passed sample quality control, implemented using PLINK. Controls were genotyped on Illumina 550 (n = 809, KORA F4 German, PMID: 16032514), OmniExpress (n = 1185, Geisinger US http://www.geisinger.org), Illumina 2.5 M (n = 1882, KORA F3 German), Illumina 5M (n = 1651, Framingham US, see acknowledgments), and Illumina 1.2 M (n = 5020, WTCCC2 UK, see acknowledgments) arrays. Physical locations refer to the Feb 2009 (GRCh37/hg19) assembly. We excluded SNPs with a minor allele frequency (MAF) < 1% (n = 70,042 from OmniExpress case arrays); genotyping rate <99% (n = 85,086 from OmniExpress case arrays); or Hardy-Weinberg Equilibrium (HWE) exact test P < 10-3 in controls. Cases with call rate <98% (n = 6) as well as ethnic outliers (n = 2) were excluded after visualization of multidimensional scaling plots. Related and duplicate cases were removed by Disease@MESH:D015212 (n = 1) and re-examination of patient data, as they became available post genotyping (n = 2). A Pi-Hat (proportion identity by descent) threshold of >0.1875 was used, which should exclude first and second degree relatives. Two duplicates removed due to later availability of patient data were also included within the six cases removed for low call rate thus bringing the total number of cases removed to nine. Owing to the multitude of different genotyping platforms, control comparisons were carried out sequentially and exclusions removed at each stage. A total of 840 KORAF4 German controls were originally genotyped; 17 with call rate <98%, six with Pi-Hat > 0.1875 and eight MDS outliers were removed. A total of 1950 KORAF3 German controls were originally downloaded; three with call rate <98%, 57 with Pi-Hat > 0.1875, and eight MDS outliers were removed. A total of 1264 Geisinger US controls were originally downloaded; two with call rate <98%, 69 with Pi-Hat >0.1875, and eight MDS outliers were removed. 2467 FHS US controls were originally downloaded; 16 with call rate <98%, 793 with Pi-Hat >0.1875 and seven MDS outliers were removed. 5050 WTCCC2 UK controls were generated from available raw IDAT files; 26 with call rate <98%, four with Pi-Hat > 0.1875, and zero MDS outliers were removed (see Supplementary Table 1). All remaining cases and controls were finally visualized on an MDS plot (see Supplementary Fig. 1), outlier detection was performed using PLINK v1.07, and no further outliers were detected. Disease@MESH:D043183/Disease@MESH:D015212 estimation of the final cases and controls also lead to no further exclusions based on relatedness. Shapeitv2 was used, in conjunction with the 1000 Genomes Phase 1 Integrated variant set (b37 March 2012 release), to align all data relative to the positive strand. To avoid potential downstream cross platform confusion, however, we removed any A/T or G/C transversions to phase each chromosome from each platform separately before imputation using Impute2 (v2.3.0). GTOOL (v0.6.6) was used to extract and collate samples into their respective cohorts for association testing. Association testing was performed using SNPtest_v2.5-beta4 employing the frequentist (additive model) score method which involves weighting by the likelihood of each imputed genotype. Four population covariates derived from Disease@MESH:D043183/Disease@MESH:D015212 analysis in PLINK were used in the association analysis. The case-control association test statistic inflation factor was 1.06 (Supplementary Fig. 2). Any association statistics mentioned in the results section are shown with standard genomic control (Gene@5225) corrected and uncorrected P values. Post association-testing QC excluded markers with a MAF <1% and departure from HWE, in both combined and any single control cohort P < 10-4. We also excluded markers with a SNPtestv2 derived \"info metric\" and \"add info metric\" below 0.9. The final autosomal analysis thus included 5.9 M markers", "type": "paragraph"}, {"sent": "We assessed whether the genetic risks for typical Disease@MESH:D000544 and PCA were different by comparing odds ratios (OR) between our study and those published in typical Disease@MESH:D000544. We employed a Wald-type test, first calculating the standard error of the difference in log (OR) from the reported CIs. We then divided the empirical difference in log (OR) by its standard error, and thus derived a z-score and P value, relying on the approximate normality of log (OR) estimates from large samples. In the main analysis of candidate SNPs, we used a Bonferroni corrected association threshold of P < .002 based on the testing of a lead SNP from 24 independent loci derived from studies of Disease@MESH:D000544 and DLB", "type": "paragraph"}, {"sent": "Although the typical samples sizes that are required to discover novel genome-wide significant risk factors in complex disorders are in the thousands, there are some precedents of strong genetic effects detected with small but phenotypically homogenous samples, including variants at Gene@348 in Disease@MESH:D000544, PRNP in prion disease, and Gene@3075 in age related macular degeneration. We therefore performed an exploratory genome-wide association study using established methodologies that account for population structure and with imputation of SNPs not present on the genotyping arrays. As PCA is a clinical syndrome that may be due to pathologies other than Disease@MESH:D000544, we also assessed the odds ratios at SNPs of interest in a subset of patients with biomarker/pathological evidence for Disease@MESH:D000544", "type": "paragraph"}, {"sent": "A total of 302 samples fulfilling entry criteria to the study were available from eleven centers: University College London (n = 94); Mayo Clinic, USA (n = 77); University of California San Francisco, USA (n = 25); University of Seville, Spain (n = 25); University of Manchester, UK (n = 20); VU University, Netherlands (n = 17); University of California San Diego, USA (n = 16); INSERM, France (n = 10); University of Milan, Italy (n = 6); Disease@None, France (n = 6); and University of New South Wales, Australia (n = 6). Demographics are shown in Table 2. All samples fulfilled Tang-Wai clinical criteria for PCA, and in the 225 samples for which data were available, 97.3% also fulfilled Mendez criteria; 41% of the cohort was male. Mean (+-SD) age at symptom onset was 58.9 +- 6.9 years, and 82.5% had young onset Disease@MESH:D003704, as defined by age at onset of <65 years. Thirty-four patients had Disease@MESH:D003643, with a mean age at Disease@MESH:D003643 of 68.0 (+-7.7) years. Molecular or pathologic evidence for underlying Disease@MESH:D000544 pathology was available for 82 (27%), of whom 52 had a CSF profile compatible with Disease@MESH:D000544; 32 had a positive amyloid PET scan; and 15 had autopsy proven Disease@MESH:D000544. None had evidence for pathology or biomarkers for non-Disease@MESH:D000544 pathology", "type": "paragraph"}, {"sent": "DNA from nine individuals failed array quality control, and statistical analyses were done on the remaining 293/302 samples (see Table 2). We also considered the associations in the sub-sample of 82 with biomarker/autopsy evidence for underlying Disease@MESH:D000544 pathology", "type": "paragraph"}, {"sent": "Results of the genetic analysis of candidate risk factors for the whole PCA cohort are shown in Table 2. First, we considered 24 SNPs known to be genetic risk factors in Disease@MESH:D000544 and/or DLB. The best proxy genotyped for the Gene@348 epsilon4 Disease@MESH:D000544-risk allele, Mutation@rs2075650, located on chromosome 19 in the Gene@10452 gene and 13kb upstream of Gene@348, was identified as a strong risk factor for PCA (OR 2.03, [95% CI = 1.68-2.46], P = 6 x 10-14, Gene@5225 = 3 x 10-13; Fig. 1 and Fig. 2A). Mutation@rs3818361 located on chromosome 1 in Gene@1378 was also significantly associated (ORs = 1.38 [1.Gene@3543.67], P = 7 x 10-4, PGC = 1 x 10-3; Fig. 2B). Mutation@rs3764650 in Gene@10347 (OR = 1.39 [1.07-1.8], P = .02, Gene@5225 = .02) and Mutation@rs744373 upstream of Gene@274 (OR = 1.2 [1.01-1.43], P = .04, Gene@5225 = .05) reached nominal significance but did not surpass our Bonferroni corrected threshold of P < .002. Other candidate SNPs showed no evidence of association", "type": "paragraph"}, {"sent": "In the subset of individuals with either biomarker (CSF or amyloid PET) or pathologic evidence for underlying Disease@MESH:D000544 (n = 82), Mutation@rs2075650 (at the Gene@348/Gene@10452 locus, subsequently referred to as Gene@348) was again identified as a risk factor with a similar OR to the whole group (OR = 2.00 [1.39-2.89] P = 9 x 10-5, Gene@5225 = 1 x 10-4). Mutation@rs3818361 (Gene@1378) and Mutation@rs3764650 (Gene@10347) both showed nominally significant differences compared with controls (Gene@1378 OR = 1.7 [1.20-2.41], P = .003, Gene@5225 = .004; Gene@10347 OR = 1.83 [1.17-2.86], P = .009, Gene@5225 = .01). There was no evidence for an effect of Gene@274 (OR = 1.08 [0.76-1.52], P = .65) in the biomarker cohort", "type": "paragraph"}, {"sent": "Comparing odds ratios and the nominal risk conferred in the whole PCA cohort against the most recently published mega-meta studies of typical Disease@MESH:D000544, the effect size seen at the Gene@348 locus was significantly less strong in PCA than for typical Disease@MESH:D000544 (PCA: OR 2.03, typical Disease@MESH:D000544: OR 2.83, P = .0007, Gene@5225 = .001, see methods). Although there was no evidence for risk in PCA vs controls, the risk effects at Mutation@rs35349669 in Gene@3635 (P = .02, Gene@5225 = .02) and Mutation@rs2718058 upstream of Gene@51314 (P = .03, Gene@5225 = .04) both were nominally different in PCA than typical Disease@MESH:D000544", "type": "paragraph"}, {"sent": "As several different array platforms were used in the study, only 210,670 SNPs were genotyped across all samples. In this set, there was little evidence of inflation in the association test statistic (lambda = 1.05). Only the proxy for the Gene@348 epsilon4 Disease@MESH:D000544-risk allele, Mutation@rs2075650, achieved genome-wide significance. We went on to analyze 5.9-M SNPs in the imputed data set. Aside from chromosome 19 (Gene@348 locus), three loci on chromosomes 7, 2, and 6 respectively were of interest (Fig. 1). Mutation@rs2525776 on chromosome 7, upstream of Gene@10512 (OR 3.3 [2.1-5.1], P = 1.4 x 10-8, Gene@5225 = 4 x 10-8; Fig. 2C); Mutation@rs76854344 on chromosome 2, upstream of Gene@129684, (OR 1.9 [1.5-2.3], P = 8.0 x 10-10, PGC = 2 x 10-9; Fig. 2D), and Mutation@rs72907046 on chromosome 6, downstream of Gene@55603 (OR 3.2 [2.1-4.9], P = 1.1 x 10-9, Gene@5225 = 3 x 10-9; Fig. 2E) were all associated with PCA. Restricting the analysis to the 82 individuals with biomarker/pathology evidence for underlying Disease@MESH:D000544 pathology, the corresponding odds ratios were similar: 3.8 [1.8-8.2], P = 2.8 x 10-4 for Mutation@rs2525776; 1.8 [1.2-2.7], P = 2.1 x 10-3 for Mutation@rs76854344; and 2.5 [1.0-6.1], P = 2.7 x 10-2 for Mutation@rs72907046. None of these three loci showed any evidence of association with typical Disease@MESH:D000544 on the IGAP Disease@MESH:D000544-risk GWAS meta-analysis. A full list of suggestive associations P < 10-4 based on the SNPs represented on case and control arrays (the intersection SNPs) is available in a Supplementary Table 2, and summary statistics from the entire data set is available at the NHGRI-EBI GWAS Catalog", "type": "paragraph"}, {"sent": "We report findings from a consortium to study genetic risk factors in PCA, a rare predominantly early-onset Disease@MESH:D003072 characterized by progressive and disproportionately posterior Disease@MESH:D054220 and Disease@MESH:D001284, and usually associated with Disease@MESH:D000544-type pathology. Our primary aim was to explore the relationship between PCA and a predetermined list of candidate SNPs derived from studies of typical Disease@MESH:D000544 and DLB. Our main findings are the identification of genetic risk for PCA at some of the known Disease@MESH:D000544-risk loci, but not at the two DLB-risk loci that were tested (Table 3). We demonstrate PCA-risk association with variants in or near Gene@348, Gene@1378, Gene@10347 and Gene@274 in the whole cohort, but only those at Gene@348, Gene@1378, and Gene@10347 remain nominally significant in the small molecularly defined subgroup. We also show evidence for nonoverlapping CIs of genetic risk at Gene@348, Gene@3635, and Gene@51314. Although this is by far the largest study of PCA to date, our relatively small sample size remains underpowered to detect genome-wide significant associations at risk loci with small effect sizes, such as those shown to associate in Disease@MESH:D000544-risk GWAS. However, our exploratory GWAS nominates the three novel loci, Gene@10512, Gene@129684, and Gene@55603, which achieved genome-wide significance, as potential genes of interest in PCA", "type": "paragraph"}, {"sent": "Although still small for genetic studies, this collection is the result of a global collaborative effort and is considerably larger than any previous studies of PCA reporting varying evidence that Gene@348 is a risk factor. Although the vast majority of samples in previous studies overlap with the present study, individual studies comprise <~25% of the current total. We found robust genetic association at Gene@348 but with an odds ratio significantly smaller than those seen in typical Disease@MESH:D000544. Gene@348 is the best established and strongest risk factor for sporadic Disease@MESH:D000544 and has been associated not only with increased risk per se, but also with earlier disease onset, the rate of hippocampal Disease@MESH:D001284 and more memory led disease. However, the situation is more complex in early-onset Disease@MESH:D000544 which is associated both with a greater proportion of nonamnestic presentations, and perhaps a relatively reduced proportion of APOE epsilon4 carriers. Studies investigating Gene@348 risk for PCA (or as it was sometimes previously defined, Disease@MESH:D000544), have shown mixed results, perhaps due to differences in case definition, and the limited sample size of each study. In this study of PCA, by far the largest yet published, we confirm that Gene@348 is a risk factor for PCA, but that it is a weaker risk factor than for typical Disease@MESH:D000544", "type": "paragraph"}, {"sent": "Addressing risk factors other than Gene@348, the largest single previous study:which included samples also used in this analysis:found nominally significant association with SNPs in or near Gene@1191, Gene@274, and Gene@10347 . We found evidence of association in the same direction for the SNP at Gene@10347 both in the whole cohort and those with biomarker evidence for Disease@MESH:D000544; for Gene@274 in the whole cohort alone; but could not confirm that SNPs near to Gene@1191 are risk factors. Aside from Gene@348, only variants in Gene@1378 surpassed our statistical threshold for multiple testing in the whole cohort; these variants also showed nominal significance in the biomarker positive subgroup. Estimates of effect size were greater in PCA than those in typical Disease@MESH:D000544 at each associated locus aside from Gene@348. Although these differences were only nominally statistically significant, the four risk loci we report are among the strongest known common genetic risk factors for typical Disease@MESH:D000544 (Table 3). Gene@1378 has multiple functions including the regulation of complement and phagocytosis of immune complexes and pathogens, which are increasingly though to be relevant to Disease@MESH:D000544 pathogenesis. Gene@10347 may play a role in Disease@MESH:D000544 through regulation of phagocytosis or lipid metabolism. Gene@274 mechanisms in Disease@MESH:D000544 are unclear but may be involved in endocytosis and the recycling of endocytic vesicles", "type": "paragraph"}, {"sent": "Although they did not confer significant alteration of PCA risk, we found that odds ratio confidence intervals for SNPs at or near to Gene@3635 and Gene@51314 in PCA did not overlap those of typical Disease@MESH:D000544 and showed directionally opposite effects, Gene@3635 was identified as a risk factor for Disease@MESH:D000544 in a recent large meta-analysis and plays an important role in a number of inflammatory processes. There is little evidence for the function of Gene@51314 in the central nervous system, although a role in modification of oxidative Disease@MESH:D000079225 has been proposed. Although these findings were only nominally significant and need independent replication, they do raise the possibility that Disease@MESH:D061325 variants of Disease@MESH:D000544 may be differentially associated with alterations in certain risk genes, perhaps through altered responses to Disease@MESH:D007249 or Disease@MESH:D000079225", "type": "paragraph"}, {"sent": "The results of our exploratory genome-wide study implicate three potential strong risk loci, near to Gene@129684, Gene@55603, and upstream of Gene@10512. The regions of strong LD with these associations did not include directly genotyped SNPs across all platforms, and therefore false-positive associations related to differential accuracy of imputation between case and control arm of the study remain possible. With the caveat that these findings must therefore be considered preliminary and require follow-up replication in an independent sample and by direct genotyping, it is notable that all three genes have roles in processes potentially relevant to PCA. Gene@129684 gene (Gene@129684) belongs to a subgroup of the neurexin family of multidomain transmembrane proteins involved in cell adhesion and intercellular communication in the central nervous system and has been implicated as a risk factor for Disease@MESH:D001714 and Disease@MESH:D000067877. Family with sequence similarity 46, member A1 (Gene@55603), originally Gene@55603, is preferentially expressed within the neural retina and has been implicated in cell signaling pathways related to Disease@MESH:D019636. Class III semaphorins including Gene@10512 (Gene@10512) have been examined as potential modifying factors in Disease@MESH:D019636 through interactions with plexins and neuropilins. Gene@10512 has been identified as a chemotrophic molecule influencing attractive guidance for cortical axon development; the expression of Gene@10512 and its receptors have been shown to influence the maturation of the visual system; and Gene@10512 is also expressed in the hippocampus, where it has a role in influencing the afferent connections of the developing hippocampus and in particular the ingrowth of septo-hippocampal connections, the major cholinergic connections implicated in learning and memory. Finally, Gene@10512 expression has been shown to correlate with functional network connectivity within the brain. Although at this stage speculative, it is possible therefore that perhaps subtle differences in cortical development might influence where pathology starts and/or how it spreads through the brain if a Disease@MESH:D019636 process is initiated later in life. The fact that all three of these novel genetic risks showed nominal associations in the relatively small subset of individuals with biomarker evidence for Disease@MESH:D000544 and the absence of similar evidence of association in any of these genes with IGAP studies of typical Disease@MESH:D000544 suggest that if confirmed, these loci may be specific risks for PCA due to Disease@MESH:D000544", "type": "paragraph"}, {"sent": "The main limitation of our study is the necessarily modest sample size of this very Disease@MESH:D035583, noting that the case numbers presented here were only achievable through the establishment of an international consortium. We plan to continue to collect further samples to allow for replication in due course. Based on standard power calculations in case-control studies, even in the favorable situation of completely accurate imputation of the functional SNP we are only adequately powered to detect effect sizes of OR >1.5, for common candidate SNPs, and the only common genetic risk factor of this strength in typical Disease@MESH:D000544 is Gene@348. We made comparisons with studies of patients diagnosed with typical Disease@MESH:D000544; however, these patients and/or studies are different in multiple ways including the genotyping platforms used, later age at clinical onset, potential pathologic heterogeneity, and most probably differences in geographical location, all of which could confound the comparison. Although PCA is underpinned by Disease@MESH:D000544 pathology in most cases, we only had evidence for underlying Disease@MESH:D000544 in a proportion (~1/4), and we cannot confirm that the genetic risks we have determined are specific for the Disease@MESH:D000544 variant of PCA rather than the syndrome of PCA or for young onset Disease@MESH:D000544. However, allowing for the fact that the confidence intervals are inevitably large, it is notable that the estimates for the odds ratios for Gene@348, Gene@1378, and Gene@10347, and the putative genes identified in our exploratory GWAS were similar or larger in the proportion with molecular evidence for Disease@MESH:D000544, suggesting that the risk we identify are likely to be for the Disease@MESH:D000544 variant of PCA, rather than for the syndrome per se", "type": "paragraph"}, {"sent": "Systematic review: Reviewing the literature for publications investigating the genetics of posterior cortical Disease@MESH:D001284 (PCA), there is conflicting evidence for the role of Gene@348 in the PCA variant of Disease@MESH:D000544 Disease@MESH:D000544), and limited evidence for the more recently identified genetic risks for Disease@MESH:D000544", "type": "paragraph"}, {"sent": "Interpretation: Through the establishment of an international consortium to create the largest study exploring the genetics of PCA to date, we demonstrate that (1) Gene@348 is a risk factor for PCA but confers a smaller risk than for typical Disease@MESH:D000544; (2) some of the genetic risks for typical Disease@MESH:D000544 are also associated with PCA risk; and (3) nominate three novel risk loci for PCA", "type": "paragraph"}, {"sent": "Future directions: These data provide clear directions and testable hypotheses for future studies, including (1) the establishment of a replication cohort and (2) investigation of the identified genes as factors influencing selective vulnerability in Disease@MESH:D000544", "type": "paragraph"}, {"sent": "One of the major outstanding issues in Disease@MESH:D019636 research is an explanation for the often very striking phenotypic heterogeneity underpinned by the same broad core pathology. Possibilities for phenotype modification include demographic and environmental factors, including age at onset, or perhaps more likely complex gene and/or environment interactions and/or factors related to the misfolded proteins and their propagation, tissue or network selectivity and Disease@MESH:D064420. The results of this study suggest that subtle differences in established risk factors may be associated with some of this heterogeneity and provide testable suggestions for novel genes that may influence the development of the hippocampal and visual system, which may influence the development of the PCA phenotype relative to other syndromes. If confirmed in future studies, next generation sequencing may be useful in determining whether these findings might be underpinned by rare variants with large effect sizes. More broadly, genetic investigation of well-phenotyped Disease@MESH:D000544 variants may provide important insights into disease biology in typical Disease@MESH:D000544", "type": "paragraph"}, {"sent": "Manhattan plot of autosomes with the threshold for genome-wide significance (P < 5 x 10-8) indicated by the red line. Four loci achieved statistical significance at Gene@348 (chromosome 19), Gene@10512 (chromosome 7), Gene@55603 (chromosome 6), and Gene@129684 (chromosome 2)", "type": "fig_caption"}, {"sent": "SNP annotation and proxy (SNAP) plots for five regions of interest showing significance in either known genetic loci for Disease@MESH:D000544 (A, B) or in the exploratory GWAS (A,C,D,E). These plots illustrate the statistical evidence of association at a locus together with information about nearby genes and linkage disequilibrium between the most strongly associated SNP and its neighbors on the chromosome", "type": "fig_caption"}, {"sent": "Results of the main analysis for candidate SNPs which were discovered in typical Disease@MESH:D000544 (ref, except *Seshadri et al. JAMA 2010:303; 1832-40,  Hollingworth et al. Nat Genet 2011:43:429-35) or DLB", "type": "table_caption"}]}