{"sentences": [{"sent": "Bevacizumab has broad anti-Disease@MESH:D009369 activity, but substantial risk of Disease@MESH:D006973. No reliable markers are available for predicting bevacizumab-induced Disease@MESH:D006973", "type": "abstract"}, {"sent": "A genome-wide association study (GWAS) was performed in the phase III bevacizumab-based Disease@MESH:D001943 trial, ECOG-5103, to evaluate for an association between genotypes and Disease@MESH:D006973. GWAS was conducted in those who had experienced systolic blood pressure (SBP) >160 mm Hg during therapy using binary analysis and a cumulative dose model for the total exposure of bevacizumab. Common Disease@MESH:D064420 criteria (CTC) grade 3-5 Disease@MESH:D006973 was also assessed. Candidate SNP validation was performed in the randomised phase III trial, ECOG-2100", "type": "abstract"}, {"sent": "When using the phenotype of SBP>160 mm Hg, the most significant association in Gene@22987 (Mutation@rs6453204) approached and met genome-wide significance in the binary model (P=6.0 x 10-8; OR=3.3) and in the cumulative dose model (P=4.7 x 10-8; HR=2.2), respectively. Similar associations with Mutation@rs6453204 were seen for CTC grade 3-5 Disease@MESH:D006973 but did not meet genome-wide significance. Validation study from ECOG-2100 demonstrated a statistically significant association between this SNP and grade 3/4 Disease@MESH:D006973 using the binary model (P-value=0.037; OR=2.4)", "type": "abstract"}, {"sent": "A genetic variant in Gene@22987 predicted clinically relevant bevacizumab-induced Disease@MESH:D006973 in two independent, randomised phase III trials", "type": "abstract"}, {"sent": "Bevacizumab is a monoclonal antibody that targets Gene@7422 (Gene@7422). Although this drug has broad anti-Disease@MESH:D009369 properties, there are no validated biomarkers to predict which subgroup of patients will respond or experience Disease@MESH:D064420. The inability to enrich for the optimal population has been a barrier to maximum success. To date, bevacizumab has demonstrated clinically meaningful activity in Disease@MESH:D015179, Disease@MESH:D008175, Disease@MESH:C538614, Disease@MESH:D002583 and Disease@MESH:D005909. Bevacizumab also gained accelerated US-FDA approval for metastatic Disease@MESH:D001943 based, in part, on the results of ECOG-2100, a randomised phase III trial of paclitaxel with or without bevacizumab. On the basis of less absolute differences in progression-free survival in later trials (AVADO, RIBBON-I, and RIBBON-II), no overall survival benefit, and due to the unique and unpredictable Disease@MESH:D064420 profile, bevacizumab's US-FDA approval for Disease@MESH:D001943 was rescinded. Despite this, bevacizumab has remained an approved treatment for Disease@MESH:D001943 in the European Union. The early success of bevacizumab in the metastatic setting led to the development of ECOG-5103, which tested a standard backbone of chemotherapy with concurrent or concurrent plus sequential bevacizumab in the adjuvant setting with results pending maturation of efficacy data. Two other phase-III Disease@MESH:D001943 trials, BETH and BEATRICE, have been negative, highlighting the limitations of bevacizumab for Disease@MESH:D001943 in the absence of a successful efficacy marker", "type": "paragraph"}, {"sent": "A major limitation of bevacizumab across all Disease@MESH:D009369 types has been the inability to predict a priori which patients are most likely to obtain substantial benefit or Disease@MESH:D064420 from treatment. Validated biomarkers to predict either the efficacy or Disease@MESH:D064420 of bevacizumab are lacking, although germline DNA variants have been previously nominated. Disease@MESH:D006973 is the most common, serious bevacizumab-induced Disease@MESH:D064420, which can occasionally be life threatening. Herein we have identified and validated a genetic biomarker for bevacizumab-induced Disease@MESH:D006973 in the Disease@MESH:D001943 trial, ECOG-5103 (whose efficacy data were not yet available for this analysis) and the metastatic Disease@MESH:D001943 trial, ECOG-2100", "type": "paragraph"}, {"sent": "ECOG-5103 (Figure 1) was a phase-III Disease@MESH:D001943 trial that randomised 4994 patients to doxorubicin and cyclophosphamide for four cycles, followed by 12 weeks (four cycles) of weekly paclitaxel (arm A) or to the same chemotherapy with either concurrent bevacizumab (arm B) or concurrent plus sequential bevacizumab every 3 weeks (10 additional cycles) (arm C). Germline DNA was available from 4033 patients (Figure 2). For those patients that received bevacizumab (arms B and C), analyses were performed to identify SNP genotypes that were associated with Disease@MESH:D006973. This correlative study was approved by the Indiana University Institutional Review Board", "type": "paragraph"}, {"sent": "Owing to the availability of germline DNA, genotyping was performed at two independent time points in non-overlapping study subsets. DNA from an initial 2209 patients was genotyped by Illumina Genotyping Services (San Diego, CA, USA) using the HumanOmni1-Quad (>1 million SNPs) array. An additional 1222 patients were also genotyped by Illumina Genotyping Services using the Human OmniExpress (741 000 SNPs) array. Both sample sets used the Illumina BeadChip microarray platform for genotyping and the Illumina GenomeStudio software for initial genotyping calls. Of note, SNPs on the OmniExpress were a subset of those on the HumanOmni1-Quad. Those SNPs not on the HumanOmni1-Quad were obtained through imputation in the second sample. Genotypes from both sample sets were imputed to the level of the 1000 genome project. Imputation was performed with the 1000 Genomes Phase-I-integrated variant set as reference using the IMPUTE2 software, and all SNPs were mapped to the human genome version GRCh37.3. Prior to imputation, SNPs with missing rate >5%, Hardy-Weinberg Equilibrium (HWE) P-values <0.0001, or minor allele frequency (MAF) <3% were excluded. A principal component analysis was performed using Eigenstrat and data from 11 HapMap phase-III populations to identify clusters using the first two eigenvectors computed using all SNPs (Supplementary Figure S1). Only samples clustering with the European American reference set were retained", "type": "paragraph"}, {"sent": "Cases: Blood pressure values were collected as part of standard clinical assessment prior to administration of therapy throughout the conduct of the trial. The goal for phenotype development was to combine clinically relevant and established parameters with the highest severity that would still allow reasonable statistical power to detect an association (Supplementary Information 1). Consistent with the definition for stage-II Disease@MESH:D006973 developed by the Joint National Committee (JNC 7) (http://www.nhlbi.nih.gov/guidelines/Disease@MESH:D006973/express.pdf), first occurrence of a systolic blood pressure (SBP) >160 mm Hg was selected to define a case. Of note, a baseline SBP>160 mm Hg was also an exclusion criterion for eligibility to enrolment in the parent trial. In addition, another analysis classified those individuals with grade 3-5 Disease@MESH:D006973 as cases, determined by the common Disease@MESH:D064420 criteria (CTC) version 3.0 (CTC v. 3.0)", "type": "paragraph"}, {"sent": "Controls: Controls included all patients in arm B and arm C who met all the following criteria: (1). SBP<140 mm Hg at baseline without use of an anti-Disease@MESH:D006973; (2) maintained a median SBP<140 mm Hg throughout therapy; (3) did not meet any of the definitions for cases as outlined above; and (4) received all prescribed doses of bevacizumab with follow-up at least 3 months beyond the last dose. Specifically, patients that had bevacizumab held or modified for other reasons (i.e., disease progression or other Disease@MESH:D064420) were excluded from control designation. See consort diagram; Figure 2", "type": "paragraph"}, {"sent": "Two hypotheses were evaluated in the statistical analyses. First, a standard case-control association (binary) analysis was performed to identify SNPs associated with the presence or absence of Disease@MESH:D006973. Second, an analysis was performed to identify SNPs associated with the cumulative bevacizumab dose before becoming a case (i.e., cumulative dose model). The cumulative dose model was implemented with a Cox proportional hazard model, in which the dose was computed as the full dose or censored. Age (<=50 vs>50) and Disease@MESH:D009765 (body mass index (BMI) >30; yes/no) were considered as covariates in both analyses. The P-value threshold was set at P-value <0.05 for inclusion of covariates in the regression model", "type": "paragraph"}, {"sent": "SNPs available on the HumanOmni1-Quad array were used as the common basis for all statistical analysis. An additive model of SNP effect was used when testing all hypotheses. The case-control analysis was conducted using SNPTEST v2.4 (https://mathgen.stats.ox.ac.uk/genetics_software/snptest/snptest.html). The cumulative dose model was conducted in R (www.r-project.org) using the coxph function. For all analyses, the P-value threshold for genome-wide significance was set at 5 x 10-8 to correct for multiple comparisons", "type": "paragraph"}, {"sent": "ECOG-2100 was a phase-III Disease@MESH:D001943 trial that randomised patients with metastatic Disease@MESH:D001943 that had not previously received chemotherapy in the metastatic setting to either paclitaxel (arm B) or paclitaxel with bevacizumab (arm A); Figure 1. The results of ECOG-2100 have been previously reported. 367 patients had DNA available from formalin-fixed paraffin-embedded (FFPE) primary Disease@MESH:D009369", "type": "paragraph"}, {"sent": "Case and control designation from ECOG-2100: Only patients randomised to arm A with DNA available for genotyping were considered (n=185 subjects). Raw blood pressure values were not available for ECOG-2100; therefore, grade 3-5 Disease@MESH:D006973 as determined by CTC version 2.0 criteria was used (compared with version 3.0 for ECOG-5103) as the only phenotype definition. Grade 4 Disease@MESH:D006973 by CTC version 2.0 criteria was similar to version 3.0 (e.g., Disease@MESH:D006973 crisis for both). Grade-3 Disease@MESH:D006973 for version 2.0 was defined as requiring therapy or more intensive therapy than previously, whereas for version 3.0 it was defined as requiring >1 drug or more intensive therapy than previously. Controls were those patients that did not have CTC version 2.0 grade 3-5 Disease@MESH:D006973 at any point throughout treatment", "type": "paragraph"}, {"sent": "Germline DNA was not available from E2100, and thus DNA was extracted from 20-micron paraffin-embedded tissue sections from the primary Disease@MESH:D009369 using the DNeasy Tissue kit (Qiagen, Valencia, CA, USA). The SNP in SVC2, Mutation@rs6453204, was genotyped in 185 subjects. Genotyping was performed after a pre-amplification procedure using a TaqMan SNP Genotyping Assay (C__30765975_10 (Life Technologies, Carlsbad, CA, USA)), which was performed on the ABI 7900 Fast Real Time PCR platform (Life Technologies). Allelic discrimination was determined during a post-amplification plate read by the TaqMan Genotyper software (Life Technologies). The quality of the SNP genotyping was assessed by confirming that the SNP did not violate HWE and had MAF similar to previously reported frequencies. The same analytic models used in the ECOG-5103 analyses were employed in the ECOG-2100 statistical analysis. Only age was considered as a covariate in the regression model as BMI information was not available. The P-value threshold for the SNP and covariate selection was 0.05", "type": "paragraph"}, {"sent": "The percentage of patients who had a Disease@MESH:D006973 event defined as SBP>160 mm Hg and CTC grade 3-5 Disease@MESH:D006973 were 10.4% and 9.5%, respectively. The median first Disease@MESH:D006973 event occurred at cycle #10 for the SBP>160 mm Hg phenotype and at cycle #11 for CTC grade 3-5 Disease@MESH:D006973 phenotype, respectively. Race was significantly associated with Disease@MESH:D006973. African-Americans were 1.63-fold more likely to develop Disease@MESH:D006973 during treatment with bevacizumab as compared with individuals of other races (P=0.0039). To obviate bias, the analysis sample was limited to individuals of European descent. Age >50 years (P=4.3 x 10-7) and Disease@MESH:D009765 (P=3.7 x 10-4) were correlated with an increased likelihood of Disease@MESH:D006973. Both age and Disease@MESH:D009765 were included as covariates in analyses", "type": "paragraph"}, {"sent": "The sample sizes and number of SNPs available for each phenotype are provided in Table 1. When using SBP>160 mm Hg as the Disease@MESH:D006973 criterion, the most significant association of a genetic variant with bevacizumab-induced Disease@MESH:D006973 was Mutation@rs6453204, a SNP in the Gene@22987 gene located on chromosome 5 with a MAF of 7%. The association approached genome-wide significance in the binary model (P=6.0 x 10-8; OR=3.3) and met genome-wide significance in the cumulative dose model (P=4.7 x 10-8; HR=2.2); Figure 3A and B and Figure 4. See Supplementary Information 2 for comprehensive association results. No SNPs provided genome-wide evidence of association using both binary and cumulative dose model, in which cases were defined as those meeting grade 3/4 Disease@MESH:D006973. The P-values for association with the Gene@22987 SNP, Mutation@rs6453204 were 6.4 x 10-5 (OR=2.0) and 3.0 x 10-4 (HR=2.2) using the binary model and the cumulative dose model, respectively", "type": "paragraph"}, {"sent": "We then performed an independent validation of the Gene@22987 SNP in the clinical trial ECOG-2100. As previously reported, 14.8% of patients experienced CTC grade 3-4 Disease@MESH:D006973 in E2100. The median first occurrence of CTC grade 3-4 Disease@MESH:D006973 in the subset of 185 patients who had genotyping data appeared at cycle #1.5 but ranged from cycle #1-29. We found a statistically significant association of Mutation@rs6453204 with bevacizumab-induced grade 3-5 Disease@MESH:D006973 using the binary model (P=0.037; OR=2.4). Similar results were obtained using the cumulative dose model, but did not reach statistical significance (P=0.091; HR=1.9); Table 2", "type": "paragraph"}, {"sent": "This study revealed a compelling association between bevacizumab-induced Disease@MESH:D006973 and an SNP in Gene@22987 (Mutation@rs6453204) in two randomised phase III trials. Evidence of association was initially found in the clinical trial ECOG-5103 and further validated in ECOG-2100. This represents one of the first pharmacogenomic studies to uncover a predictive biomarker for Disease@MESH:D006973 using a genome-wide approach within a phase-III Disease@MESH:D001943 trial and candidate validation in another phase III trial. Although ECOG-5103 and ECOG-2100 were trials designed to test bevacizumab for Disease@MESH:D001943, it is highly likely that the Disease@MESH:D064420 and corresponding predictive biomarkers transcend Disease@MESH:D009369 or setting, as the Disease@MESH:D009369 has little bearing on drug-induced Disease@MESH:D064420. The association with Mutation@rs6453204 in ECOG-5103 was found using both a binary and cumulative dose model. The former simply classified each patient as a case or control, whereas the later model accounted for the total drug exposure and was a successful methodology previously employed by. Thus, we have observed consistent results using both a dichotomous and a quantitative phenotype", "type": "paragraph"}, {"sent": "Gene@9900 (Gene@9900) is encoded by a small gene family with three established isoforms: Gene@9900, Gene@9899, and Gene@22987. The Gene@22987 gene encodes for the Gene@22987 protein, and Mutation@rs6453204 is an intronic SNP. Recent studies have identified SNPs in Gene@22987, which are associated with a gene-smoking interaction on risk of Disease@MESH:D010300 and the response to atypical antipsychotics. In addition, an SNP close to Gene@22987 has been reported as new candidate loci for impact on Disease@MESH:D054556 and coagulation pathways. These studies suggest that Gene@22987 may have various biological and pharmacological implications. Gene@9900 proteins also appear to be specific to both neurons and endocrine cells, and function to maintain pools of vesicles for calcium-induced exocytosis. Specifically relevant to this phenotype, Gene@22987 has a role in release of catecholamines from adrenal chromaffin cells, which certainly might represent a potential mechanism for impact on blood pressure. Production of the sodium-retaining hormone aldosterone may be modulated through Disease@MESH:D018268 connections with the adrenal medulla. Additional functional work is needed to elucidate mechanism, but more importantly, to shed insight to novel therapeutics", "type": "paragraph"}, {"sent": "A strength of this study was the detailed review of the clinical data in ECOG-5103 and ECOG-2100. All of the patients in the discovery set from ECOG-5103 were part of the same clinical trial with rigorous attention to consistent treatment and collection of clinical data. Similarly, the validation cohort was also part of a clinical trial, ECOG-2100, that provided similar rigorous patient-to-patient consistency with regard to treatment protocol and collection of data. Unlike the evaluation of random patients who received bevacizumab, the use of patients from a clinical trial eliminates many innate confounders. Cases and controls were carefully adjudicated based on stringent phenotype criteria, and the companion genotyping data underwent substantial QC and filtering. The control samples were carefully evaluated and patients having any evidence of prior Disease@MESH:D006973 or who did not complete a substantial course of bevacizumab were removed from the analysis. We believe that this careful phenotypic review provided the best opportunity for identification of a true genetic association", "type": "paragraph"}, {"sent": "One of the challenges of detecting associations with drug-induced Disease@MESH:D006973 is the dynamic and multifactorial nature of Disease@MESH:D006973 and the variability in measurement. We chose several complementary approaches to define the phenotype of drug-induced Disease@MESH:D006973. Each was selected because it provided additional insight. For the primary analysis, we selected stage II Disease@MESH:D006973 determined by the Joint National Committee (JNC-7) as a value (SBP>160 mm Hg) that had both clinical relevance and was sufficiently frequent in this population to allow for statistical power to detect an association. This was the same definition used to exclude patients from entry in the parent trial owing to uncontrolled baseline Disease@MESH:D006973. We recognised there were inherent limitations to the use of a single blood pressure value obtained in an outpatient clinic. Nonetheless, for a pharmacogenomics study of this size, this represented the most objective, standardised measure readily available. Further, this represented the same data that are routinely used in the community setting to make decisions as to whether to add an anti-Disease@MESH:D006973 or to stop the drug. The other phenotype, CTC grade 3-5 Disease@MESH:D006973, was commonly collected, but was subjective and based on the threshold for an investigator to either add an anti-Disease@MESH:D006973 or to consider the Disease@MESH:D006973 event 'life threatening'. Specifically, many investigators were aware of this drug-specific Disease@MESH:D064420 based on their prior experience, and may have been tempted to treat with anti-Disease@MESH:D006973 agents early to prevent problems later. Thus, although the threshold of a SBP >160 mm Hg may not represent the optimal value, we believe an absolute threshold was the proper approach for this phenotype", "type": "paragraph"}, {"sent": "Prior data have suggested that those patients who develop Disease@MESH:D006973 may fare better from an efficacy standpoint, although there are conflicting reports. This type of analysis was complicated by the non-uniformity of the phenotype (as discussed above) and the heterogeneous benefit for bevacizumab across Disease@MESH:D009369 types and settings. If indeed, those who get Disease@MESH:D006973 are those destined to benefit most, continuation of therapy despite Disease@MESH:D064420 is critical. Even if an association between efficacy and Disease@MESH:D064420 is not valid, however, optimal management of these patients remains an important goal. For these reasons, a biomarker that can predict who might be at risk for this Disease@MESH:D064420 might be highly valuable in the clinical setting. For those deemed to be at increased risk of significant Disease@MESH:D006973, close monitoring with early intervention or use of prophylactic anti-Disease@MESH:D006973 therapies could be considered. Additional information that can be gleaned from a genetic biomarker is the potential to understand the underlying biology of the Disease@MESH:D064420. Fundamental biological insights can further lead to novel therapeutic development for treatment or prevention. If indeed there is a link between Disease@MESH:D006973 and effectiveness of the drug, biomarkers for Disease@MESH:D064420 may also serve as markers for efficacy. More broadly, an understanding of bevacizumab-induced Disease@MESH:D006973 might shed light on the pathophysiology and treatments for common disorders such as Disease@MESH:D000075222", "type": "paragraph"}, {"sent": "Prior studies have evaluated an association between candidate SNPs and bevacizumab-induced Disease@MESH:D006973. We previously identified an association between SNPs in Gene@7422 and protection from grade 3/4 Disease@MESH:D006973 A similar finding was demonstrated with sunitinib. In this study, we specifically probed the genotyped SNPs in Gene@7422 (Mutation@rs2010963, Mutation@rs1570360) that had previously been associated with Disease@MESH:D006973 induced by an anti-angiogenic agent, and none demonstrated a statistically significant association in E5103 regardless of phenotype. Thus, although these prior results were provocative, they could not be validated in this much larger clinical trial", "type": "paragraph"}, {"sent": "A weakness of this study is the limited, phenotypic information available from ECOG-2100; specifically only CTC version 2.0 grade 3/4 Disease@MESH:D006973 could be analysed. Although similar, it should be pointed out that the criterion for Disease@MESH:D006973 was slightly different between version 2.0 and version 3.0, the latter of which was used in ECOG-5103. Therefore, it is likely that the association with the SNP in Gene@22987 may have been underestimated in the validation cohort owing to a suboptimal phenotype definition. In addition, it is possible that the characteristics and the performance status of patients in the metastatic setting (ECOG-2100) may not mirror those of the patients in the adjuvant setting (ECOG-5103), which might subsequently impact the Disease@MESH:D006973 phenotype. Unfortunately, germline DNA was not available in ECOG-2100, and FFPE Disease@MESH:D009369-derived DNA was used. Therefore, somatic mutations or loss of heterozygosity could have reduced the power to replicate the SNP in Gene@22987 association with drug-induced Disease@MESH:D006973. This concern was mitigated as there was no deviation from HWE, and the MAF was similar to what was expected in the general population. We also examined data for Gene@22987 in the Disease@MESH:D009369 and found no evidence of recurrent mutation, loss of heterozygosity, nor recurrent copy-number aberrations. Another limitation was the insufficient number of cases and controls to identify markers for patients of African descent. Data from ECOG-5103 would support that African-Americans are more likely to experience this Disease@MESH:D064420. Thus, work directed at identifying a marker for the group most likely to experience this Disease@MESH:D064420 is of utmost importance", "type": "paragraph"}, {"sent": "In summary, we have identified an SNP in Gene@22987 that predicts bevacizumab-induced Disease@MESH:D006973. Future studies testing early clinical intervention as well as elucidation of the functionality of this SNP are warranted and are ongoing. Also, evaluation of Gene@22987 (as well as other candidates) as a marker for efficacy will be conducted in the E5103 trial, as efficacy data become available", "type": "paragraph"}, {"sent": "The following authors have received research funds from Genentech/Roach: KDM, JG, CTD, Disease@MESH:C537466 and ER; from Novatis and Amgen: JG, Disease@MESH:C537466 and ER; and from Lilly, Celgene, Morphotek and Sanofi: Disease@MESH:C537466 and ER. BPS is on the advisory board of Genentech (compensated). KDM has received honoraria from Genentech. JS has received consulting fees from Genentech. DAF serves on the scientific education board of the Coriell Institute and Quest Diagnostics and is an active consultant for Clinical Equilibrium Consulting LLC. The remaining authors declare no conflict of interest", "type": "paragraph"}, {"sent": "Manhattan plot (left) and quantile-quantile plot (right) of genome-wide association results in E5103 under different models of Disease@MESH:D006973. X-axis indicates the chromosomal position of each SNP analysed; Y-axis denotes magnitude of the evidence for association, shown as -log10(P-value). (A). Binary model for systolic blood pressure >160 mm Hg. (B). Cumulative dose model for the systolic blood pressure >160 mm Hg", "type": "fig_caption"}, {"sent": "Association results in the SVC2 region for models of Disease@MESH:D006973 defined as systolic blood pressure>160 mm Hg. Results for all genotyped and imputed SNPs that passed quality-control parameters are shown. X-axis denotes position of the SNP in the region on chromosome 5; Y-axis denotes magnitude of the evidence for association, shown as -log10(P-value). The most significantly associated SNP is denoted with a purple diamond. The extent of linkage disequilibrium (as measured by r2) between each SNP and the most significantly associated SNP is indicated by the colour scale at top left. Larger values of r2 indicate greater linkage disequilibrium with the most significant SNP. (A) Binary model. (B) Cumulative dose model", "type": "fig_caption"}]}