{"sentences": [{"sent": "Genetic loci for Disease@MESH:D000544 (Disease@MESH:D000544) have been identified in whites of European ancestry, but the genetic architecture of Disease@MESH:D000544 among other populations is less understood", "type": "abstract"}, {"sent": "We conducted a transethnic genome-wide association study (GWAS) for late-onset Disease@MESH:D000544 in Stage 1 sample including whites of European Ancestry, African Americans, Japanese, and Israeli-Arabs assembled by the Disease@MESH:D000544 Genetics Consortium (ADGC). Suggestive results from Stage 1 from novel loci were followed up using summarized results in the International Genomics Disease@MESH:D000544 Project (IGAP) GWAS dataset", "type": "abstract"}, {"sent": "Genome-wide significant (GWS) associations in SNP-based tests (P<5x10-8) were identified for SNPs in Gene@5201/Gene@1839, Gene@9712/Gene@79746, and Gene@9256-Gene@5729, and for the interaction of the Gene@348 epsilon4 allele with Gene@4782 SNP. We also obtained GWS evidence (P<2.7x10-6) for gene-based association in the total sample with a novel locus, Gene@7162 (P=1.8x10-6)", "type": "abstract"}, {"sent": "Our findings highlight the value of transethnic studies for identifying novel Disease@MESH:D000544 susceptibility loci", "type": "abstract"}, {"sent": "Disease@MESH:D000544 (Disease@MESH:D000544) is the most prevalent Disease@MESH:D019636 in persons aged 65 years and older and the sixth leading cause of Disease@MESH:D003643 in the United States. Total healthcare payments in 2014 for people aged 65 years and older with Disease@MESH:D003704 are estimated at $214 billion. By the middle of the century, the number of Americans with Disease@MESH:D000544 is projected at 13.8 million with one new case developing every 33 seconds or almost one million new cases per year. The global burden of Disease@MESH:D000544 or Disease@MESH:D003704 in 2015 is more daunting with new cases of Disease@MESH:D003704 in every 3 seconds, and the estimated worldwide costs of Disease@MESH:D003704 are about $818 billion, rising to $2 trillion by 2030. The number of people living with Disease@MESH:D003704 in 2015 is estimated to be 9.4 million in the Americas, 10.5 million in Europe, 4.0 million in Africa, and 22.9 million in Asia. This is a tremendous global epidemic in elderly persons regardless of ethnic background", "type": "paragraph"}, {"sent": "Disease@MESH:D000544 with onset age after 65 years is highly heritable with an estimated 74% of the liability explained by genetic factors. A major genetic risk factor for Disease@MESH:D000544 is Gene@348 genotype which accounts for approximately 35% of the genetic variance. The three common Gene@348 alleles (epsilon2, epsilon3 and epsilon4) are determined by combinations of polymorphic amino acid residues at Arg112 (Mutation@rs429358) and Cys158 (Mutation@rs7412). Among non-Hispanic whites of European Ancestry (EA), epsilon4 heterozygotes have a 2.5 to 3.0 fold increased risk and epsilon4 homozygotes have a 10-12 fold increased risk, compared to persons with the epsilon3/epsilon3 genotype. The epsilon2 allele is protective such that carriers of this allele have a 40% reduction in Disease@MESH:D000544 risk compared to epsilon3/epsilon3 individuals. The effect of Gene@348 genotype to Disease@MESH:D000544 risk is highly variable in other populations. The epsilon4 frequency is lower in Asians and associated with higher Disease@MESH:D000544 risk among Japanese compared to EAs. In contrast, the effect of epsilon4 on Disease@MESH:D000544 risk is much less in African Americans among whom the epsilon4 frequency is about 50% higher than in EAs. It is noteworthy that the epsilon4 allele is virtually absent among Arabs living in northern Israeli community where the prevalence of Disease@MESH:D003704 is roughly double than in EA populations", "type": "paragraph"}, {"sent": "More than 20 loci have been robustly associated with Disease@MESH:D000544 and are enriched in immune response, regulation of endocytosis, cholesterol transport, and protein ubiquitination pathways. A recent genome-wide association study (GWAS) identified significant association of Disease@MESH:D000544 with multiple single nucleotide polymorphisms (SNPs) in the Gene@4137-Gene@284058 region among EAs lacking an Gene@348 epsilon4 allele. Genetic studies in other populations have increased our understanding of the genetic architecture of Disease@MESH:D000544. For example, the effect of the Gene@348 epsilon4 allele is much greater in Japanese and substantially weaker in African American and some Hispanic groups, due in part to varying frequencies of this allele across populations. Three loci (Gene@6653, Gene@10347, and Gene@1636) whose association with Disease@MESH:D000544 attained genome-wide significance in EAs were found to have larger effects on Disease@MESH:D000544 risk in African Americans, (Gene@10347), Japanese (Gene@6653), and Israeli-Arabs (Gene@1636). Some loci including Gene@91584 and Gene@6653 demonstrate allelic heterogeneity among genetically diverse populations. In the current study, we leveraged genetic diversity across ethnic groups to increase discovery of additional Disease@MESH:D000544 risk loci by combining GWAS results obtained from samples of EAs, African Americans, Japanese and Israeli-Arabs", "type": "paragraph"}, {"sent": "Details of subject recruitment and genotyping for individual case-control and family-based datasets, genotype imputation, quality control, population substructure, and statistical methods for association analyses were reported previously for Disease@MESH:D000544 Genetics Consortium (ADGC) datasets containing EAs, African Americans (AA), Japanese (JPN), and Israeli-Arab (IA). Characteristics of the 33,269 ADGC subjects (26,320 EA, 4,983 AA, 1,845 JPN, and 115 IA) used for discovery in Stage 1 were shown in Supplementary Table 1. Summarized results archived in the NIA Genetics of Disease@MESH:D000544 Data Storage Site (https://www.niagads.org/) that are from a previous GWAS of EAs conducted by the International Genomics Disease@MESH:D000544 Project (IGAP) including 5,813 Disease@MESH:D000544 cases and 20,474 controls after excluding the ADGC datasets were used in Stage 2 follow-up analyses (Supplementary Table 1)", "type": "paragraph"}, {"sent": "The primary analysis was a single GWAS including all discovery datasets. Analyses were performed separately for each dataset and the results were pooled sequentially, first within ethnic groups and then across ethnic groups. The minimum detectable genotype relative risk for EAs range from 1.16 for MAF=0.5 to 1.73 for MAF=0.01. The corresponding ranges for AAs and JPN are 1.40-2.69 and 1.74-3.78, respectively. GRRs of <5 are not detectable with 80% power in the small IA sample. However, the goal of this study was not for novel discovery within ethnic groups but rather in the total transethnic sample. Prompted by findings of previous studies, we also conducted separate GWAS in subgroups of subjects who have or lack an Gene@348 epsilon4 allele. We also applied a complementary approach for assessing a differential effect of association by Gene@348 genotype by evaluating association of Disease@MESH:D000544 with an interaction of SNP and epsilon4 status", "type": "paragraph"}, {"sent": "Within each dataset, genome-wide association analyses were conducted using more than 7 million imputed SNPs in the total sample, as well as in subgroups of subjects with and without the Gene@348 epsilon4 allele, using regression models including age, sex, the first three PCs. An additive effect of a SNP was included in the model as a quantitative estimate between 0 and 2 representing the probability score of the effect allele to incorporate the uncertainty of the imputation estimates. Models were evaluated using a logistic generalized linear model in case-control datasets and a logistic generalized estimating equation in family-based datasets. We also evaluated models including a term for the interaction of the SNP dosage with the Gene@348 epsilon4 status and models among subgroups stratified by Gene@348 epsilon4 status. Results for each model across datasets were combined by meta-analysis separately within each ethnic group using a fixed-effects, inverse-variance weighted meta-analysis in the METAL program. SNPs with a minor allele frequency >=1% and imputation quality>=0.4 that were available in at least 50% of the datasets were included in the meta-analysis. The meta-analysis P-value for association was estimated by the summarized test statistic, after applying genomic control within each individual study. Meta-analysis was also conducted using Han and Eskin's modified random effects model (RE-HE) that is optimized to detect associations under effect heterogeneity, as implemented in METASOFT. This model has similar power to the fixed effects model when heterogeneity is modest, e.g., when the standard deviation of the different ethnicities log odds ratios is <=0.5 times the mean log odds ratio, but has better power than the fixed effects model for substantial heterogeneity. Thus, we do not expect the RE-HE model to produce substantially different results from the fixed effects model unless substantial heterogeneity among ethnicities exists", "type": "paragraph"}, {"sent": "We conducted genome-wide gene-based tests using ethnic-specific association results from SNP-based tests. Intragenic SNPs and SNPs within 30 kilobases (kb) of transcription start and stop sites were included in each gene-based test. We used the GATES method, which computes a gene-based P-value using SNP-based p values and SNP-SNP correlations by penalizing lack of association in correlated SNPs. Ethnic-specific gene-based results for EA, AA, JPN, and IA groups were combined using the sample-size weighted Z-score method in METAL assuming the same direction of effect", "type": "paragraph"}, {"sent": "In Stage 2, we attempted to replicate Stage 1 top-ranked SNP-based (Gene@4790) results and validate gene-based (Gene@4820) results from each ethnic subgroup. Previously known Disease@MESH:D000544 genes were evaluated in Stage 2 only when both SNP-based and gene-based P values met threshold criteria for follow up. These analyses incorporated summarized results for the Stage 2 ADGC datasets and previously reported results for IGAP datasets excluding those from the ADGC that are described in Supplementary Table 1. The genome-wide significance threshold was set at P<5x10-8 for individual SNPs and P<2x10-6 for gene-based tests in the Stage 1+2 analyses", "type": "paragraph"}, {"sent": "There was little evidence for genomic inflation in SNP-based GWA results in the total sample with main effect (lambda=1.02) and interaction effect of a SNP with Gene@348 epsilon4 status on Disease@MESH:D000544 risk (lambda=1.02), as well as in Gene@348 epsilon4+ subjects (lambda=0.99) and Gene@348 epsilon4- subjects (lambda=0.99) (Supplementary Fig. 1). In the total sample, we confirmed genome-wide significant (GWS) association (p<5x10-8) with SNPs in several previously implicated Disease@MESH:D000544 loci including Gene@1378, Gene@274, Gene@2185, Gene@2206/Gene@64231, Gene@8301 (Supplementary Table 2, Supplementary Fig. 2). GWS association was also observed with SNPs in Gene@4782 and Gene@5581 through interaction with Gene@348 (Supplementary Fig. 2B) and with SNPs between USP6N and Gene@79746 among subjects lacking Gene@348 epsilon4 (Supplementary Fig. 2D). Top-ranked SNPs in EA for Gene@8301, Gene@6653, and Gene@10347 had strong support for association in Japanese, whereas the top-ranked SNPs in Gene@1378, Gene@274, and Gene@2041 were consistently associated in EA and AA (Supplementary Table 2). In contrast, the effect direction was significantly opposite in EA versus AA for Gene@51314, Gene@10347, and Gene@57091 SNPs (Supplementary Table 2). A total of 35 SNPs from nine novel loci met criteria for follow up in Stage 2 (Supplementary Table 3). Extensive evaluation of SNPs from the Gene@348 region across the different ethnic groups demonstrated that only the Gene@348 epsilon2 SNP (Mutation@rs7412) remained genome-wide significant among Gene@348 epsilon4- subjects (Supplementary Table 4), confirming our prior observation that Gene@348 accounts for all association signals in this region. SNPs in other loci showed suggestive evidence for association (P<10-6) in EAs or AAs (Supplementary Table 5), but these results were much less significant in the transethnic meta-analyses. Analysis of models including an interaction term for each SNP with Gene@348 epsilon4 status identified a GWS significant interaction (interaction: P = 1.5x10-8) for Gene@4782 SNP Mutation@rs9749589 (Table 1). This SNP appeared protective in epsilon4+ subjects (OR=0.83, P=6.4x10-6) but slightly increased risk of Disease@MESH:D000544 in epsilon4- subjects (OR=1.11, P=6.0x10-3) (Supplementary Table 6)", "type": "paragraph"}, {"sent": "In the combined Stage 1+2 sample, GWS association was observed with SNPs in several previously established Disease@MESH:D000544 loci (Gene@1378, Gene@274, Gene@2185, Gene@51338, and Gene@8301) (Supplementary Fig. 3, Supplementary Fig. 4). Follow-up of the 35 SNPs from novel loci in Stage 2 revealed nominally significant associations for nine SNPs in Gene@5201/Gene@1839, Gene@9712/Gene@79746, and Gene@9256-Gene@5729 (Supplementary Table 6). In the combined Stage 1+2 sample, GWS association was attained with two intergenic SNPs between Gene@5201 and Gene@1839 (best SNP: Mutation@rs11168036, P=7x10-9), six intergenic SNPs between Gene@9712 and Gene@79746 (best SNP: Mutation@rs7920721, P=3x10-8), Gene@9256-Gene@5729 SNP Mutation@rs2632516 (P=4x10-8) (Table 1, Fig. 1, Supplementary Table 6). Analyses of models that conditioned on the top SNP at the Gene@5201/Gene@1839, Gene@9712/Gene@79746, and Gene@9256-Gene@5729 loci confirmed a single association signal in each region (Supplementary Fig. 5). The significant interaction between Gene@4782 SNP Mutation@rs9749589 and epsilon4 status in Stage 1 was not significant in Stage 2 (P=0.2), however the magnitude and direction of effect was the same and the interaction P value in the total sample was not diminished (Table 1, Fig. 1). These GWS associations, except for Mutation@rs7920721, were supported by evidence in multiple ethnic groups (Fig. 2). Further evaluation of the Stage 1+2 findings revealed that the association with the Gene@9712/Gene@79746 SNPs was exclusive to subjects lacking Gene@348 epsilon4 (e.g., Mutation@rs7920721: epsilon4+, P=0.07, OR=1.05; epsilon4-, P=2.7x10-9, OR=1.14; interaction P = 0.01) and comparable in terms of effect size and direction in the non-European ancestry groups (Supplementary Table 6 and Supplementary Fig. 6). All GWS findings were similar using the METASOFT Han and Eskin modified random effects model (Supplementary Table 7)", "type": "paragraph"}, {"sent": "In Stage 1 analyses, there was strong evidence of association (gene-based Gene@4820) with previously established loci and novel loci in the total sample (Supplementary Fig. 7 and Supplementary Table 8), but only seven known genes (Gene@1378, Gene@274, Gene@2185, Gene@1191, Gene@51338, Gene@8301, and Gene@10347) and one novel one (Gene@7162) were GWS (P<2.7x10-6) in the combined Stage 1+2 sample (Table 2, Supplementary Table 8). Both EAs and AAs contributed to the association with Gene@7162. No additional genes were identified as GWS in interaction models or Gene@348 genotype subgroups", "type": "paragraph"}, {"sent": "In this large transethnic genetic study of Disease@MESH:D000544, we identified robust associations with several novel loci at the individual SNP level (Gene@5201/Gene@1839, Gene@9712/Gene@79746, Gene@9256-Gene@5729 and Gene@4782) and gene level (Gene@7162) in a sample of Disease@MESH:D000544 subjects and cognitively normal elders in cohorts containing whites of European ancestry, African Americans, Japanese, and Israeli-Arabs. Most of these findings are supported by evidence in more than one ethnic group (Fig. 2 and Table 2). Previous GWAS using the EA discovery cohorts in this study did not detect genome-wide significant association with any of these loci, although there was suggestive evidence of association (P>10-7) for the top SNPs in the Gene@5201/Gene@1839 and Gene@9712/Gene@79746 regions in EAs. The other novel genes identified in this study were not previously reported to be associated with Disease@MESH:D000544 in any ethnic groups. The association with SNPs in the Gene@9712/Gene@79746 region was specific to persons lacking the Gene@348 epsilon4 allele. Our study also showed that associations for several genes that have previously been robustly implicated in Disease@MESH:D000544 in Caucasians of European descent (Gene@1378, Gene@274, Gene@2185, Gene@51338, and Gene@8301) were evident in other populations even at the SNP level", "type": "paragraph"}, {"sent": "Gene@1839, heparin EGF like growth factor, has roles in wound healing, Disease@MESH:D006332, and heart development. Although the biological role for this gene in Disease@MESH:D000544 is not obvious, an Gene@15200 knock-out mouse that does not express Gene@15200 in cortex and hippocampus has Disease@MESH:D001523 and Disease@MESH:D003072 that accompany down-regulated NMDA receptors. Another study showed that rats exposed to the pesticide cypermethrin had a reduction of Gene@25433 expression leading to upregulation of Gene@84027-dependent Abeta and phosphorylated tau", "type": "paragraph"}, {"sent": "A recent GWAS demonstrated pleiotrophic effects of SNPs in the Gene@9712/Gene@79746 (including Mutation@rs7920721) and Gene@9256-Gene@5729 loci for Disease@MESH:D000544 and plasma Gene@1401 and lipid levels. The pleiotropy at Gene@9712/Gene@79746 may be related to the association finding at this locus among persons lacking the Gene@348 epsilon4 allele. Gene@9712, ubiquitin specific peptidase 6 N-terminal like, has a role in the Gene@1956 (Gene@1956) signaling pathway by acting as a GTPase-activating protein and inhibiting internalization of Gene@1956. Insight for a role of Gene@9712 may be gained from information about Gene@9098 which regulates ubiquitylation and trafficking of cargo protein by clathrin-independent endocytosis. There is a growing body of evidence from studies in humans and mice supporting a role for clathrin-mediated endocytosis in Disease@MESH:D000544 In addition, the association of the phosphatidylinositol binding clathrin assembly protein (Gene@233489) gene to Disease@MESH:D000544 is well established", "type": "paragraph"}, {"sent": "Gene@79746, Gene@79746, is involved in fatty acid biosynthesis in mitochondria and its expression is increased in patients with Disease@MESH:D009203. It has been observed that ECHD3 expression is altered in brains from persons with Disease@MESH:D000544 compared to controls. Although Mutation@rs7920721 is closer to Gene@79746 than Gene@9712, it is located on Gene@9712 side of a recombination hotspot between these two genes (Fig. 1B). Therefore, we cannot rule out either of these genes, or even one not adjacent to Mutation@rs7920721, as explaining the association signal in this region", "type": "paragraph"}, {"sent": "Gene@9256, benzodiazepine-associated protein 1 (renamed as Gene@706 associated protein 1, Gene@9256), is a subunit of the benzodiazepine receptor complex in mitochondria and a marker of neuroinflammation. A recent prospective cohort study of 8,240 individuals aged 65 years and older showed an increased risk of Disease@MESH:D003704 with use of long half-life benzodiazepines, a drug often prescribed for treatment of Disease@MESH:D001008. A Gene@706 ligand (Ro5-4864) has been shown to reverse beta-amyloid accumulation and Disease@MESH:D001523 in 3xTgAD mice. A recent PET imaging study demonstrated that the change over time of Gene@706 binding to radioligand 11C-PBR28 is correlated with progression of Disease@MESH:D000544", "type": "paragraph"}, {"sent": "The relationship of Disease@MESH:D000544 to the other novel loci identified in this study is less clear. Gene@5201, a prefoldin subunit, is upregulated in Disease@MESH:D015179. Gene@4782 is a CCAAT-binding transcription factor. A study comparing brain gene expression profiles between HIV seropositive individuals with Disease@MESH:D003072 and Disease@MESH:D000544 cases identified Gene@4782 as having significant high co-expression connectivity in white matter. Gene@7162 (Gene@7162), also known as Gene@7162, regulates development of the olfactory bulb GABAgenic interneurons and its overexpression in newborns is associated with abnormal dendrites", "type": "paragraph"}, {"sent": "Our study highlights the benefit of combining results obtained from genetically diverse populations. The transethnic approach applied here identified three novel loci (Gene@9256-Gene@5729, Gene@4782, and Gene@7162) and GWS association for the first time with two other loci (Gene@5201/Gene@1839 and Gene@9712/Gene@79746) noting that the size of the discovery sample in this study was less than 45% of the one included in a previous GWAS that contained more than 74,000 EA subjects. The improved power in our smaller sample can be ascribed to allele frequency differences and allelic heterogeneity among the ethnic groups. As an example highlighting the importance of these differences, the top SNPs from Gene@100506779;9256;5729 and Gene@4782 had different minor allele frequencies across ethnic groups, but the effect sizes were similar and association signals were greater in fixed effect meta-analysis. In addition, gene-based tests, which consider association patterns with all SNPs in the locus, identified Gene@7162. Importantly, the most significant SNPs in these two regions differed among the ethnic groups. Gene-based tests also indicated potential allelic heterogeneity among ethnic groups for previously established Disease@MESH:D000544 genes including Gene@54209 and Gene@10347. The novel GWS SNP associations were robust in analyses allowing for heterogeneity across different ethnic groups, and the P-values for the RE-HE approach were slightly larger than for the fixed effect model, suggesting that the effect size heterogeneity across the groups is modest", "type": "paragraph"}, {"sent": "Our study also revealed that the effect direction for several SNPs vary across ethnic groups. For example, the top-ranked SNPs in Gene@51314, Gene@10347, and Gene@57091 (Supplementary Table 2) were nominally significant in EAs and AAs, but the referent allele was associated with increased risk in one group and decreased risk in the other. One explanation for these differences is that the SNPs are tagging different functional variants across groups. This idea is consistent with our findings from gene-based tests showing that the constellation of variants contributing to the association with some genes was different across ethnic groups. Alternatively, when examining a large number of variants it is expected that a few will show nominal significance in opposite directions among groups", "type": "paragraph"}, {"sent": "There are several limitations associated with our study. The sample size imbalance between the EAs and the other populations weakened the opportunity to identify association patterns that may be unique to the non-EA groups. The small size of the non-EA groups also reduced power to detect novel gene associations if the functional variants (and the SNPs that tag them) differ among ethnic groups. An additional Disease@MESH:D018908 is the lack of replication samples for the non-EA populations. Despite these limitations, our study highlights the importance of investigating the genetic architecture for Disease@MESH:D000544 in ethnically diverse populations", "type": "paragraph"}, {"sent": "Our findings warrant further replication in independent samples, deep sequencing and bioinformatics studies to identify the potentially functional variants, and experimental validation. We expect that additional novel gene discoveries will emerge in future transethnic studies including larger samples from non-European ancestry populations", "type": "paragraph"}, {"sent": "Regional association plots in the combined stage 1 and stage 2 sample including main effects at (A) Gene@5201/Gene@1839, (B) Gene@9712/Gene@79746, (C) Gene@9256-Gene@5729, and (D) SNP*Gene@348 epsilon4 interaction near Gene@4782", "type": "fig_caption"}, {"sent": "Forest plots for by ethnicity and stage for (A) Mutation@rs11168036 atPFDN1/Gene@1839, (B) Mutation@rs7920721 at Gene@9712/Gene@79746, (C) Mutation@rs2632516 at Gene@9256-Gene@5729, (D) Gene@4782 Mutation@rs9749589*Gene@348 epsilon4 interaction", "type": "fig_caption"}, {"sent": "Genome-wide significant results from individual SNP and SNP*Gene@348-epsilon4 interaction tests (P<5x10-8) in transethnic meta-analysis", "type": "table_caption"}, {"sent": "Genome-wide significant results (p<2.7x10-6) from gene-based tests in Stage 1+2", "type": "table_caption"}, {"sent": "Systematic review: We reviewed previously published genome-wide association studies (GWAS) for late onset Disease@MESH:D000544 (Disease@MESH:D000544) including reports for non-white populations. Few GWAS have been conducted in populations of non-white European ancestry", "type": "paragraph"}, {"sent": "Interpretation: Transethnic meta-analysis of GWAS results for whites of European Ancestry, African Americans, Japanese, and Israeli-Arabs identified novel genome-wide significant associations with SNPs in Gene@5201/Gene@1839, Gene@9712/Gene@79746, and Gene@9256-Gene@5729, and with Gene@7162 using a gene-based test. These findings further our understanding of the genetic basis of Disease@MESH:D000544 and provide insight about mechanisms leading to Disease@MESH:D000544", "type": "paragraph"}, {"sent": "Future directions: These results should be confirmed in independent samples including subjects from the same ethnic populations and tested in populations of other genetic backgrounds. DNA sequencing studies are needed to identify the functional variants in these genes and their biological roles in Disease@MESH:D000544 should be determined experimentally", "type": "paragraph"}]}