{"sentences": [{"sent": "Gene@2064-positive Disease@MESH:D001943 is a subtype of interest regarding its outcome and the impressive impact of Gene@2064 targeted therapy. Constitutional variants may be involved in the aetiology of human Gene@2064-positive Disease@MESH:D001943, and we propose a case-case study to test the hypothesis that single nucleotide polymorphisms may be associated with human Gene@2064 status. A Genome-Wide Association Study was used in a cohort of 9836 patients from the SIGNAL/PHARE study (NCT00381901-RECF1098). The main goal was to identify variants specifically related to Gene@2064-positive Disease@MESH:D001943. A two-staged genotyping strategy was carried out to cover as large a proportion of the genome as possible. All subjects were genotyped using the Illumina HumanCore Exome chip set. Principal Components Analysis and k-means were then used to characterize the ancestry of the participants. A random sample of subjects from the main \"European\" cluster was genotyped with the Omni5 chip set. These data were then used to impute missing genotypes from the remaining subjects genotyped only using the HumanCore Exome array. From the 9836 patients, a total of 8703 cases including 3230 patients with human Gene@2064-positive Disease@MESH:D001943 were analyzed. Despite having 80% power to detect an odds ratio of 1.23 in this population, no variant achieved genome-wide significance for association with the occurrence of Gene@2064-positive Disease@MESH:D001943 vs. any other subtype of Disease@MESH:D001943. Our study was unable to identify constitutional polymorphisms that are strongly associated with human Gene@2064-positive status among Disease@MESH:D001943 patients", "type": "abstract"}, {"sent": "A large gene-finding study failed to identify any hereditary factors linked to Gene@2064 expression among women with Disease@MESH:D001943. A team in France led by Xavier Pivot from the University Hospital Center of Besancon, France, analyzed more than 500,000 single DNA letters from a cohort of 8703 patients with Disease@MESH:D001943, 3230 of whom had Disease@MESH:D009369 with high expression of Gene@2064 (Gene@2064) and are thus treated with for anti-Gene@2064 targeted therapies. The researchers searched for DNA variants associated with Gene@2064 status, but none reached the threshold for statistical significance. The findings reveal a high level of genetic diversity in women with Disease@MESH:D001943 and suggest that Gene@2064 amplification may have more to do with the intrinsic nature of the Disease@MESH:D009369 than with the genetics of the patient", "type": "abstract"}, {"sent": "Genetic polymorphisms have now been firmly established with respect to Disease@MESH:D001943 risk. Clinical observations and epidemiological studies have suggested that some types of Disease@MESH:D001943 may be influenced by hereditary factors. For example, it is well known that carries of mutations in Gene@672;675 are less likely to exhibit human Gene@2064 (Gene@2064)-postive Disease@MESH:D001943. Gene@2064-positive Disease@MESH:D001943 are defined by the amplification and/or overexpression of the human Gene@1956 (Gene@2064/Gene@2064) gene at chromosomal region 17q12", "type": "paragraph"}, {"sent": "This subtype of Disease@MESH:D001943 is of interest in terms of outcome as anti-Gene@2064-targeted therapies, particularly trastuzumab (Herceptine), have represented a breakthrough in their treatment. Further understanding of the mechanism(s) related to Gene@2064 amplification may lead to the development of new therapeutic targets", "type": "paragraph"}, {"sent": "Unfortunately, the mechanism of occurrence of Gene@2064-positive status remains unknown, and is potentially an event that occurs after Disease@MESH:D009369. The model of polymorphisms related to telomere length illustrates the possible influence of constitutional variants on somatic changes. A potential hypothesis for Gene@2064 amplification involves pathways related to non-homologous or other forms of DNA repair mechanisms in the occurrence and fixation of Gene@2064 amplification during the course of Disease@MESH:D009369 development. For the past decade, Disease@MESH:D009369 have been classified as a subtype of Disease@MESH:D001943. The hypothesis for the existence of variants predisposing to the occurrence of such Gene@2064 amplification Disease@MESH:D001943 is plausible", "type": "paragraph"}, {"sent": "In this context, a Genome-Wide Association Study (GWAS) was carried out in a clinical cohort of over 9836 women from the French nationwide SIGNAL/PHARE study. The main goal of this study was to use a case-case GWAS design to identify variants associated with Gene@2064-positive status as opposed to other types of Disease@MESH:D001943. In addition, somatic genetic analysis of a subset of Gene@2064 positive Disease@MESH:D001943 in this study were also conducted by the French Institut National of Disease@MESH:D009369 (INCa) in the framework of the International Disease@MESH:D009369 Genomic Consortium.", "type": "paragraph"}, {"sent": "From the 9836 patients in the SIGNAL/PHARE population, some cases were excluded. Four hundred seventy-one patients failed DNA extraction. Five hundred fifty-one subjects were outside of the main European population cluster, and 85 lacked sufficient clinical data. A total of 8703 patients including 3230 patients with Disease@MESH:D001943 were analyzed", "type": "paragraph"}, {"sent": "All subjects were genotyped using the Illumina HumanCore Exome chip set. A total of 9365 subjects were submitted for genotype analyses (Fig. 1). No subjects were removed due to poor genotyping performance (>95% success). A total of 8971 subjects (94.4%) had greater than 99% genotype success rate. During the PCA analyses, 26 pairs of individuals with identity by state >30% (suggesting a cryptic relatedness) were described, and only one member of each pair (the one with the greatest SNP completion rate) was included. HapMap subjects were included in PCA analyses in order to provide scale and points of reference for European, African, and Asian clusters (supplementary figure 1). Therefore, the choice was made to genotype all subjects not belonging to the main \"European\" cluster (N = 551), and a random sample of 1449 subjects from the main \"European\" cluster (N = 8788) with the Omni5 chip set (supplementary Fig. 2 and 3).", "type": "paragraph"}, {"sent": "Manhattan plot of associations between SNPs and Gene@2064 status. Association testing has been carried out using the additive model and logistic regression using the ProbABEL function. Models were corrected for the first two principal components and age at diagnosis. The blue horizontal line represents the arbitrary 1.0 x 10-5 threshold, while the red horizontal line corresponds to the empiric threshold of 1.48 x 10-7 as calculated using simpleM followed by Bonferroni correctio", "type": "fig_caption"}, {"sent": "Quantile-Quantile plot of p-values from the GWAS of Gene@2064 status. Analyses from 8703 patients, 3230 of whom are Gene@2064-positive, are represented. 914144 variants were included in these analyses. The gray area highlights the zone of potentially associated variant", "type": "fig_caption"}, {"sent": "LocusView 1 plot of SNP with the strongest association with Gene@2064 status. Adjusted for age and the two first component of the PC", "type": "fig_caption"}, {"sent": "In this population, no variant achieved genome-wide significance for association with the occurrence of Gene@2064-positive Disease@MESH:D001943 vs. other subtypes of Disease@MESH:D001943 (luminal and triple-negative, Figs. 2 and 3). The most significant SNP was Mutation@rs68130068 at 3.6 10-6 value on chromosome 2 (Fig. 4).  ", "type": "paragraph"}, {"sent": "The present study is the first of its size and completeness aimed to search for genetic variants associated with Gene@2064-positive Disease@MESH:D001943 using a case-case design. We have decided to use a case-case design under the assumption that Gene@2064 amplification is a secondary event, occurring after Disease@MESH:D009369. Under this assumption, comparing Gene@2064-positive to Gene@2064-negative Disease@MESH:D001943 cases would provide insights into the mechanisms of Gene@2064 amplification, conditional on the presence of primary Disease@MESH:D001943", "type": "paragraph"}, {"sent": "Single SNP analyses yielded no genome-wide significant associations despite a sample size providing a high degree of statistical power. Previous studies used case-only analysis to examine associations between known Disease@MESH:D001943 risk SNPs and Disease@MESH:D001943 sub-types. None of the variants studied showed any associations with p-values below 0.01. This is the first GWAS study, to our knowledge, with nearly 10,Disease@MESH:D001943 cases specifically designed to study Disease@MESH:D001943 in a case-cohort setting. The next steps of SIGNAL/PHARE study will be to search for constitutional variants associated with treatment efficacy taking into account the competing risks related to well-established prognostic factors for survival endpoints, as well as constitutional variants linked to safety, in particular Disease@MESH:D066126 induced by trastuzumab", "type": "paragraph"}, {"sent": "Of interest, somatic sequencing showed that Gene@2064-positive Disease@MESH:D001943 is a heterogeneous group, and Gene@2064 amplification is found in all Disease@MESH:D001943 subtype profiles. Gene@2064-positive Disease@MESH:D001943 do not per se represent a homogeneous subtype, but are actually distributed along the whole Disease@MESH:D001943 spectrum, from oestrogen receptor-positive luminal to oestrogen receptor-negative basal phenotype, with genome alterations in accordance with these phenotypes. The knowledge regarding the heterogeneity of Gene@2064 amplification across the spectrum of Disease@MESH:D001943 subtypes may explain, in part, the lack of genetic variants related to occurrence of Disease@MESH:D001943. Conversely, the lack of genetic determinant(s) for Gene@2064 Disease@MESH:D001943 reinforces the conclusions of Ferrari et al.", "type": "paragraph"}, {"sent": "Somatic sequencing of Gene@2064-positive Disease@MESH:D001943 supports the idea that the intrinsic heterogeneity observed reflects their cell of origin, suggesting that the Gene@2064 amplification is an embedded event in the natural history of these Disease@MESH:D009369. Heterogeneity in outcomes also limits power in GWAS studies. The aetiological heterogeneity related to the emergence of Gene@2064-positive status could explain, at least in part, the lack of observed associations between polymorphisms and Gene@2064-positive status", "type": "paragraph"}, {"sent": "PHARE was a randomized phase 3 clinical trial comparing 6-month and 12-month adjuvant trastuzumab exposures (NCT00381901) and included a subset of 1430 Gene@2064-positive Disease@MESH:D001943 cases with germline DNA available for GWAS analyses. SIGNAL was a prospective cohort specifically designed for GWAS analyses of early Disease@MESH:D001943 patients, enrolled at the time of their adjuvant chemotherapy from June 2006 to December 2013 (RECF1098, www.e-Disease@MESH:D009369.fr)", "type": "paragraph"}, {"sent": "As both studies were carried out simultaneously in the same base population, they can be combined as a large observational clinical cohort. Clinical and pathological data were prospectively provided directly from the patients' medical teams using standardized forms, and centralized at INCa. All patients provided a blood sample, which was centralized at the Fondation Jean Dausset-Centre d'Etudes du Polymorphisme Humain (CEPH) in Paris, France, for DNA extraction using standard protocols. Genotyping was carried out at the Centre National du Genotypage (CNG) in Evry, France", "type": "paragraph"}, {"sent": "INCa was the sponsor and the funding source. The sponsor validated the study as designed by the trial's steering committee as well as subsequent amendments. The sponsor organised data collection. Data were analysed and interpreted by the committee, independently from the sponsor. All authors of the present manuscript are members of the committee and had access to the raw data. Both studies were approved by the Franche-Comte central ethical committee on May 15, 2006 and January 26th 2009 and declared to the Competent Authority on November 6th 2008. Furthermore, the informed consent was in conformity with the French regulation for genetic studies as well as with the principles of Good Clinical Practice and the Declaration of Helsinki and all patients signed the informed consents", "type": "paragraph"}, {"sent": "Eligibility criteria for both SIGNAL and PHARE included the following: female patients over 18 years of age (range 21.8-90.9, median 53.7 years), with histologically confirmed Disease@MESH:D001943. Additionally, patients in PHARE needed to have pathologically confirmed Disease@MESH:D001943, and adequate (>50%) left ventricular ejection fraction to continue after 2 months of trastuzumab treatment. Patients must have received (neo) adjuvant chemotherapy and/or breast-axillary surgery before recruitment, and signed informed consent. Gene@2064 status was determined as part of the patient's standard care, independent of our observational study, by a certified local laboratory using immunohistochemistry or fluorescence in situ hybridization. To be eligible for the observational study SIGNAL, patients enrolled in clinical trials with trastuzumab (i.e., PHARE) but no other experimental Gene@2064-targeted therapies were allowed to participate. Other clinical characteristics were determined from pathology reports collected at the time of inclusion in the study. Blood samples were collected during routine clinical visits by trained, certified technicians on EDTA and Citrate, and shipped via courier to the CEPH. Plasma and buffy-coat were isolated from EDTA after centrifugation at 1600 g for 10 min at 4  C. DNA was extracted from buffy-coat using salting out protocols on the Autopure LS (Qiagen) provided by the manufacturer. DNA concentrations were measured using \"PicoGreen dsDNA reagent\" (Life Technologies). DNAs were diluted sequentially using TE 10:1 to obtain concentrations normalized at 100 ng/mul. DNA samples are stored at -80  C", "type": "paragraph"}, {"sent": "A two-staged genotyping strategy was carried out to cover as large a proportion of the genome as possible. Briefly, all subjects were genotyped using the Illumina HumanCore Exome chip set, composed of ~264,000 variants as a GWAS backbone and ~244,000 variants centered on known coding genes. Replicate samples were included across genotyping plates, and yielded greater than 98% genotype concordance across plates. SNPs with >5% missing data, a Hardy-Weinberg p-value < 0.001, or a minor allele frequency <0.1%, or that were present in duplicate or triplicate were excluded from further analysis. Principal Components Analysis, where the first two vectors were used to define sample populations, and k-means were then used to characterize the ancestry of the participants. These analyses were conducted using the EIGENSTRAT program of the smartpca.perl package, followed by k-means clustering using the kmeans function of the NbClust package in R. Data on HapMap subjects samples (release 28) were included in order to provide scale and points of reference for European, African, and Asian clusters. Polymorphisms that overlap both our data and HapMap were used for PCA. Our original analysis plan and budget allowed for genotyping 2000 subjects using the Omni5 chip set, composed of over 4,000,000 variants. We therefore chose to genotype a random sample (using a random number generator in R) of subjects from the main \"European\" cluster with the Omni5 chip set for imputation. To reduce the potential for residual population stratification, only samples from the main cluster of European individuals were included in the present analysis. These data were then used to impute missing genotypes from the remaining subjects genotyped only using on the HumanCore Exome array", "type": "paragraph"}, {"sent": "Omni5 data were filtered based on HWE, and SNP and sample completion rates, as for the HumanCore Exome data. Furthermore, in order to perform imputation, only SNPs with data available for all individuals were retained. Both the HumanCore Exome and Omni5 data were prephased using MaCH1. The Omni5 data were used as the reference, and HumanCore Exome data were imputed to this reference using Minimac3. Imputed SNPs with a Hardy-Weinberg p-value below 0.001, no map position, present multiple times on the chip, from the Y chromosome, were monomorphic, were poorly imputed (Q < 30%), and with a minor allele frequency <1% were further filtered from analyses", "type": "paragraph"}, {"sent": "Association testing was carried out through logistic regression using probABEL, comparing the additive model of genotype distribution between clinically confirmed Gene@2064-positive and Gene@2064-negative Disease@MESH:D001943 patients. Models were adjusted for the first two principal components from the PCA, and age at diagnosis. Genome-wide significance levels were estimated using the effective number of tests based on linkage disequilibrium between all markers used in our population through the SimpleM program in R. The number of effective markers is estimated at 345,906, corresponding to a Bonferroni-corrected p-value threshold of 1.48 x 10-7. Given this threshold, the study has greater than 80% power to detect a per-allele odds ratio of 1.23 for polymorphisms with a minor frequency of 30%. Power was calculated using real numbers of subjects from our study using a case-control design under the additive model in the Quanto program V1.2.4", "type": "paragraph"}, {"sent": "The funding source validated the studies as designed by the trials' steering committee as well as subsequent amendments. The sponsor organized data collection (C.F.M., I.P., F.C.). DNA extraction was carried out by the Fondation Jean Dausset-CEPH (H.B., M.S.) and genotyping was perfomed by CNG (J.F.D., A.B., D.B., C.B.). Data analysis was carried out by independent academic statisticians (A.R., D.C.). Data were interpreted and manuscript revised by the trial's steering committee (X.P., G.R., P.F., M.R., H.B., T.B., P.S., C.J., H.B., T.P., I.T., D.A., M.C.M., J.P.J., S.L.D., A.D.J., J.M.F., C.T., C.L., V.D., V.T.L., O.C., J.M., J.Y.P., C.A., P.K., I.P., G.T., D.C., H.B., M.S., A.B., D.B., C.B., A.R., J.F.D.) independently from the sponsor. X.P., I.P., and D.C. had access to the raw data. The corresponding author had full access to all of the data and had the final responsibility to submit for publication", "type": "paragraph"}]}