{"sentences": [{"sent": "There have been a number of candidate gene association studies of Disease@MESH:D002100-related traits, but no genome-wide association study (GWAS) has been published to date. Disease@MESH:D002100 presents in patients with a number of complex traits, including both Disease@MESH:D009369 and Disease@MESH:D029424. The objective of the current investigation was to search for a shared genetic aetiology for change in body mass index (DeltaBMI) among Disease@MESH:D009369 and Disease@MESH:D029424 by using GWAS data in the Framingham Heart Study", "type": "abstract"}, {"sent": "A linear mixed effects model accounting for age, sex, and change in smoking status was used to calculate DeltaBMI in participants over 40 years of age with three consecutive BMI time points (n = 4162). Four GWAS of DeltaBMI using generalized estimating equations were performed among 1085 participants with a Disease@MESH:D009369 diagnosis, 204 with Disease@MESH:D004067, 112 with Disease@MESH:D008175, and 237 with Disease@MESH:D029424 to test for association with 418 365 single-nucleotide polymorphisms (SNPs)", "type": "abstract"}, {"sent": "Two SNPs reached a level of genome-wide significance (P < 5 x 10-8) with DeltaBMI: (i) Mutation@rs41526344 within the Gene@152330 gene, among Disease@MESH:D029424 cases (beta = 0.13, P = 4.3 x 10-8); and (ii) Mutation@rs4751240 in the gene Gene@1793 (Gene@1793) among Disease@MESH:D009369 cases (beta = 0.10, P = 1.9 x 10-8). The Gene@1793 SNP association replicated in the DeltaBMI GWAS among Disease@MESH:D029424 cases (beta meta-analyis = 0.10, P meta-analyis = 9.3 x 10-10). The Gene@1793 gene codes for the Gene@1793 protein, which has a role in myoblast fusion", "type": "abstract"}, {"sent": "In sum, one statistically significant common variant in the Gene@1793 gene was associated with DeltaBMI in Disease@MESH:D009369 and Disease@MESH:D029424 cases providing support for at least partially shared aetiology of DeltaBMI in complex diseases", "type": "abstract"}, {"sent": "Despite the success of genome-wide association studies (GWASes) at identifying thousands of associations with hundreds of complex diseases and traits,1 there has been no published GWAS investigating a Disease@MESH:D002100-related trait. Although there have been a number of published candidate-gene association studies investigating Disease@MESH:D002100-related traits (reviewed in Refs2, 3), candidate-gene association studies are limited to known biology and do not take advantage of the agnostic, hypothesis-free approach of genome scans. Thus, the Disease@MESH:D002100 community would benefit from GWASes in order to discover new genes and pathways involved in the aetiology of Disease@MESH:D002100", "type": "paragraph"}, {"sent": "Body mass index (BMI) is a highly heritable cross-sectional measure that is frequently employed to monitor changes in body composition in epidemiological studies. Over 100 genetic loci have been associated with BMI.4, 5 Changes in BMI (DeltaBMI) have also been shown to be heritable with estimates ranging from 0.14 to 0.86.6, 7 At one end of the BMI spectrum, Disease@MESH:D009765 is a known risk factor for a number of complex diseases. At the other end of the spectrum, patients who lose weight are also at increased risk of mortality, which is the impetus for investigating muscle wasting and Disease@MESH:D002100.8 Disease@MESH:D002100 can be characterized in part as a rapid change in weight, including loss of fat-free muscle, as part of the pathology of an illness.8 Disease@MESH:D002100 is often thought of with respect to Disease@MESH:D009369; however, it occurs in patients suffering from many chronic, complex diseases, including chronic Disease@MESH:D008173 (Disease@MESH:D029424), Disease@MESH:D006333, Disease@MESH:D000163, and Disease@MESH:D003550, among others.8, 9 In fact, the number of Disease@MESH:D029424 patients with Disease@MESH:D002100 was recently estimated to be 1.4 times higher than the number of Disease@MESH:D009369 patients with Disease@MESH:D002100.10 Regardless of the primary complex disease diagnosis, Disease@MESH:D002100 is associated with poor prognosis and an increased burden on the healthcare system.8, 11", "type": "paragraph"}, {"sent": "In the current report, we begin to fill the gap in reported GWASes investigating Disease@MESH:D002100-related traits. We analysed genetic data available via public access (dbGaP) from the Framingham Heart Study (FHS).12 In the current manuscript, we integrated data from GWAS of DeltaBMI in Disease@MESH:D009369 and Disease@MESH:D029424 cases to search for overlapping genetic variants", "type": "paragraph"}, {"sent": "Ethics approval was obtained for the proposed analyses from the Brigham and Women's Hospital Institutional Review Board and has been performed in accordance with the ethical standards laid down in the 1964 Declaration of Helsinki and its later amendments. Phenotype and genotype data from FHS were used in the analyses. The FHS is a longitudinal population-based study of individuals from Framingham, MA.12 FHS genotype and phenotype data were downloaded through authorized accession obtained from National Institutes of Health Data Access Committee of dbGaP phs000007.v16.p6. Genotype data from the Affymetrix 500 k mapping array plus the Affymetrix 50 k supplemental array (phs000342.v4.p6) were used in the analyses", "type": "paragraph"}, {"sent": " Figure 1A depicts a flowchart illustrating the number of subjects included in the analyses with genotype, DeltaBMI, and additional phenotype (Disease@MESH:D009369 and/or Disease@MESH:D029424 diagnoses). Using the FHS data, DeltaBMI was calculated by using the last three consecutive time points (~2-4 years apart) for individuals over 40 years of age who participated in the Original and Offspring Cohorts by using a random slope and intercept linear mixed effects model accounting for age, sex, and change in smoking status as fixed effects. Disease@MESH:D029424 diagnosis was generated by using spirometry13 reported at visits 16, 17, and 19 in the Disease@MESH:D014717 and visits 5, 6, 7, and 8 in the FHS Offspring Cohort. An individual was coded as having Disease@MESH:D029424 if they had at least two moderately obstructed (or worse) spirometry tests (FEV1 < 80% and FEV1/FVC < 0.7) that did not improve at a later visit (n = 344). An individual was coded as having any Disease@MESH:D009369 if they reported a Disease@MESH:D009369 diagnosis as coded with SEER ICD-O topography (TOPO) codes at any time during the study (n = 1085). Please see Table S1 for specific details on the TOPO codes used. Overall, 4162 participants had information to calculate DeltaBMI and genotype data. Of these, 1085 had a Disease@MESH:D009369 diagnosis, 344 had Disease@MESH:D029424 based on lung function, 204 had a Disease@MESH:D009369 diagnosis, and 112 had a Disease@MESH:D008175 diagnosis. A total of 237 Disease@MESH:D029424 cases did not also have a concurrent Disease@MESH:D009369 diagnosis based on TOPO codes", "type": "paragraph"}, {"sent": "(A) Flowchart of number of subjects included in analyses with genotype, change in body mass index and additional phenotype data. (B) Venn diagram representing overlap between all subjects with change in body mass index, Disease@MESH:D009369, and Disease@MESH:D029424 diagnoses. Counts are based on the number of participants with genotype data and change in body mass index variable", "type": "fig_caption"}, {"sent": "Genotyping quality control procedures were used to ensure high-quality data for association testing. The Affymetrix 500 k and 50 k data were cleaned separately and then combined prior to association testing. Briefly, DNA samples were excluded if missing more than 3% of genotypes, if reported familial relationships did not agree with those estimated from the genotypes, exhibited excess heterozygosity or homozygosity, or were outliers by using principal components analysis to detect population substructure. Single-nucleotide polymorphisms (SNPs) that failed genotyping in more than 5% of the samples or with Hardy-Weinberg equilibrium P-values less than 1 x 10-7 were removed. SNP analyses were restricted to autosomal variants with minor allele frequencies greater than 5%. A total of 4 GWAS (within Disease@MESH:D029424, all Disease@MESH:D009369, Disease@MESH:D008175, and Disease@MESH:D009369 subjects) were performed by using generalized estimating equations accounting for family structure in FHS to test for association between 418 365 SNPs and DeltaBMI by using the R library GWAF.14 All GWAS findings were further adjusted by using genomic control to control for population substructure.15 Meta-analyses were performed between independent samples from Disease@MESH:D009369 cases and Disease@MESH:D029424 cases without Disease@MESH:D009369, assuming a fixed effects model by using metal software.16 Meta-analysis results with P heterozygosity < 0.1 were excluded. Regional association plots were generated by using LocusZoom.17 HaploReg Gene@28783 was used to assess the relationship between significant GWAS SNPs and epigenomic annotations in cell types from the Roadmap Epigenomics and ENCODE projects.18 The results with P < 5 x 10-8 were considered statistically/genome-wide significant (GWS) accounting both for the number of variants tested and the linkage disequilibrium (LD) structure of the genome.19, 20", "type": "paragraph"}, {"sent": "Only subjects over the age of 40 with at least 3 consecutive BMI measurements in FHS were considered for the analyses. There was some overlap in Disease@MESH:D009369 and Disease@MESH:D029424 diagnoses in the population (Figure 1B). Among FHS participants who had a Disease@MESH:D029424 diagnosis, 107 (31.1%) also reported a Disease@MESH:D009369 diagnosis of which 18 (5.2%) had Disease@MESH:D009369 and 26 (7.6%) had Disease@MESH:D008175. In the current genetic analysis, Disease@MESH:D029424 cases with a Disease@MESH:D009369 diagnosis were excluded from the Disease@MESH:D029424 DeltaBMI GWAS to create an independent case population for meta-analyses", "type": "paragraph"}, {"sent": " Table 1 summarizes the characteristics of Disease@MESH:D009369 and Disease@MESH:D029424 cases from the FHS included in the analyses. A total of 4162 FHS participants over the age of 40 at baseline BMI measurement had three consecutive time points available to generate DeltaBMI. Among these FHS participants, 237 had Disease@MESH:D029424 based on spirometry without concurrent reported Disease@MESH:D009369 diagnoses, 1085 had some Disease@MESH:D009369 (except Disease@MESH:D012878), 204 had Disease@MESH:D009369, and 112 had Disease@MESH:D008175 (Figure 1). The percentage of men was comparable between the Disease@MESH:D029424 cases and the total subset with DeltaBMI, whereas there were more men with a Disease@MESH:D009369 diagnosis in the FHS data than total subset with DeltaBMI (Table 1). The Disease@MESH:D008175 population had the highest percentage of men (57.1%). Baseline BMI was comparable between the total FHS with DeltaBMI, Disease@MESH:D029424, and Disease@MESH:D009369 subsets. The FHS participants with a Disease@MESH:D009369 diagnosis were older (median: 66 years) than those with Disease@MESH:D029424 without Disease@MESH:D009369 (median: 61 years) and the collective FHS population with DeltaBMI (median: 62 years). The Disease@MESH:D009369 case subset had the oldest median baseline age of 69 years (Table 1). The follow-up time was comparable among the Disease@MESH:D029424, Disease@MESH:D009369, and total populations with DeltaBMI (follow-up time range: 7-9 years). Overall, most participants' BMI increased slightly (median DeltaBMI: 0.01) during the interval used to evaluate BMI. On average, the Disease@MESH:D029424 population's BMI increased the most (median DeltaBMI: 0.03), and the Disease@MESH:D009369 population was the only population that lost BMI overall (median DeltaBMI: -0.02)", "type": "paragraph"}, {"sent": "Characteristics of Disease@MESH:D009369 and Disease@MESH:D029424 cases in Framingham Heart Study used in analyse", "type": "table_caption"}, {"sent": "The quantile-quantile and Manhattan plots summarizing the results from the individual DeltaBMI GWASes among Disease@MESH:D009369 and Disease@MESH:D029424 cases are presented in Figures S1-S4. All SNP results with suggestive associations (P < 5 x 10-5) are presented in Tables S2-S5. No SNP reached a level of GWS (P < 5 x 10-8) in the GWAS of DeltaBMI among all Disease@MESH:D009369 cases (Figure S1). However, two SNPs achieved GWS with DeltaBMI separately among Disease@MESH:D029424 or Disease@MESH:D009369 cases. More specifically, Mutation@rs41526344, within the Gene@152330 gene, was significantly associated with DeltaBMI among Disease@MESH:D029424 cases (beta = 0.13, P = 4.3 x 10-8). Gene@152330 codes for Gene@152330, a neuronal network axon-associated cell adhesion molecule implicated in the genetics of Disease@MESH:D001523.21 Further, Mutation@rs4751240 was significantly associated with DeltaBMI among Disease@MESH:D009369 cases (beta = 0.10, P = 1.9 x 10-8) and is located within the Gene@1793 (Gene@1793) gene, which codes for the Gene@1793 protein and has a role in myoblast fusion.22 The Gene@1793 SNP, Mutation@rs4751240, has a minor allele frequency of 7% in the Disease@MESH:D009369 population, and under Hardy-Weinberg equilibrium, we would expect that 0.5% of the population would be homozygous for the variant and 13% would be heterozygous. For the Mutation@rs41526344 SNP within the Gene@152330 gene, we would expect 0.8% of the population to be homozygous and 14.6% to be heterozygous based on the minor allele frequency in the Disease@MESH:D029424 population. The observed genotype frequencies did not differ significantly from those predicted based on the Hardy-Weinberg equilibrium test for these variants or any variant reported in this study", "type": "paragraph"}, {"sent": "To test the hypothesis that shared variants are associated with DeltaBMI among Disease@MESH:D009369 and Disease@MESH:D029424 cases, meta-analyses of the DeltaBMI GWASs between Disease@MESH:D009369 and Disease@MESH:D029424 cases were performed. For example, separate meta-analyses were run between the DeltaBMI GWASes from Disease@MESH:D009369 and Disease@MESH:D029424 cases, between the DeltaBMI GWASes from Disease@MESH:D008175 cases and Disease@MESH:D029424 cases, and so forth. All meta-analysis results with suggestive associations (P < 5 x 10-5) are presented in Tables S8-S10. No variant achieved a level of GWS in the meta-analysis between all Disease@MESH:D009369 cases and Disease@MESH:D029424 cases. The top SNP Mutation@rs188981 (beta meta-analysis: -0.025, P meta-analysis = 6.6 x 10-6) is located in an intergenic region on chromosome 3 between the genes Gene@56670 and MBLN1 (Figure 2A and Table S6). The GWS association observed among the Gene@1793 SNP, Mutation@rs4751240, and DeltaBMI in Disease@MESH:D009369 was replicated in the Disease@MESH:D029424 DeltaBMI GWAS (beta Disease@MESH:D029424: 0.08, P Disease@MESH:D029424 = 0.014, beta meta-analysis: 0.1, P meta-analysis = 9.3 x 10-10; Table S7). This beta accounts for a mean increase of 0.1 kg/m2 BMI per year in Disease@MESH:D009369 cases and of 0.08 kg/m2 BMI per year in Disease@MESH:D029424 cases after taking age, sex, and change in smoking status into account for each copy of the Mutation@rs4751240 minor allele (Figure 3). The regional association plot (Figure 2B) demonstrates that the genotyped Mutation@rs4751240 SNP is intronic within the coding region of Gene@1793 and is not in LD with other genotyped variants. When HaploReg was used to examine LD of variants with Mutation@rs4751240 by using the 1000 Genomes Project haplotypes, only one other variant in the region is in high LD with this SNP (Table S8). The investigation using HaploReg also revealed that Mutation@rs4751240 alters a motif23 corresponding to the Disease@MESH:D009369 suppressor Gene@26257;4824.22, 23 We also identified an association in the meta-analysis of DeltaBMI between Disease@MESH:D008175 and Disease@MESH:D029424 cases near the Gene@84895 gene (Mutation@rs7042889, beta meta-analysis: -0.14, P meta-analysis = 1.4 x 10-7; Table S10). The HaploReg investigation revealed that Mutation@rs7042889 is in high LD with eight SNPs that alter regulatory motifs, including Mutation@rs7873667 which alters a number of motifs including several forkhead box (Fox) motifs (Table S10)", "type": "paragraph"}, {"sent": "Regional association plots of the top regions identified in the meta-analysis between Disease@MESH:D009369 and Disease@MESH:D029424 cases: (A) The region on chromosome 3 where the top variant from the meta-analysis investigating change in body mass index among any Disease@MESH:D009369 and Disease@MESH:D029424 cases Mutation@rs188981 (beta: -0.025, P = 6.0 x 10-6) is located in an intergenic region between the genes Gene@56670 and MBLN1. (B) Displays the Gene@1793 region on chromosome 9, where the top variant Mutation@rs4751240 (beta = 0.1, P = 9.3 x 10-10) in the meta-analysis between investigating change in body mass index among Disease@MESH:D004067 and Disease@MESH:D029424 cases is located", "type": "fig_caption"}, {"sent": "Boxplot of change in body mass index stratified by Gene@1793 SNP Mutation@rs4751240 genotype between (A) Disease@MESH:D004067 cases and (B) and Disease@MESH:D029424 cases", "type": "fig_caption"}, {"sent": "In summary, we report findings from the first GWAS of a Disease@MESH:D002100-related trait, DeltaBMI, among Disease@MESH:D009369 and Disease@MESH:D029424 cases. We found one SNP, Mutation@rs41526344, significantly associated with DeltaBMI among Disease@MESH:D029424 cases in the Gene@152330 gene but were unable to replicate it. The Gene@1793 SNP Mutation@rs4751240 was significantly associated with DeltaBMI among Disease@MESH:D009369 cases and replicated among Disease@MESH:D029424 cases. We also identified a nearly significant association with Mutation@rs7042889 in the meta-analysis of DeltaBMI between Disease@MESH:D008175 and Disease@MESH:D029424 cases near the Gene@84895 gene", "type": "paragraph"}, {"sent": "The Mutation@rs4751240 SNP in the Gene@1793 gene achieved a level of GWS (P < 5 x 10-8) in the analysis of DeltaBMI among Disease@MESH:D009369 cases and replicated nominally in the analyses among Disease@MESH:D029424 cases. Gene@330662 is a guanine nucleotide exchange factor, catalysing the exchange of GDP to GTP to activate Rho proteins.24 In mouse models, knockout of Gene@330662 is embryonic lethal with a dramatic reduction of skeletal muscle tissues attributed to a Disease@MESH:D007153 in myoblast fusion.22 Myoblast fusion is also critical for satellite cell-mediated muscle regeneration in adults.25 As Disease@MESH:D002100 can be the result of both increased muscle breakdown and decreased muscle production, genetic variation in Gene@330662 may influence muscle regeneration. The Gene@1793 SNP, Mutation@rs4751240, is an intronic variant. SNPs in non-coding regions of the genome may directly alter or may be in LD with genetic variants that alter regulatory regions such as transcription factor or enhancer binding sites and in turn have an effect on gene expression and protein abundance.26 The Mutation@rs4751240 SNP is within a motif for the Disease@MESH:D009369 suppressor Gene@26257;4824, whose mechanism of Disease@OMIM:146850 is by up-regulating Gene@2309 protein encoded by the Gene@2309 gene.27 The Fox class O (FoxO) transcription factor family members Gene@2308 and Gene@2309 are well known to play a role in energy metabolism, protein breakdown, regulation of muscle mass, and adaptation to exercise.28 All FoxOs are activated in response to insulin stimulation and/or oxidative stress by phosphorylation at three evolutionarily conserved sites.28 Interestingly, the top SNP associated with DeltaBMI in the meta-analysis of Disease@MESH:D008175 and Disease@MESH:D029424 cases is in high LD with Mutation@rs7873667 (Table S10) that disrupts several Fox transcription factors, including FoxO. In a recent mega-GWAS, Mutation@rs9400239 in Gene@2309 was significantly associated with cross-sectional BMI (beta = 0.0019, P = 1.61 x 10-8) in individuals of European ancestry, further supporting the role of this pathway in determining BMI.4", "type": "paragraph"}, {"sent": "The top finding in the meta-analysis of DeltaBMI between all Disease@MESH:D009369 and Disease@MESH:D029424 cases is intergenic to Gene@56670 and MBLN1. SUCRN1 codes for the succinate receptor 1 gene, which is a G-protein coupled receptor for succinate, an intermediate of the citric acid cycle.29 MBLN1 codes for the muscleblind-like splicing regulator 1, which plays a role in Disease@MESH:D009223 and knockout of the gene in the mouse leads to Disease@MESH:D009135 and Disease@MESH:D002386.30 This result, however, fails to achieve a level of genome-wide significance. The power of the analysis may be limited both by the sample size and heterogeneity of DeltaBMI trajectories among different types of Disease@MESH:D009369. The analyses that were performed among different Disease@MESH:D009369 types further reduced the sample size but may have increased the homogeneity of the DeltaBMI trajectory, thereby increasing the power to detect the significant association in the Disease@MESH:D009369 group", "type": "paragraph"}, {"sent": "We identified one variant, Mutation@rs41526344, significantly associated with DeltaBMI among Disease@MESH:D029424 cases in the Gene@152330 gene, coding for Gene@152330. Contactins are a family of neural immunoglobulin cell adhesion molecules (IgCAMs) with six N-terminal immunoglobulin repeats followed by four Gene@2335 type III repeats. The prototypical contactin is Gene@1272 with shared amino acid identity ranging from 33 to 52% identity with Gene@152330 depending on the domain.21 Genetic variations in Gene@152330, Gene@53942, and Gene@27255 have been associated with Disease@MESH:D000067877.31 Increased signal transduction via the Gene@2475 signal transduction pathway is one mechanism common to many Disease@MESH:D000067877 genes including contactins.31 Interestingly, decreased Gene@2475 signalling is observed during fasting and disease as muscle growth and Disease@MESH:D001284 depends on the Gene@2475 pathway.32 Further, mutations in Gene@1272 cause a familial form of the lethal congenital Disease@MESH:D009135, a disease whose hallmark is low muscle tone.33 In the current study, we identified a significant association with a Gene@152330 SNP with DeltaBMI among Disease@MESH:D029424 cases; however, we were not able to replicate the findings among Disease@MESH:D009369 cases", "type": "paragraph"}, {"sent": "There have been a number of candidate gene association studies investigating the genetics of Disease@MESH:D002100-related traits such as low BMI, low FFMI, Disease@MESH:D015431, and muscle strength, but no GWAS has been reported to our knowledge. Systematic reviews of the genetics of Disease@MESH:D002100 highlighted genes involved in inflammatory response regulation, homeostasis, pathways directing muscle and fat metabolism, and appetite regulation.2, 3 Among Disease@MESH:D029424 cases, muscle quadricep muscle strength and low FFMI candidate gene studies have reported associations with the Gene@1636 gene,34 Bradykinin Receptor gene,35 Gene@3553,36 Gene@3569,36 and Gene@7421.37 Wan and colleagues from our research group38 reported GWASes findings investigating two continuous outcomes, BMI and FFMI, in Disease@MESH:D029424 cases. They found several SNPs tagging the fat-mass and Disease@MESH:D009765 (Gene@79068) gene significantly associated (meta-analysis: P < 5 x 10-7) with reduced BMI and FFMI in Disease@MESH:D029424 cases. Single-nucleotide polymorphisms in the Gene@79068 gene have been repeatedly associated with BMI39, 40, 41, 42, 43, 44 and Disease@MESH:D003920.45 It is interesting to note that we did not find statistically significant associations with any known Disease@MESH:D002100 candidate genes. This may indicate that the genetic aetiology of longitudinal BMI is different than cross-sectional BMI; however, larger sample sizes will be required to clarify this issue. The current report begins to fill the void of reported GWASes investigating Disease@MESH:D002100-related traits and provides a foundation for expanding this work to larger case populations with more extensive phenotyping for monitoring Disease@MESH:D002100", "type": "paragraph"}, {"sent": "In the current report, we took advantage of a publicly available dataset to test the hypothesis that a shared genetic aetiology exists for DeltaBMI among Disease@MESH:D009369 and Disease@MESH:D029424 cases. We considered SNPs with P < 5 x 10-8, the generally accepted threshold for statistical significance in GWAS, as statistically significant because it has been shown to account both for the number of variants tested and the LD structure of the genome.19, 20 Further, the Bonferroni adjusted threshold for 418 365 SNPs tested in four GWASes is alpha = 3.0 x 10-8, and the finding with Gene@1793 among Disease@MESH:D009369 cases is also below this more conservative level of statistical significance (P = 1.9 x 10-8). We do acknowledge that the sample sizes became relatively small when we examined individual groups of Disease@MESH:D009369 patients. Despite this limitation, the Mutation@rs4751240 finding in Gene@1793 did reach a level of genome-wide significance among Disease@MESH:D009369 cases, and we were able to replicate the finding among Disease@MESH:D029424 cases contributing to a meta-analysis of P = 9.3 x 10-10. This finding supports the hypothesis that a shared genetic aetiology exists for DeltaBMI among Disease@MESH:D009369 and Disease@MESH:D029424 cases and also underscores the need for further investigations into larger Disease@MESH:D009369 and Disease@MESH:D029424 populations to increase the power to detect additional signals. Further, our investigation was underpowered for additional genetic analyses such as epistasis. In future investigations, we plan to investigate the role of epistasis in Disease@MESH:D002100 by, for example, testing for significant genetic interactions between the Gene@1793 SNP identified in the current analyses and variants in other candidate genes whose role in Disease@MESH:D002100 has been implicated", "type": "paragraph"}, {"sent": "Further limitations of the analyses include an inability to address the temporal relationship between disease diagnoses and DeltaBMI in our analyses. It is possible, for example, that an individual received a Disease@MESH:D009369 diagnosis many years before the initial BMI time point used to generate the DeltaBMI phenotype in FHS. We performed our analyses in a longitudinal, population-based cohort and screened for participants over the age of 40 and only considered the last three consecutive BMI measurements reported among Disease@MESH:D009369 and Disease@MESH:D029424 cases. The median age for the first BMI measurement included in the Disease@MESH:D009369 analysis was 69 with a median follow-up period of 7 years (Table 1). With the focus on the last three consecutive time points with BMI data available in FHS combined with the advanced age of the population under investigation, the majority of Disease@MESH:D009369 diagnoses would most likely have been made either prior or during the window we investigated DeltaBMI. Although timing of diagnosis of Disease@MESH:D009369 relative to DeltaBMI is important, even more important issues are the stage, extent, and treatment of the Disease@MESH:D009369, including consideration of course of chemotherapy and any resultant Disease@MESH:D064420, relative to DeltaBMI. We plan to pursue these more detailed characterizations in future studies. Disease@MESH:D009369 are likely present for years before diagnoses are made, and the pre-diagnosis duration is typically unknown. We think that the fact that we have found interesting genetic association results with these limitations argues that there are likely important signals to find", "type": "paragraph"}, {"sent": "The current report has many limitations. We mined a publically available study, the FHS, to investigate DeltaBMI among Disease@MESH:D029424 and Disease@MESH:D009369 cases. The FHS participants had BMI measured every 2-4 years. The ideal study design would ascertain patients for longitudinal assessments of Disease@MESH:D002100, including measuring BMI and/or more precise measurements of muscle mass every 3-6 months in addition to other characteristics established in the Disease@MESH:D002100.8 Further, our sample sizes became small when we restricted analyses to Disease@MESH:D009369 and Disease@MESH:D029424 subsets of the population. As we used a hypothesis-free approach to search for genetic variants associated with DeltaBMI among Disease@MESH:D009369 and Disease@MESH:D029424 cases, replicating the finding in independent populations ascertained for Disease@MESH:D002100 will be a crucial next step", "type": "paragraph"}, {"sent": "The current analysis demonstrates evidence for the involvement of the Gene@1793 gene with DeltaBMI among both Disease@MESH:D005767 Disease@MESH:D009369 and Disease@MESH:D029424 cases. The current investigation has highlighted genes known for their involvement in energy metabolism and muscle maintenance as associated with DeltaBMI. Future directions will include collection and analysis of gene expression data to identify expression biomarkers associated with DeltaBMI among Disease@MESH:D029424 and Disease@MESH:D009369 cases in addition to more information on Disease@MESH:D009369 diagnosis, stage, extent, and treatment. Our future efforts will be directed at analysing additional longitudinal data characterizing both genetic and gene expression to gain further insight on biomarkers that can be used to monitor the development and prognosis of Disease@MESH:D002100", "type": "paragraph"}, {"sent": "M.-L.N. McDonald declares that she has no conflict of interest. S. Won declares that he has no conflict of interest. M. Mattheisen declares that he has no conflict of interest. P.J. Castaldi declares that he has no conflict of interest. M. H. Cho declares that he has no conflict of interest. E. Rutten declares that she has no conflict of interest. M. Hardin declares that she has no conflict of interest. W.-K. Yip declares that he has no conflict of interest. S. Rennard is the Richard and Margaret Larson Professor of Pulmonary Research at University of Nebraska Medical Center and has a number of relationships with companies who provide products and/or services relevant to outpatient management of Disease@MESH:D029424, including A2B Bio, Almirall, APT, AstraZeneca, Boehringer Ingelheim, Chiesi, CME Incite, Gene@1444 Behring, Dailchi Sankyo, Decision Resources, Dunn Group, Easton Associates, Forest, Gerson, GlaxoSmithKline, Johnson and Johnson, Medimmune, Disease@None, Novis, Nycomed, Otsuka, Pearl, Pfizer, PriMed, Pulmatrix, Roche, Takeda, and Theravance; these relationships include serving as a consultant, advising regarding clinical trials, speaking at continuing medical education programmes, and performing funded research both at basic and clinical levels. S. Rennard is employed by AstraZeneca in which he owns shares. S. Rennard does not own any stock in any other pharmaceutical companies. D.A. Disease@None has received grant support, honoraria, and consultancy fees from GlaxoSmithKline who sponsored the ECLIPSE study. E.F.M. Wouters declares that he has no conflict of interest. A. Agusti reports grants and personal fees from Astra-Zeneca, GSK, Disease@MESH:D052517, and Menarini and personal fees from Disease@None, TEVA, and Chiesi outside the submitted work. R. Casaburi has received honoraria and consulting fees from Boehringer-Ingelheim, GlaxoSmithKline, Disease@None, Astellas, and Astra Zeneca. C. Lange declares that he has no conflict of interest. G. O'Connor declares that he has no conflict of interest. C.P. Hersh declares that he has no conflict of interest. E.K. Silverman has received honoraria and consulting fees from Merck, grant support and consulting fees from GlaxoSmithKline, and honoraria and travel support from Disease@None in the past 3 years", "type": "paragraph"}]}