{"sentences": [{"sent": "Traditional linkage analysis and genome-wide association studies have identified Gene@3115 and a number of non-Gene@3115 genes as genetic factors for islet Disease@MESH:D001327 (IA) and Disease@MESH:D003922 (T1D). However, the relative risk associated with previously identified non-Gene@3115 genes is usually very small as measured in cases/controls from mixed populations. Genetic associations for IA and T1D may be more accurately assessed in prospective cohorts. In this study, 5,806 subjects from the TEDDY (The Environmental Determinants of Disease@MESH:D003920 in the Young) study, an international prospective cohort study, were genotyped for 176,586 SNPs on the ImmunoChip. Cox proportional hazards analyses were performed to discover the SNPs associated with the risk for IA, T1D, or both. Three regions were associated with the risk of developing any persistent confirmed islet autoantibody: one known region near Gene@10019 (HR= 1.35, p = 3.58 x10-7) with Bonferroni-corrected significance and another known region near Gene@26191 (HR= 1.46, p = 2.17x10-6) and one novel region near Gene@23759 (HR = 2.47, p = 9.64x10-7) with suggestive evidence (Gene@4790). Two known regions (Gene@26191: p = 2.25x10-6, INS; p = 1.32x10-7) and one novel region (Gene@54899/Gene@5162: p = 8.99x10-6) were associated with the risk for multiple islet autoantibodies. First appearing islet autoantibodies differ with respect to association. Two regions (INS: p=5.67x10-6 and Gene@100287898/Gene@63976: 6.45x10-6) were associated if the fist appearing autoantibody was IAA and one region (Gene@54715: p=8.02x10-6) was associated if the first appearing autoantibody was GADA. The analysis of T1D identified one region already known to be associated with T1D (INS: p = 3.13x10-7) and three novel regions (Gene@8635, Gene@59338, and Gene@23759; 5.42x10-6 > p > 2.31x10-6). These results suggest that a number of low frequency variants influence the risk of developing IA and/or T1D and these variants can be identified by large prospective cohort studies using a survival analysis approach", "type": "abstract"}, {"sent": "Disease@MESH:D003922 (T1D) is a multifactorial disease where multiple genes and environmental factors interact in a complex manner to cause the disease. Gene@3115-DR-DQ is known to be the most important genetic factor and a number of non-Gene@3115 genes also influence the risk for islet Disease@MESH:D001327 (IA) and clinical disease. Autoantibodies are detectable very early in life and the age and order of occurrence of islet autoantibodies is associated with genetic backgrounds. Most previous genetic studies focused on the clinical disease as the phenotype while few studies focus on IA as an endpoint. Previous TEDDY, DAISY and DIPP studies that looked at development of IA and progression from IA to T1D were limited to the known non-Gene@3115 genes. Interestingly, a previous study has shown associated genes for IA and T1D are not completely overlapping. It is well known that IA is an intermediate phenotype for T1D and not all subjects with autoantibodies will progress to clinical disease within a given time frame. Genetic factors may act at various stages of the disease development, with some genes playing a role in IA development and others playing a critical role in the rate of subsequent disease progression. Therefore, it is important to analyze both stages to fully understand the contribution of genetic factors to the pathogenesis of islet Disease@MESH:D001327 and T1D", "type": "paragraph"}, {"sent": "With a few exceptions, all previous genetic studies of T1D used a case-control or family study design. However, cohorts with longitudinal data for survival analysis may be a much more powerful approach to identify genetic factors. The Environmental Determinants of Disease@MESH:D003920 in the Young (TEDDY) is a large international prospective cohort study, in which newborns from the US and European general populations and first-degree relatives of T1D patients were screened for specific Gene@3115 genotypes. Children with one of nine Gene@3115 DR-DQ genotypes associated with increased risk for T1D are followed in a 15 year prospective follow-up study. Furthermore, a major finding in TEDDY is the observation that the first appearing islet autoantibody differ with respect to type and association with Gene@3115. First, IAA as first appearing autoantibody was associated with Gene@3115 DR4-DQ8 while GADA first was primarily associated with Gene@8718-DQ2. The incidence rate of IAA first differed from GADA first. Also, while IAA first was associated with history of Disease@MESH:D012141, that of GADA first showed a relationship to maternal reported infections dependent of the Gene@1493 genotype of the child. To identify genes associated with T1D, we genotyped 176,586 SNPs in the regions containing Disease@MESH:D001327 and inflammatory response genes using the ImmunoChip", "type": "paragraph"}, {"sent": "SNP data were analyzed using Cox proportional hazards analyses to discover the genetic regions influencing the development of IA and/or T1D. Any persistent confirmed islet autoantibody, either IAA first or GADA first, multiple islet autoantibodies (two or more persistent confirmed islet autoantibodies) and T1D were the five outcomes analyzed in this study. Overall, we identified 6 novel regions with suggestive evidence (9.0x10-6 < p < 9.6x10-7), and confirmed 3 regions with previously known associations. We also found that different genetic regions were associated to IAA or GADA as the first appearing indication of Disease@MESH:D001327", "type": "paragraph"}, {"sent": "A total of 424,788 newborn children in Finland, Sweden, Germany and the United States (Colorado, Disease@None) were screened for high-risk genotypes for T1D as previously described. Of these, 21,589 had one of nine selected Gene@3115 genotypes associated with increased risk for T1D and 8,676 eligible children (Supplemental Figure-1) were enrolled to a 15-year prospective follow-up. The TEDDY study was performed according to the principles of the Declaration of Helsinki. Written informed consents were obtained for all study participants from a parent or primary caretaker, separately, for genetic screening and for participation in prospective follow-up. The study was approved by local Institutional Review Boards at 6 clinical research centers (3 in the United States and 3 in Europe): University of Colorado Denver, Augusta University, Pacific Northwest Disease@MESH:D003920 Research Institute, Turku University Hospital (Finland), Institute of Disease@MESH:D003920 Research (Germany), and Lund University (Sweden). The study is also monitored by an external evaluation committee formed by the National Institutes of Health", "type": "paragraph"}, {"sent": "The development of islet Disease@MESH:D001327 (presence of GADA, IA-2A and mIAA autoantibodies in serum) was assessed every three months in two reference laboratories using radioimmuno-binding assays. In the U.S., all sera were assayed at the Barbara Davis Center for Childhood Disease@MESH:D003920 at the University of Colorado Denver; in Europe, all sera were assayed at the University of Bristol, U.K. All samples positive for autoantibodies and 5% of samples negative for islet autoantibodies were re-tested for confirmation in both reference laboratories. Islet Disease@MESH:D001327 (IA) was defined by the presence of persistent confirmed autoantibody for any of three islet autoantibodies (GADA, IA-2A or mIAA) on two or more consecutive visits. The date of any persistent confirmed islet antibody was defined as the draw date of the first of two consecutive samples at which the child was confirmed as \"positive\" for any autoantibody. The date of multiple islet autoantibodies was defined by the first date when at least two confirmed islet autoantibodies were detected. T1D diagnosis was based on American Disease@MESH:D003920 Association criteria", "type": "paragraph"}, {"sent": "SNPs were genotyped by the Center for Public Health Genomics at University of Virginia, using the Illumina ImmunoChip Infinium array. Genotype calling and quality control steps were applied to the dataset: (1) individuals with low call rate (<95%), or discordance with reported gender and prior genotyping were not considered in the analysis, (2) SNP markers with low call rates (<95%) were excluded, and (3) markers with allele distributions strongly deviating from Hardy-Weinberg equilibrium in controls (p<10-6) were discarded (except for chromosome 6 due to Gene@3115 eligibility requirements). The numbers of excluded SNPs and subjects for each quality control step are provided in supplementary data (Supplemental File: S2)", "type": "paragraph"}, {"sent": "Cox proportional hazards modeling was used to analyze the effect of each individual SNP (by genotype category 0,1,2) on the risk of developing each of three outcomes (any islet autoantibody, multiple islet autoantibody and T1D), adjusting for country of residence (as strata), sex, family history (first-degree relative) of T1D, Gene@3115-DR-DQ genotype (e.g., Gene@8718/4, Gene@3126, Gene@3126;8718 and others), Gene@3115 genotype, and the top six principal components from ImmunoChip data to account for population stratification (ancestral heterogeneity). The Cox models were fitted using the \"survival\" package in R 3.2.5. As the majority of the subjects were Caucasians, and to reduce population stratification further, subjects from other races were excluded and analyses were restricted to the self-reported Caucasians. All subjects from Finland and Sweden were included in the analysis due to the lack of data on ethnicity. However, principal component analysis suggested that Finland and Sweden populations are homogeneous and overlapping with Caucasian cluster. Only one child per family was kept in the analyses. As a result, 5,806 subjects were included in the final analysis. Data were analyzed to discover the SNPs associated with five outcomes: (i) time to any persistent confirmed islet autoantibody (time-to-IA), (ii) time to multiple autoantibodies (time-to-multiple IA), (iii) time to IAA as the first appearing antibody, (iv) time to GADA as the first appearing antibody and (v) time to type 1 Disease@MESH:D003920 (time-to-T1D)", "type": "paragraph"}, {"sent": "From the 176,586 SNPs that passed quality control filters, the analysis focused on those 131,847 with minor allele frequencies (MAFs) of at least 0.01; thus, chip-wide statistical significance for any single SNP required a Bonferroni-corrected p<3.7x10-7. Significance with suggestive evidence was claimed if Gene@4790. A web-based plotting tool locuszoom was used to plot HapMap CEU linkage disequilibrium r2 values for proximal SNPs in the discovered genomic regions", "type": "paragraph"}, {"sent": "As of March 31, 2017, the median (interquartile range (IQR)) age at the last follow up of the 5806 children was 8.3 (5.5-10.0) years. A total of 587 children (10.1%) developed any persistent conformed islet autoantibody at the median (IQR) age of 2.8 (1.5-5.5) years. In 224children, the first appearing confirmed persistent autoantibody was IAA and in 247 children it was GADA. The remaining 116 children had multiple autoantibodies or IA-2A as the fist appearing autoantibody. Furthermore, 352 children (6.1%) developed multiple persistent confirmed islet autoantibodies at the median (IQR) age of 2.8 (1.6-5.1) years and 209 children developed T1D at the median (IQR) age of 4.9 (2.7-7.5) years", "type": "paragraph"}, {"sent": "The results from the Cox proportional hazards analyses of the 131,847 SNPs on the risk of developing any persistent confirmed islet autoantibody are presented in Figure 1. One of these SNPs near Gene@10019 region attained chip-wide association significance, 12 SNPs (Supplemental Table-3) mapped to 3 different regions showed suggestive evidence (Gene@4790). Out of these 13 SNPs, 12 SNPs mapped to 2 previously reported T1D regions: rs6679677/Gene@26191 (HR=1.46; p=2.17x10-6); rs3184504/Gene@10019 (HR=1.35; p=3.58x10-7) (Table 1) and 1 SNP mapped to a novel region, previously not known to be associated with T1D: rs428595/Gene@23759 (HR=2.47; p=9.64x10-7). The Kaplan-Meier plots for the lead SNPs with smallest p-values from these 3 regions are shown in Figure 1B. The novel candidate SNP near Gene@23759 (Mutation@rs428595) associated with any persistent confirmed islet autoantibody requires further studies to confirm the association. Regional association plots reflecting other nearby genes in these 3 regions are shown in supplementary data (Supplemental File: S4)", "type": "paragraph"}, {"sent": "The analysis was divided into either IA-IAA only or IA-GADA only. If the first appearing autoantibody was IAA, it was found that two regions: rs3842727/INS (HR=0.57; p=5.67x10-6) and rs28600853/Gene@100287898/Gene@63976 (HR=3.23; p=6.45x10-6) were associated with suggestive evidence (Table 2). These two regions were not significant in the GADA as first antibody analysis (p=0.25 and 0.53 respectively). In contrast, only one region: rs9934817/Gene@54715 (HR=2.66; p=8.02x10-6) was found to be associated if the fist appearing autoantibody was GADA (Table-2) and this region was not significant in the IAA as first antibody analysis (p=0.61). These results show that there are different genetic factors associated to IAA or GADA as the first appearing islet antibody. Regional association plots reflecting other nearby genes in these 3 regions are shown in supplementary data (Supplemental File: S4)", "type": "paragraph"}, {"sent": "The analysis results of developing multiple islet autoantibodies are presented in Figure 2. One of these SNPs near INS/TH region attained chip-wide association significance (p = 1.32x10-7), 6 SNPs (Supplemental Table-3) mapped to 3 different regions showed suggestive evidence (Gene@4790). Two out of these 3 regions are previously reported T1D regions: rs6679677/Gene@26191 (HR=1.59; p=2.25x10-6); rs3842727/INS (HR=0.50; p=3.13x10-7) and 1 region is a novel region, previously not known to be associated with T1D: Mutation@rs11705721/ Gene@54899/Gene@5162 (HR=1.41; p=8.99x10-6) (Table 1). The novel candidate SNP near Gene@23759 (Mutation@rs428595) also showed a strong association with the risk of multiple islet autoantibodies (HR=2.72; p=1.06x10-5). The Kaplan-Meier plots for the lead SNPs with smallest p-values from these 4 regions are shown in Figure 2B. Regional association plots for these 4 regions are shown in supplementary data (Supplemental File: S4)", "type": "paragraph"}, {"sent": "In time-to-T1D analyses, one region previously known to be associated with T1D near INS reached the chip-wide significance threshold (HR=0.504; p=3.13x10-7), and three other novel regions reached the threshold for suggestive evidence (Gene@4790): Mutation@rs73043122/ Gene@8635 (HR=3.35; p=4.06x10-6); Mutation@rs113306148/ Gene@59338 (HR=3.07; p=2.54x10-6), and Mutation@rs428595/ Gene@23759 (HR=3.42; p=2.31x10-6) (Table 1). The analysis results of T1D are presented in Figure 3. The Kaplan-Meier plots for the lead SNPs with smallest p-values from these 1 known and 3 novel regions are shown in Figure 3B. Data for nearby SNPs in each region with the most significant SNPs and genes are shown in the regional association LocusZoom plots (Supplemental File: S4)", "type": "paragraph"}, {"sent": "Six novel regions were further examined for nearby SNPs. The first novel region near the Gene@23759 gene on chromosome-22 (22q11.21) was found to be associated with development of any islet autoantibody, multiple islet autoantibodies, as well as T1D with suggestive evidence. In addition to the SNP Mutation@rs428595, five other proximal SNPs showed Gene@4820 in time-to-T1D analyses. LocusZoom plots of this region are shown in Figure 4A (time-to-IA) and 4E (time-to-T1D). Other nearby genes in the region include Gene@7332, Gene@5594, Gene@150223, Gene@29799, Gene@164592, Gene@23753 and two microRNAs (Gene@100126318 and Gene@406920). The second novel region is on chromosome-3 (3p14.3) near Gene@54899/Gene@5162 genes. LocusZoom plots of this region are shown in Figure 4B and other nearby genes in the region include Gene@57406, Gene@11102, Gene@5162, Gene@200845 and Gene@8309. The third novel region is 6q27 on chromosome-6. As shown in Figure-4C, genes in this region include Gene@8635, Gene@1235, Gene@100861523;6196;5729, Gene@2853, Gene@401285, Gene@11116 and microRNA Gene@100500857. We found at least one SNP with suggestive evidence (Gene@4790) and several SNPs with Gene@4820 mapped to these three regions (Gene@23759, Gene@54899, Gene@8635). The most significant SNPs from these regions are in high linkage disequilibrium (r2>0.80) with each other. Another novel region found in time-to-T1D analysis is near Gene@59338/ Gene@100500866 on chromosome 10 (10q26.13). Nearby genes in the region are: Gene@118663, Gene@387715, Gene@5654 and Gene@1755. However only one SNP (Mutation@rs113306148) was mapped to this region (Figure-4D). One novel region near Gene@100287898 and Gene@63976 genes was associated to IAA as the first appearing islet antibody. Other nearby genes in this region are: Gene@79258, Gene@8764 and Gene@140625. One novel SNP (Mutation@rs9934817) within Gene@54715 gene was associated to GADA as the first appearing islet antibody", "type": "paragraph"}, {"sent": "Although the genes in the Gene@3115 region comprise the most important genetic risk for T1D, other non-Gene@3115 genes also contribute to the development of autoantibodies and clinical Disease@MESH:D003920. Several non-Gene@3115 genes have been associated with T1D with modest effect size. In our earlier study, we analyzed 41 non-Gene@3115 SNPs that were associated with T1D by the Disease@MESH:D003922 Genetics Consortium and confirmed four SNPs (Mutation@rs2476601 in Gene@26191, Mutation@rs2292239 in Gene@2065, Mutation@rs3184504 in Gene@10019, and Mutation@rs1004446 in INS) associated with IA and T1D. In the current study, after adjusting for Gene@3115, we used 131,847 SNPs from the TEDDY cohort to identify or confirm non-Gene@3115 genes associated with IA and T1D", "type": "paragraph"}, {"sent": "We found 3 known T1D regions (Gene@26191, INS, Gene@10019) and 2 novel regions (Gene@54899/Gene@5162 and Gene@23759) associated with the development of any persistent confirmed islet autoantibody and/or multiple islet autoantibodies (Figure-5). One known (INS) and one novel region (Gene@100287898/Gene@63976) was associated with IAA as first appearing autoantibody and one novel region (Gene@54715) was associated if the first appearing autoantibody was GADA. Specific mechanisms linking these loci to islet antibodies development remain to be determined. In analysis of T1D, we confirmed one region (INS) previously associated with T1D and discovered three novel regions previously not known to be associated with T1D (Gene@8635, PLEAKHA1, and Gene@23759) (Figure-5)", "type": "paragraph"}, {"sent": "PX domain containing serine/threonine kinase (Gene@54899) was previously associated with susceptibility to Disease@MESH:D008180. Gene@54899 operates on the Gene@613 (Gene@613) and influences the rate of Gene@613 internalization. Individuals carrying the risk haplotype exhibit a decreased rate of Gene@613 internalization, a process known to impact B-cell survival and cell fate. Polymorphisms in the Gene@54899 gene were associated with autoantibody production, but not disease risk, of Disease@MESH:D008180 in a Chinese population. Other nearby genes in the region include Gene@57406, Gene@11102, Gene@5162, Gene@200845 and Gene@8309", "type": "paragraph"}, {"sent": "One region on chromosome 22 near the Gene@23759 (Gene@23759) gene is associated with both IA production and T1D. This gene is a member of the cyclophilin family of peptidylprolyl isomerases. The Gene@23759 are a highly conserved ubiquitously expressed family of proteins which play an important role in protein folding, immunosuppression by cyclosporin A, and Disease@MESH:D015658. The Gene@23759 gene product is a protein that interacts with the Gene@619465 inhibitor eglin c and is localized to the nucleus. The highest expression levels of Gene@23759 was observed in thymus, testis, and islet cells in the pancreas. A recent proteome-scale profiling study identified Gene@23759 as a novel T1D-associated autoantigens. Other nearby genes in the region are Gene@7332, Gene@5594, Gene@150223, Gene@29799, Gene@164592, Gene@23753 Gene@100126318 and Gene@406920. A meta-analysis of genome-wide association studies in Disease@MESH:D002446 and Disease@MESH:D001172, identified the Gene@164592 locus for both Disease@MESH:D001327, but targeted Gene@7332 as the most likely candidate gene. The Gene@7332 gene encodes for Gene@7332 and has been functionally linked with Disease@MESH:D002446, Disease@MESH:D001172 and Disease@MESH:D008180 via the ubiquitination of the NF-kappaB precursor. This gene plays a key role in immune response including antigen processing. Gene@26413 (Gene@26413) is involved in signaling pathways required for Gene@925 T-cell proliferation and survival and Disease@MESH:D009765 (NOD) mice show defects in signal transduction via these pathways. Gene@23753 gene encodes endoplasmic reticulum protein involved in miss-folded protein response in beta cells. Gene@407027 and MIR130 are known to play roles in inflammatory response and Disease@MESH:D001327", "type": "paragraph"}, {"sent": "Another novel region associated with T1D is 6q27 near Gene@8635 (Gene@8635), a member of the Rh/T2/S-glycoprotein class of extracellular ribonucleases. This gene is known to be associated with Disease@MESH:D006111 and vitiligo. Other genes in this region include Gene@1235, Gene@100861523;6196;5729, Gene@2853, Gene@401285, Gene@11116 and microRNA Gene@100500857. There is established evidence on the role of Gene@11116 in Disease@MESH:D003424, an Disease@MESH:D015212. Gene@6196 is associated with Disease@MESH:D015212 and epigenetic modification (DNA methylation) in Gene@6196 has been associated with proliferative Disease@MESH:D003920 in T1D patients. Gene@1235 (Gene@1235) is implicated in a host of immunological responses such as B-cell maturation and differentiation, recruitment of T cells and dendritic cells during an immunological response. In mouse model of T1D, Gene@12458 expression dramatically decreased upon resveratrol (antioxidant) administration, subsequently inhibiting Gene@12458 mediated migration and recruitment of inflammatory cells. Gene@2853 (Gene@2853) is involved in the 12 lipooxygenase (LO) pathway in the beta cell. In response to elevated blood glucose levels, free fatty acids and pro-inflammatory cytokines, LO activation engenders pro-inflammatory lipid intermediates such as 12-HPETE and 12-HETE. Activation of Gene@2853 by 12-HETE ensues signaling pathways that inhibit antioxidant production, increase reactive oxygen species and oxidative stress, and ultimately beta cell death", "type": "paragraph"}, {"sent": "The 10q26.13 region near Gene@59338 and microRNA Gene@100500866 is also a novel region associated with T1D. Other nearby genes in the region are Gene@118663, Gene@387715, Gene@5654 and Gene@1755. We found only one SNP with suggestive evidence in this region. Gene@59338 (or Gene@59338) encodes a pleckstrin homology domain-containing adapter protein and it is shown that interaction of TAPPs with phosphatidylinositol (3,4)-bisphosphate regulates B-cell activation and autoantibody production. In a recent study, Gene@59338 has been associated with T1D with supplementary evidence (P=9.92x10-05). Gene@1755 is known to mediate interaction between Disease@MESH:D009369 cells and immune response. In addition, Gene@1755 is a marker for endocrine (islet cells) differentiation in pancreas", "type": "paragraph"}, {"sent": "Consistent with findings in other TEDDY publications, this study also supports the observation that the different genomic factors are responsible for first appearing islet autoantibody. IAA as first appearing autoantibody was associated with one known region (INS) and one novel region near Gene@79258, TNFRS14, Gene@100287898 and Gene@63976 genes. In a recent study, a non-synonymous SNP within Gene@79258 (Gene@79258) was associated with Disease@MESH:D009103. One SNP (Mutation@rs9934817) within Gene@54715 found to be associated only with GADA as first islet antibody. Gene@54715 (Gene@54715), an mRNA-splicing factor, is well known to play a pivotal role in neuronal development and have been shown to cause Disease@MESH:D002658. Interestingly, a recent study indicate that beta cells share common splicing regulators with neurons and Gene@54715 regulates the alternative splicing of key genes related to Disease@MESH:D010195 cell function", "type": "paragraph"}, {"sent": "There are genetic overlaps across Disease@MESH:D001327 and some Disease@MESH:D001327 loci are shared among Disease@MESH:D000015. Most of the known and novel regions identified in this study are also common with other Disease@MESH:D001327. The Gene@26191 region is known to be associated with T1D, Disease@MESH:D001172, Disease@MESH:D008180, Disease@MESH:D050031, Disease@MESH:D006111, Disease@MESH:D000224, Disease@MESH:D009157, vitiligo, Disease@MESH:D012595 and Disease@MESH:D001171. The Gene@10019 region is known to be associated with T1D, Disease@MESH:D002446 and Disease@MESH:D019693. The Gene@54899 region is known to be associated with Disease@MESH:D008180. The novel region near Gene@8635 and Gene@1235 on 6q27 is known to be associated with Disease@MESH:D006111, vitiligo and Disease@MESH:D001172. These observations suggest that several common pathways are involved in the loss of tolerance and the development of Disease@MESH:D001327", "type": "paragraph"}, {"sent": "Genetic mapping studies for complex diseases like T1D were traditionally done with affected sibpair analyses and then increasingly by genome wide association studies using case-control study designs. A large number of susceptibility loci for various Disease@MESH:D001327 including T1D have been identified using these approaches. However, a common finding of all these studies is that only a few genes have large effects on the phenotypes of interests. For T1D, over 40 loci have been identified with high statistical significance but none of the non-Gene@3115 loci has a large effect size in cross-sectional analyses (usually RR < 1.5). In contrast, time-to-event analysis may reveal relatively large effects, which are carried by low frequency (Gene@84232-5 %) variants. For example, the HR for the Gene@23759 locus is 3.424 and HR for another novel locus, Gene@8635, is 3.351. The HRs for two previously known regions, Gene@26191 and INS, are 1.59 and 0.60, respectively. These results suggest that prospective cohorts and survival analysis are powerful approaches for genetic mapping studies for complex diseases. A time-to-event analysis can have more power than a case-control analysis because time-to-event analysis includes information over time for all subjects in the study population, whereas case-control is only a snapshot of time of the selected case and control subjects from the study population. In addition, The Cox proportional hazards model for time-to-event analysis can access instantaneous risk via hazard ratio while the logistic regression model for case-control analysis assesses the likelihood of an event occurring at a particular time via odds ratio. Time-to-event analysis can also estimate the event-free probability over time from the baseline hazard function given observable information", "type": "paragraph"}, {"sent": "It is worth noting that the results presented in this study are based on a subset of SNPs included in the Illumina ImmunoChip genotyping platform. Also, due to the limited number of events and short follow-up time, most of the finding have suggestive evidence. However, TEDDY is the largest longitudinal study focusing on the genetic and environmental factors for type 1 Disease@MESH:D003920", "type": "paragraph"}, {"sent": "Interestingly, our study suggests that there are few genes involved in both IA and T1D. Indeed, in our analysis, only one known region (INS) and one novel region (Gene@23759) were associated with both endpoints. The newly identified region (Gene@23759) has been identified in association with multiple other Disease@MESH:D001327. Further it contains genes encoding proteins with a plausible pathogenic roles for development of IA and T1D, including signaling pathways involved in Disease@MESH:D007249 and Disease@MESH:D001327 and the Gene@23759 protein, a recently identified T1D autoantigen. Further delineation of the key elements of this region will be an important area for future research", "type": "paragraph"}, {"sent": "We could confirm only 3 non-Gene@3115 associations and discovered 6 new regions which were previously not found using case/control studies. We hypothesize that as the TEDDY cohort is younger therefore genetic factors found in this study may confer the highest risk for the disease during early childhood. Also, these analyses are based on the high-risk population based Gene@3115 susceptibility and the findings may be different from the general population. Time-to-event analysis is more appropriate study design to identify predictors of disease, while case/control studies only identify associations. Replication studies and future analyses of the TEDDY cohort with more events and longer follow-up will likely provide more robust evidence for the newly suggested genetic factors", "type": "paragraph"}, {"sent": "Manhattan plot of 131,847 SNPs with Gene@4094>0.01, displaying the p-values on the -log10 scale for SNP associations with islet Disease@MESH:D001327 (A). Hazard Ratios and p-values are calculated using the Cox proportional hazards model to analyze each SNP's effect on the risk of IA with adjustment for family history of T1D, Gene@3115-DR-DQ genotype, gender, Gene@3115, population stratification (ancestral heterogeneity) and country of residence (as strata). The dashed line represents p=1x10-5, the solid line represents Bonferroni correction threshold (p=3.7x10-7). Kaplan-Meier plot of the most significant SNP associated from 2 known (Gene@26191, Gene@10019) and 1 novel (Gene@23759) regions are plotted by dividing the subjects in two groups: (i) Major homozygous (black curves) and (ii) Heterozygous combined with minor homozygous (red curves)", "type": "fig_caption"}, {"sent": "Manhattan plot of 131,847 SNPs with Gene@4094>0.01, displaying the p-values on the -log10 scale for the SNPs associated with development of multiple islet autoantibodies in the TEDDY study population (A). Hazard Ratios and p-values are calculated using the Cox proportional hazards model to analyze each SNP's effect on the risk of T1D with adjustment for family history of T1D, Gene@3115-DR-DQ genotype, gender, Gene@3115, population stratification (ancestral heterogeneity) and country of residence (as strata). The dashed line represents p=1x10-5, the solid line represents Bonferroni correction threshold (p=3.7x10-7). Kaplan-Meier plot of the most significant SNP from 2 known (Gene@26191, INS) and 2 novel (Gene@54899, Gene@23759) regions are plotted by dividing the subjects in two groups: (i) Major homozygous (black curves) and (ii) Heterozygous combined with minor homozygous (red curves)", "type": "fig_caption"}, {"sent": "Manhattan plot of 131,847 SNPs with Gene@4094>0.01, displaying the p-values on the -log10 scale for the SNPs associated with type 1 Disease@MESH:D003920 in the TEDDY study population (A). Hazard Ratios and p-values are calculated using the Cox proportional hazards model to analyze each SNP's effect on the risk of T1D with adjustment for family history of T1D, Gene@3115-DR-DQ genotype, gender, Gene@3115, population stratification (ancestral heterogeneity) and country of residence (as strata). The dashed line represents p=1x10-5, the solid line represents Bonferroni correction threshold (p=3.7x10-7). Kaplan-Meier plot of the most significant SNP from 1 known (INS) and 3 novel (Gene@8635, Gene@59338 and Gene@23759) regions are plotted by dividing the subjects in two groups: (i) Major homozygous (black curves) and (ii) Heterozygous combined with minor homozygous (red curves)", "type": "fig_caption"}, {"sent": "Regional association plots at the four novel regions generated by LocusZoom, showing the significance of association with islet Disease@MESH:D001327 (A) multiple islet autoantibodies (B) type 1 Disease@MESH:D003920 (C, D, E). Colors represent HapMap CEU linkage disequilibrium r2 values with the most significantly associated SNP (shown in purple)", "type": "fig_caption"}, {"sent": "Data were analyzed to discover the SNPs associated with five outcomes: (i) time to any persistent confirmed islet autoantibody (IA), (ii) time to multiple autoantibodies (Disease@None), (iii) time to type 1 Disease@MESH:D003920 (T1D), (iv) time to IAA as the first appearing antibody (IAA-First), (v) time to GADA as the first appearing antibody (GADA-First). P-values are listed for each SNP and cells with p< 10-5 are highlighted", "type": "fig_caption"}, {"sent": "Lead SNP associations with IA and T1D (Gene@4790), mapped to previously known and novel regions", "type": "table_caption"}, {"sent": "Lead SNP associations (Gene@4790) with either IAA or GADA as first appearing islet autoantibodies", "type": "table_caption"}, {"sent": "5,806 subjects from the TEDDY cohort were genotyped for 176,586 SNPs", "type": "paragraph"}, {"sent": "Discovered non-Gene@3115 SNPs associated with islet Disease@MESH:D001327 and Disease@MESH:D003922", "type": "paragraph"}, {"sent": "Identified 6 novel regions with suggestive evidence (9.0x10-6 < p < 9.6x10-7)", "type": "paragraph"}, {"sent": "Different genetic regions were associated to IAA or GADA as the first autoantibody", "type": "paragraph"}]}