{"sentences": [{"sent": "We examined the associations between germline variants and Disease@MESH:D001943 mortality using a large meta-analysis of women of European ancestry", "type": "abstract"}, {"sent": "Meta-analyses included summary estimates based on Cox models of twelve datasets using ~10.4 million variants for 96,661 women with Disease@MESH:D001943 and 7697 events (Disease@MESH:D001943-specific deaths). Oestrogen receptor (ER)-specific analyses were based on 64,171 ER-positive (4116) and 16,172 ER-negative (2125) patients. We evaluated the probability of a signal to be a true positive using the Bayesian false discovery probability (BFDP)", "type": "abstract"}, {"sent": "We did not find any variant associated with Disease@MESH:D001943-specific mortality at P < 5 x 10-8. For ER-positive disease, the most significantly associated variant was chr7:Mutation@rs4717568 (BFDP = 7%, P = 1.28 x 10-7, hazard ratio [HR] = 0.88, 95% confidence interval [CI] = 0.84-0.92); the closest gene is Gene@26053. For ER-negative disease, the most significant variant was chr7:Mutation@rs67918676 (BFDP = 11%, P = 1.38 x 10-7, HR = 1.27, 95% CI = 1.16-1.39); located within a long intergenic non-coding RNA gene (AC004009.3), close to the Gene@3197 gene cluster", "type": "abstract"}, {"sent": "We uncovered germline variants on chromosome 7 at BFDP < 15% close to genes for which there is biological evidence related to Disease@MESH:D001943 outcome. However, the paucity of variants associated with mortality at genome-wide significance underpins the challenge in providing genetic-based individualised prognostic information for Disease@MESH:D001943 patients", "type": "abstract"}, {"sent": "Disease@MESH:D001943 is the most common Disease@MESH:D009369 in the Western world and accounts for 15% of Disease@MESH:D009369-related deaths in women, with about 522,000 deaths worldwide in 2012. Survival after a diagnosis of Disease@MESH:D001943 varies considerably between patients even with closely matching Disease@MESH:D009369 characteristics. Models that predict the likelihood of survival after Disease@MESH:D001943 treatment use Disease@MESH:D009369 and treatment data, but currently do not take host factors into account. The identification of prognostic and predictive biomarkers inherent in the germline of the patients rather than the Disease@MESH:D009369 could pinpoint mechanisms of Disease@MESH:D009369 progression and help with treatment stratification to increase therapeutic benefit. Such markers include inherited genetic variation, as there is evidence for heritability of Disease@MESH:D001943-specific mortality in affected first-degree relatives. Germline variation may affect prognosis by affecting Disease@MESH:D009369 biology, since such variants are known to be associated with risk of specific Disease@MESH:D001943 subtypes, particularly those defined by Gene@3164 status, and have different outcomes. Germline genotype could also affect the efficacy of adjuvant drug therapies or might Disease@MESH:D009369 environment via vascularisation, metastatic pattern, Disease@MESH:D009369 interaction and immune surveillance", "type": "paragraph"}, {"sent": "The association between common germline genetic variation and Disease@MESH:D001943-specific mortality has been examined in many candidate gene studies, as well as in moderate-sized genome-wide association studies (GWAS). However, it has been difficult link GWAS results to plausible candidate genes and few have been convincingly replicated. Large studies with long follow-up and reliable data on known prognostic factors are required if novel alleles associated with prognosis in Disease@MESH:D001943 are to be identified at a level of genome-wide significance. In the present work, we pooled genotype data from multiple Disease@MESH:D001943 and replication efforts with new genotype data obtained from a large Disease@MESH:D001943 series genotyped using the OncoArray chip. We examined associations with risk of Disease@MESH:D001943-specific mortality in a total of 96,661 Disease@MESH:D001943 patients with survival time data. We then investigated the potential functional role of the selected variants by predicting possible target genes", "type": "paragraph"}, {"sent": "We included data from twelve datasets (n = 96,661) in which multiple Disease@MESH:D001943 patient cohorts were genotyped by a variety of arrays providing genome-wide coverage of common variants. An overview of the datasets with specification of the arrays used is given in Supplementary Table 1. Data from eight of these datasets have been used in previous analyses (n = 37,954). However, the Collaborative Oncological Gene-Environment Study (COGS) dataset from the Disease@MESH:D001943 Association Consortium (BCAC) was updated to include additional follow-up and Disease@MESH:D003643 events and additional genotype data, increasing the number of events and samples to a total of n = 29,959 patients. Two new datasets, the BCAC OncoArray and the SUCCESS A trial, comprising 58,027 samples, were added for the current analyses", "type": "paragraph"}, {"sent": "The OncoArray is a custom Illumina genotyping array designed by the Genetic Associations and Mechanisms in Oncology (GAME-ON) consortium. It includes 533,000 variants of which 260,660 form a GWAS backbone, with the remainder being custom content, details of which have been described previously. The SUCCESS-A Study is a randomised phase III study of n = 3,299 Disease@MESH:D001943 cases. Cases from the trial were genotyped using the Illumina Human OmniExpress array. We downloaded imputed genotypes from dbGaP (data reference 6266)", "type": "paragraph"}, {"sent": "COGS samples that were also genotyped on the OncoArray were removed from the COGS dataset (n = 14,426). Female patients with Disease@MESH:D001943 diagnosed at age > 18 years, and with follow-up data available were included in the analyses. BCAC data from freeze 8 was used, in which 873 COGS samples with unknown Disease@MESH:D001943-specific mortality status were excluded from the analyses. All stages of Disease@MESH:D009369, including metastatic, were used in the analysis. Some individual studies applied additional selection criteria such as young age or early Disease@MESH:D001943 stage (Supplementary Table 2)", "type": "paragraph"}, {"sent": "The genotype and sample quality control for the datasets have been described previously. Ancestry outliers for each dataset were identified by multidimensional scaling or LAMP on the basis of a set of unlinked variants and HapMap2 populations. Samples of European ancestry were retained for analyses", "type": "paragraph"}, {"sent": "Ten of the datasets were imputed using the reference panel from the 1000 Genomes Project in a two-stage procedure. The 1000 Genomes project Phase 3 (October 2014) release was used as the reference panel for all the datasets apart from SUCCESS-A, which used the Phase 1 release (March 2012). Imputation for CGEMS and BPC3 was performed using the programme MACH. Phased genotypes were first derived using SHAPEIT and IMPUTE2 and then used to perform imputation on the phased data. The main analyses were based on variants that were imputed with imputation r2 > 0.3 and had minor allele frequency (MAF) > 0.01 in at least one of the datasets leading to ~10.4 million variants. To match the individual datasets in the meta-analysis we used the chromosome position. Variants were kept in the analysis as long as they were present in one of the studies. In those cases where there was ambiguity over the naming of the insertions and deletions, the MAF was used for further matching", "type": "paragraph"}, {"sent": "Time-to-event was calculated from the date of diagnosis. For prevalent cases with study entry after diagnosis left truncation was applied, i.e., follow-up started at the date of study entry. Follow-up was right censored on the date of Disease@MESH:D003643, on the date last known alive if Disease@MESH:D003643 did not occur, or at 15 years after diagnosis, whichever came first. We chose the 15 years cut-off because follow-up varied between studies and after that period follow-up data became scarce. Follow-up of the cohorts is illustrated in Kaplan Meier curves (Supplementary Figure 1)", "type": "paragraph"}, {"sent": "The hazard ratios (HR) for the association of genotypes with Disease@MESH:D001943-specific mortality were estimated using Cox proportional hazards regression implemented in an in-house programme written in C++. Analysis of the CGEMS and BPC3 data was conducted using ProbABEL. The estimates of the individual studies were combined using an inverse-variance weighted meta-analysis. Since meta-analysis results based on the Wald test have been shown to be inflated for rare variants we recomputed the standard errors based on the likelihood ratio test statistic (see details in Supplementary methods), using the formula:For each dataset we included as covariates a variable number of principal components (Supplementary Table 1) from the ancestry analysis as covariates in order to control for cryptic population substructure. The Cox models were stratified by country for the OncoArray dataset and by study for the COGS dataset. Statistical tests were performed for each variant by combining the results for all the datasets using a fixed-effects meta-analysis. Inflation of the test statistics (lambda) was estimated by dividing the 45th percentile of the test statistic by 0.357 (the 45th percentile for a chi2 distribution on 1 degree of freedom). Analyses were carried out for all Disease@MESH:D001943 and for oestrogen receptor (ER)-positive and ER-negative disease separately", "type": "paragraph"}, {"sent": "To assess the probability of a variant being a false positive we used a Bayesian false discovery probability (BFDP) test based on the P value, a prior set to 0.0001 and an upper likely HR of 1.3", "type": "paragraph"}, {"sent": "To predict potential target genes, we used Bedtools v2.26 to intersect notable variants with genomic annotation data relevant to gene regulation activity in samples derived from breast tissue. We examined features including enhancers, promoters and transcription factor binding sites identified by the Roadmap and ENCODE Projects. Expression quantitative loci (eQTL) data from GTEx were queried for evidence of potential cis-regulatory activity", "type": "paragraph"}, {"sent": "Association plot for the meta-analysis of the twelve datasets for Disease@MESH:D001943-specific mortality analyses (censored at 15 years) for a all Disease@MESH:D001943 (censored at 15 years), b ER-negative Disease@MESH:D009369 and c ER-positive Disease@MESH:D009369. The y-axis shows the -log10 P values of each variant analysed, and the x-axis shows their chromosome position. The red horizontal line represents P = 5 x 10-", "type": "fig_caption"}, {"sent": "Q-Q plots for the meta-analysis of the twelve datasets for Disease@MESH:D001943-specific mortality analyses (censored at 15 years) for a all Disease@MESH:D009369 (censored at 15 years), b ER-negative Disease@MESH:D009369 and c ER-positive Disease@MESH:D009369. The y-axis represents the observed -log10 P value, and the x-axis represents the expected -log10 P value. The red line represents the expected distribution under the null hypothesis of no association. Analyses were not corrected for LD-structur", "type": "fig_caption"}, {"sent": "Genotype data from 96,661 Disease@MESH:D001943 cases (64,171 ER-positive and 16,172 ER-negative) with 7697 Disease@MESH:D001929 years were included in the primary analyses. For 16,318 cases we did not have ER-status information. The average follow-up time was 6.38 years. Details of the numbers of samples and events in each dataset are given in Supplementary Table 3. Manhattan and quantile-quantile (Q-Q) plots for the associations between variants and Disease@MESH:D001943-specific mortality of all invasive, ER-negative and ER-positive Disease@MESH:D001943 are shown in Fig. 1 and Fig. 2, respectively. There was some evidence of inflation of the test statistic with an inflation factor of 1.06 for all invasive and ER-positive, and 1.05 for ER-negative including all variants. These Q-Q plots showed no evidence of an association at P < 5 x 10-8; at less stringent thresholds for significance, there were an increasing number of observed associations for all three analyses (Fig. 2)", "type": "paragraph"}, {"sent": "Results of the variants with BFDP < 15% in the meta-analysis of the 12 studies of Disease@MESH:D001943-specific mortalit", "type": "table_caption"}, {"sent": "We identified three variants at BFDP < 15% associated with Disease@MESH:D001943-specific mortality of patients with ER-negative disease (Table 1). These variants are part of an independent set of 32 highly correlated variants on chromosome 7q21.1 that were associated at P < 5 x 10-6 (Supplementary Table 4). The LD matrix between these variants computed based on the 1000 European genomes, and their chromosomal positions, are shown in Supplementary Figure 1. The strongest association was for Mutation@rs67918676: HR = 1.27; 95% CI = 1.16-1.39; P = 1.38 x 10-7; risk allele A frequency = 0.12 and BFDP = 11%. The imputation efficiency for this variant was high, with r2 = 0.99 for all datasets", "type": "paragraph"}, {"sent": "The lead variant Mutation@rs67918676 is located in an intron of a long intergenic non-coding RNA gene, Gene@105375207 (AC004009.3), in close proximity to the Gene@3197 gene cluster and the lncRNA Gene@100316868. We tested the genes within a 500 Gene@4155 window around the 32 highly correlated variants for the association of their mRNA expression in Disease@MESH:D001943 with recurrence-free survival using KMplotter (kmplot.com/analysis). Four of the ten closest genes with probes available showed moderate association with Disease@MESH:D001943 survival at P < 0.005 (Gene@3205, Gene@100316868, Gene@2128 and Gene@8887), with these associations mainly observed for ER-negative Disease@MESH:D001943 (Supplementary Table 5A). Yet, intersecting the germline variants with several sources of genomic annotation information (e.g., chromosome conformation, enhancer-promoter correlations or gene expression) we could not find strong in silico evidence of gene regulation by the region containing the associated variants", "type": "paragraph"}, {"sent": "We also identified four variants at a BFDP < 15% associated with Disease@MESH:D001943-specific mortality of patients with ER-positive disease (Table 1). These variants were part of an independent set of 45 highly correlated variants on chromosome 7q11.22 that were associated at P < 5 x 10-6 (Supplementary Table 6). The LD matrix between these variants computed based on the 1000 European genomes, and their chromosomal positions, are shown in Supplementary Figure 3. The strongest association was for Mutation@rs4717568: HR = 0.88; 95% CI:0.84-0.92; P = 1.28 x 10-7; risk allele A frequency = 0.62 and BFDP = 7%. The imputation efficiency for this variant was high, with an average r2 = 0.96 for all datasets. Two coding genes, Gene@26053 and Gene@442117, were located within a 500 Gene@4155 window around the 45 highly correlated variants, but the expression of neither of the two was associated with Disease@MESH:D001943 survival in KMplotter analyses of TCGA data (Supplementary Table 5B)", "type": "paragraph"}, {"sent": "Forest plot showing the association between the ER-negative variant Mutation@rs67918676 and Disease@MESH:D001943-specific mortality in ER-negative Disease@MESH:D009369 for the datasets used in the meta-analysis. The size of the square reflects the size of the study (see also Supplementary Table 3", "type": "fig_caption"}, {"sent": "Forest plot showing the association between the ER-positive variant Mutation@rs4717568 and Disease@MESH:D001943-specific mortality in ER-positive Disease@MESH:D009369 for the datasets used in the meta-analysis. The size of the square reflects the size of the study (see also Supplementary Table 3", "type": "fig_caption"}, {"sent": "The association of Mutation@rs67918676 with ER-negative Disease@MESH:D001943 was observed in eight of nine studies with no significant heterogeneity present at P < 0.01 (Fig. 3 and Supplementary Figure 4a). For ER-positive disease, the association of Mutation@rs4717568 was detected in all seven studies with no heterogeneity present at P < 0.01 (Fig. 4 and Supplementary Figure 4b)", "type": "paragraph"}, {"sent": "Apart from the 7q variants, only one isolated rare variant reached BFDP values below 15% for all Disease@MESH:D009369 (Table 1). The variant, Mutation@rs370332736: HR = 1.17; 95% CI: 1.10-1.24; P = 2.48 x 10-7; risk allele A frequency = 0.09 and BFDP = 13%, is located on chromosome 6 and has an average imputation efficiency of r2 = 0.96 for all datasets. In addition, there were several variants found at P < 10-6 for all three analyses (Supplementary Table 4, Supplementary Table 6 and Supplementary Table 7)", "type": "paragraph"}, {"sent": "In this large survival analysis, we report a genome-wide study for identifying genetic markers associated with Disease@MESH:D001943-specific mortality, involving 96,661 patients from a combined meta-analysis. We found one noteworthy region with 32 highly correlated variants on chromosome 7q21.1 for ER-negative. The lead variant Mutation@rs67918676 (P = 1.38 x 10-7 and BFDP of 11% under reasonable assumptions for the prior probability of association) is located in a long intergenic non-coding RNA gene (AC004009.3). While this represents an uncharacterised transcript mainly expressed in testis and prostate, it is located about 200 kb away from a cluster of Gene@3197 homeobox genes that has been implicated in Disease@MESH:D001943 aetiology and prognosis. This region also contains Gene@100316868, a lncRNA with prognostic value on clinical outcome in Disease@MESH:D001943. The flanking region on the opposite side contains Gene@8887, a gene that may be involved in chemosensitivity. Interestingly, database mining using KMplotter revealed evidence for an association of the expression of these nearby genes with survival from ER-negative Disease@MESH:D001943. On the other hand, the enhancer activity at this noteworthy locus was predicted to be low based on the intersection with biofeatures characteristic of regulatory activity as no known eQTLs appear to exist in this region, suggesting that gene regulatory effects of the identified variants are limited in breast tissue or may be activated under certain untested conditions. For ER-positive Disease@MESH:D009369, we found another noteworthy region with 45 highly correlated variants at P < 5 x 10E-6 on chromosome 7q11.22. The lead variant Mutation@rs4717568 (P = 1.28 x 10-7 and BFDP of 7%) is located between the Gene@26053 and the Gene@442117 genes. Gene@442117 encodes an N-acetylgalactosaminyltransferase that may play a role in membrane trafficking. Gene@26053 has been implicated in neurodevelopment, but Gene@26053 overexpression in Disease@MESH:D009369 has also been linked with resistance to chemotherapy and epithelial-to-mesenchymal transition. It has been postulated that overexpression of Gene@26053 is specific for Disease@MESH:D009362, which may be consistent with the inconspicuous gene expression results in the TCGA database", "type": "paragraph"}, {"sent": "It is important to note the differences between the present and the previous GWAS study we had undertaken, the latter done in a much smaller dataset (3632 events versus 7697 events in the current study) that did not include the OncoArray study. The OncoArray study is the largest dataset used in the present meta-analysis and also the study with the highest imputation quality. The two previously reported variants (Mutation@rs148760487 for all Disease@MESH:D009369 and Mutation@rs2059614 for ER-negative Disease@MESH:D009369) were not associated with Disease@MESH:D001943-specific mortality in the current analyses (P = 1.59 x 10-3 and P = 5.41 x 10-4, respectively). The most likely explanation for this is that the original results were false-positive findings, despite the original association being nominally \"genome-wide significant\". The BDFPs for the original reported associations were 54% and 16%, respectively. For the lead variants identified in the present analysis, we tested for differences in the imputation quality between the current and previous analysis. All variants had high imputation quality (~0.99) in the previous study, suggesting that the longer and more complete follow-up together with a higher number of events allowed more robust identification of Disease@MESH:D001943 mortality associations. However, there are some weaknesses of the current meta-analysis such as heterogeneity between patient treatment over time and between countries and between datasets with different study designs that should be considered. These limitations, intrinsic to large survival meta-analyses, increase the noise and reduce the power to detect true associations", "type": "paragraph"}, {"sent": "In conclusion, we found two novel candidate regions at chromosome 7 for Disease@MESH:D001943 survival, credible at a BFDP < 15% and associated with either ER-negative or ER-positive Disease@MESH:D001943-specific mortality. Concerning additional variants, we might still be underpowered to obtain a more comprehensive picture of genomic markers for Disease@MESH:D001943 outcome. Overall, the role of germline variants in Disease@MESH:D001943 mortality is still unclear and additional analyses with larger sample sizes and more complete follow-up including treatments are needed. In addition, alternative methods that integrate multiple data sources such as gene expression, protein-protein interactions or pathway analyses may be used to aggregate the effect of multiple variants with small effects. Such approaches could increase the power of the analyses while better explaining the underlying biological mechanisms associated with Disease@MESH:D001943 mortality", "type": "paragraph"}, {"sent": "M.K.S. and P.D.P.F. conceived the study. Q.G., M.E.G., S.K., C.J.T. and T.D. performed the data analyses. M.K.S., P.D.P.F., Q.G., M.E.G., T.D. and D.M.E. were involved in the interpretation of the data. J.D., D.F.E., P.D.P.F., S.C. and J.B. provided statistical and computational support for the data analyses. R.K., Q.W., M.K.B. and J.D. provided database support. M.E.G., Q.G., T.D., M.K.S. and P.D.P.F. wrote the first draft of the manuscript. All authors contributed data from their own studies, helped revise the manuscript and approved the final version", "type": "paragraph"}, {"sent": "All estimates reported in the paper are available through the BCAC website: http://bcac.ccge.medschl.cam.ac.uk", "type": "paragraph"}, {"sent": "The study was performed in accordance with the Declaration of Helsinki. All individual studies, from which data were used, were approved by the appropriate medical ethical committees and/or institutional review boards. All study participants provided informed consent", "type": "paragraph"}]}