{"sentences": [{"sent": "Somatic mutation signatures may represent footprints of genetic and environmental exposures that cause different Disease@MESH:D009369. Few studies have comprehensively examined their association with germline variants, and none in an indigenous African population. SomaticSignatures was employed to extract mutation signatures based on whole-genome or whole-exome sequencing data from female patients with Disease@MESH:D001943 (TCGA, training set, n = 1,011; Nigerian samples, validation set, n = 170), and to estimate contributions of signatures in each sample. Association between somatic signatures and common single nucleotide polymorphisms (SNPs) or rare deleterious variants were examined using linear Disease@MESH:C537770. Nine stable signatures were inferred, and four signatures (APOBEC C>T, APOBEC C>G, aging and homologous Disease@MESH:C535296) were highly similar to known COSMIC signatures and explained the majority (60-85%) of signature contributions. There were significant heritable components associated with APOBEC C>T signature (h 2 = 0.575, p = 0.010) and the combined APOBEC signatures (h 2 = 0.432, p = 0.042). In TCGA dataset, seven common SNPs within or near Gene@10681 were significantly associated with an increased proportion (beta = 0.33, 95% CI = 0.21-0.45) of APOBEC signature contribution at genome-wide significance, while rare germline mutations in Gene@23255 was also significantly associated with a higher contribution of this signature (p = 6.1 x 10-6). This is the first study to identify associations between germline variants and mutational patterns in Disease@MESH:D001943 across diverse populations and geography. The findings provide evidence to substantiate causal links between germline genetic risk variants and Disease@MESH:D063646", "type": "abstract"}, {"sent": "Women of African ancestry are more likely to be diagnosed with clinically Disease@MESH:D001943 than women of European or Asian ancestry. Here, the authors examined associations between germline variants and mutational signatures in Disease@MESH:D001943 across different ethnicities, especially in a unique sample set of indigenous African women. They identified four stable mutational signatures that explained the majority of Disease@MESH:D009369 mutations, leading to a better understanding of the complex interplay between germline genetics and somatic mutations across different ethnicities", "type": "abstract"}, {"sent": "Somatic mutation signatures act as the physiological readout of the biological history of a Disease@MESH:D009369, and provide a new bridge to connect Disease@MESH:D009369 mutation to both exogenous and endogenous risk factors.1, 2, 3 Many signatures have been reported to be attributable to specific environmental or lifestyle mutagens.4 However, somatic mutations could also be influenced by heritable factors,5 and endogenous factors that influence Disease@MESH:D009369 far more than previously considered.6, 7 A few studies have examined the interplay between germline genetics and somatic mutations in Disease@MESH:D063646 with signals identified for germline variants in Gene@5890,8 Gene@4157,9 APOBEC3 regions10, 11, 12 and DNA mismatch repair genes in different types of Disease@MESH:D009369.13 In addition, a few genes driven by rare deleterious variants were reported to be significant, which include: polymerase epsilon, catalytic subunit (POLE) gene associated with the Catalog of Somatic Mutation in Cancer (COSMIC) signature 10 in Disease@MESH:D016889;1 homologous Disease@MESH:C535296 (HRD) genes Gene@79728 and Gene@672/2 associated with HRD signature in various Disease@MESH:D009369;14, 15 and nucleotide excision repair (NER) genes associated with COSMiC signature 5 in Disease@MESH:D001749.16 The existing studies offered some evidences to the largely unexplored relationships between germline and somatic mutations.10, 17, 18, 19", "type": "paragraph"}, {"sent": "The burden and severity of Disease@MESH:D001943 vary widely across populations. Women of African ancestry are more likely to be diagnosed with clinically Disease@MESH:D001523 and have a higher mortality rate than age-matched women of European or Asian ancestry.20 Emerging data from The Cancer Genome Atlas (TCGA) has identified mutation signatures that show differences across ancestry groups.21, 22 These studies suggest modest differences between African and non-African ancestry groups but these datasets have relatively small number of women of African ancestry.23 To examine the association between common genetic variants, rare deleterious mutations and the contribution of mutational signatures across diverse populations, we used TCGA as the training set, and examined the whole-genome sequencing (WGS) and whole-exome sequencing (WES) from Nigeria as the validation set. We tested the hypothesis that biologically relevant germline variants associated with somatic mutation signatures in women of non-African ancestry would be validated in women of African ancestry as well", "type": "paragraph"}, {"sent": "Our study was embedded within the Nigerian Disease@MESH:D001943 Study (NBCS) and approved by the Institutional Review Board of all participating institutions. Informed consent has been obtained from the participants", "type": "paragraph"}, {"sent": "A total of 1,037 Disease@MESH:D001943 patients from TCGA were used as the training set. Demographics of participants, including clinical characteristics across ethnicity are summarized in Supporting Information Table S1. Somatic mutation data (single nucleotide variants [SNVs]) were generated as previously described.22 We included 1,035 WES and 84 WGS, and 82 patients owned both WGS and WES data in this analysis", "type": "paragraph"}, {"sent": "Affymetrix Genome-Wide Human SNP 6.0 Array data for 2,270 Disease@MESH:D001943 samples were downloaded from TCGA on November 6, 2015. A total of 1,134 samples were excluded for different reasons (12: missing ID; 1,110: solid Disease@MESH:D009369 tissue; 12: male patients). Among the remaining 1,136 female samples (1,087 unique patients), we excluded samples for 33 more patients due to genotyping missing rate >=5%, and worked with samples for 1,054 patients. Of the 906,600 single nucleotide polymorphisms (SNPs) included in the microarray data, 1,466 SNPs were excluded for lacking chromosome information or mapping to Y chromosome and 47,140 SNPs were removed due to genotyping missing rate >=5% or being monomorphic, and 857,994 SNPs remained", "type": "paragraph"}, {"sent": "Genetic ancestry of TCGA patients was estimated using principal component analysis (PCA).21 According to the estimated proportion of ancestry, patients were grouped into genomic Black (>=50% African ancestry), genomic White (>=90% European ancestry) and genomic Asian (>=90% Asian ancestry) as previously described.21", "type": "paragraph"}, {"sent": "Genotype imputation was done using IMPUTE2 software with the 1,000 Genomes Project phase 3 integrated variant set as the reference panel.24 A total of 81,232,799 SNPs within autosomes were imputed, and 24,570,114 SNPs were kept after excluding singletons or SNPs with an imputation information score <0.7", "type": "paragraph"}, {"sent": "Using the Platypus (https://www.well.ox.ac.uk/research/research-groups/lunter-group/softwares/platypus-a-haplotype-based-variant-caller-for-next-generation-sequence-data) in single-sample mode, variants within exonic regions were called as described previously.22 Briefly, variants were considered rare and deleterious if (i) they had an allele frequency <0.05 in The Exome Aggregation Consortium (ExAC)25 and across TCGA blood germline exomes from various Disease@MESH:D009369 types,22 and (ii) they were predicted by variant effect predictor (VEP) to have \"HIGH\" impact, cause protein loss-of-function (stop-gain, frameshift insertion and deletion [indel], etc.), or were missense mutations with a combined annotation dependent depletion (Disease@None)26 score >25. Only blood germline exomes were included. Additionally, variants were required to fall within consensus coding sequence (CCDS, version 17) exonic regions to be carried downstream. In total, 132,186 rare deleterious variants were found within 11,718 genes in 968 samples, of which 2,933 genes had only one mutation and 6,560 genes (56.0%) had less than five counts of rare coding deleterious variants among these samples. We therefore only focused on genes with at least five mutations (n = 5,158) in the downstream analyses. The Bonferroni corrected alpha levels for significance was 9.69 x 10-6", "type": "paragraph"}, {"sent": "A total of 172 women with Disease@MESH:D001943 from Nigeria were evaluated. All Nigerian patients were assumed to be 100% African with little to no admixture with other populations.27 These patients were younger and had more aggressive subtypes of Disease@MESH:D001943 with higher proportion of estrogen receptor negative (ER-), Gene@5241 negative (PR-), human Gene@2064 negative (Gene@2064-; triple-negative) subtypes. Characteristics of the Nigerian dataset were previously described.22", "type": "paragraph"}, {"sent": "Hundred Disease@MESH:D061325 samples for WGS and 129 Disease@MESH:D061325 samples for WES from 172 unique patients were processed for this analysis. Two WGS samples were excluded as outliers because their mutation counts were <100. Fifty-seven patients had both WGS and WES. For the common SNP analysis, 98 WGS samples were involved, while 170 samples (129 WES, 41 WGS) were included for rare variants analysis. Rare coding deleterious variants were called as described above. In total, 22,035 rare coding deleterious variants were found within 5,439 genes in 170 samples, of which 2,196 genes had only one mutation among these samples and 3,876 genes (71.3%) had less than five rare coding deleterious counts. A total of 1,563 genes were included in the final analysis", "type": "paragraph"}, {"sent": "Somatic SNVs were called as described previously.22 Briefly, in order to be utilized in downstream analyses, SNVs needed to be called by both MuTect (https://software.broadinstitute.org/Disease@MESH:D009369/Gene@1113/mutect) and Strelka (https://github.com/Illumina/strelka) as well as be absent within a normal panel of exomes (n = 1,088) and genomes (n = 124) derived from blood. We employed a nonnegative matrix factorization (NMF) approach using SomaticSignatures28 to extract somatic mutational signatures and estimate their contributions to each sample", "type": "paragraph"}, {"sent": "The ability to reliably call mutation signatures depends on having sufficient number of mutations per sample. To this point, we used all high-quality somatic exome SNVs, regardless of their position in the coding or noncoding region. A pilot study was conducted to compare the stability of signatures among different number of minimum SNVs (24, 48, 72 and 96, data not shown), and found that a cut point of 24 is sufficient. This is consistent with recent finding that 20 mutations gave an average classification accuracy of 80% across signatures.29 Any sample containing at least 24 SNVs was included for downstream assessment in order to enlarge the sample size as much as possible", "type": "paragraph"}, {"sent": "In order to obtain more stable signature estimates and ensure comparability between the training and validation sets, we combined both datasets to call the signatures, including 84 WGS samples and 1,008 WES samples from TCGA as well as 98 WGS samples and 129 WES samples from Nigeria. For samples with both WGS and WES, both data types were included", "type": "paragraph"}, {"sent": "We first used the nonnegative matrix factorization without normalization to obtain the mutation matrix as described by Alexandrov et al.,4 then calculated the percentage contributions of signatures for each sample by normalizing to the number of mutations of each sample. For subsequent analyses, we used the percentage of mutations assigned to each signature (contribution) rather than the total number of mutations attributed to a signature.30 The sum of mutation signatures' contribution is 1. This distinction is important as high APOBEC contribution, for example, do not necessarily imply APOBEC hypermutation", "type": "paragraph"}, {"sent": "Nine signatures were retained at the end for further downstream analyses because nine signatures explained approximately 99% of variance in the current sample. For all nine signatures, we examined the correlation of contributions between exomes and genomes using 138 individuals who had both WES and WGS data using intraclass correlation coefficient (rho). Each signature's contribution was simultaneously called for WGS samples and WES samples for those 138 individuals. Signatures A1 (rho = 0.938), A2 (rho = 0.912) and A9 (rho = 0.866) all exhibited strong correlation). APOBEC C>T (Signature A1) and C>G (Signature A2) contributions were correlated (r = 0.43). We only focused on stable signatures between WGS and WES in order to reliably leverage all available WES samples", "type": "paragraph"}, {"sent": "We compared our mutation signature matrices with the 30 previously reported signatures operative across a variety of Disease@MESH:D009369 types downloaded from the COSMIC. Mean Kullback-Leibler Divergence was applied to evaluate the similarity between our signatures and those from COSMIC:31  P and Q are the distributions matrixes for our signatures and those from COSMIC, respectively. The smaller Kullback-Leibler Divergence is, the better the similarity. A similarity of 0.00 is an exact match. With this approach, we determined the best representative known COSMIC signature for each of the signature we identified, and named with the name from canonical COSMIC signature they most closely resemble. Two signatures A5 and A7 did not match any canonical COSMIC signature", "type": "paragraph"}, {"sent": "We compared contribution of the selected signatures among categorical variables, including ancestry (Black, White, Nigerian) and Gene@3164 (Gene@3164)/Gene@2064 status (Gene@2064+, Gene@3164+/Gene@2064- and Gene@3164-/Gene@2064-), using Mann-Whitney U test", "type": "paragraph"}, {"sent": "We used GCTA to calculate the pairwise genetic relationship between individuals and created the genetic relationship matrix (GRM).32 We used a GRM cut-off value of 0.05,33 which excludes relationships that are approximately closer than second cousins. This removed around 77 samples in the TCGA dataset. All the heritability estimation analyses control for first 10 eigenvectors from PCA. We then estimated PCA-adjusted heritability of each phenotype (signature contribution) by the restricted maximum likelihood method in GCTA. Power analysis (http://cnsgenomics.com/shiny/gctaPower/) indicated a 99% chance of detecting a SNP-based heritability estimate (h 2) of 0.15 in the TCGA cohort.34", "type": "paragraph"}, {"sent": "The heritability was not calculated for Nigeria samples due to limited sample size. In the training dataset, among 24,570,114 SNPs, 1,573,566 were removed due to missing genotype data (missing proportion >5%), 5,301,200 variants were removed due to minor allele frequency (MAF) <0.001, and 188,864 variants were removed due to deviation from the Hardy-Weinberg equilibrium (HWE). The remaining 17,506,484 SNPs were used for downstream analyses. Among 1,054 samples with SNP chip data, 178 samples were removed due to missing genotype data (cut-off point as 1%), 77 were removed when pruning the GRM (relatedness <0.05) and 66 samples were excluded due to missing mutation signature. In the end, 733 samples were included in the model", "type": "paragraph"}, {"sent": "For TCGA, we analyzed 7,177,790 common SNPs with MAF >=0.05. The single-SNP association tests with signature contribution were conducted using linear Disease@MESH:C537770 as implemented in SNPtest,35 with adjustment for age and the eigenvectors from PCA. For the validation data, on the other hand, we only adjusted for age given that we do not anticipate any admixture with other ethnic. We applied genome-wide association study (GWAS) threshold (p = 5 x 10-8) as our cut-off point in the discovery stage. We also filtered the association results of the GWAS-identified risk SNPs by its location within the autosomal regions to check their role in the signature contributions. All SNPs included were previously reported to be associated with Disease@MESH:D001943 risk (https://www.ebi.ac.uk/gwas/). In Nigerians, we only assessed SNPs that were nominally significant in the TCGA cohort", "type": "paragraph"}, {"sent": "Gene-based association analyses for mutation signatures were conducted using the unified optimal sequence kernel association test (SKAT-O),36 as implemented in SKAT.37 As a linear combination of the burden and SKAT tests,38 SKAT-O achieves robust power whether a given gene has a high proportion of causal variants exerting effects in the same direction, or instead has many noncausal variants or variants exerting effects in opposite directions.39 We considered weighting parameter theta = 1 (burden) and theta = 0 (SKAT) tests and reported the optimal of the two tests. We included putatively deleterious variants with MAF <=5%, and used the beta distribution weights proposed by Wu et al.,38 which upweights rarer variants, for both tests. Gene-based analyses were adjusted for age and the eigenvectors from PCA for TCGA data. For validation with Nigerian dataset, we only adjusted for age. Subgroup analyses by subtype were also evaluated for all significant results. We used a Bonferroni adjustment for multiple testing to assess the significance of the gene-based test results. We also calculate Benjamini-Hochberg's false positive rate in the discovery dataset. For genes with evidences of association in the discovery phase, we pooled data from TCGA and Nigeria and conducted SKAT-O analysis after adjusting for age and proportion of African and Asian ancestry", "type": "paragraph"}, {"sent": "Two combined gene sets were examined to test their association with the contribution of HRD signature. One is a set of known Disease@MESH:D001943 predisposition genes (BROCA gene panel: http://tests.labmed.washington.edu/BROCA), another one contained all homologous recombination related genes from Kyoto Encyclopedia of Genes and Genomes (KEGG) pathway database, including Gene@472, Gene@5889, Gene@580, Gene@672, Gene@675, Gene@83990, Gene@84142, Gene@4361, Gene@4683, Gene@79728, Gene@7516, Gene@5424, Gene@5890, Gene@29086, blm, bre, Gene@146956, Gene@10111, Gene@5893, Gene@25788, Gene@8438, Gene@5932, Gene@6117, Gene@50511, Gene@7156, Gene@8940, Gene@11073, Gene@51720 and Gene@7517. All statistical calculations were completed in R or Stata version 15.0 (College Station, TX). All p values are two-sided", "type": "paragraph"}, {"sent": "A total of 1,011 samples with somatic mutation count >=24 (1,008 WES, 84 WGS) from TCGA were included as the training dataset, and 170 samples that satisfied the same criteria from Nigeria (129 WES, 98 WGS) were involved as the validation set (Fig. 1). The median (25th quartile and 75th quartile) for somatic mutation count per WES sample were 73 (50-144) for TCGA Caucasians, 100 (63-194) for TCGA African Americans and 131 (64-241) for Nigerians (Supporting Information Table S1 and Fig. S1). The number of mutation from WES was highly correlated with that from WGS (p < 0.001, Supporting Information Fig. S1C)", "type": "paragraph"}, {"sent": "Flow chart of this study. [Color figure can be viewed at http://wileyonlinelibrary.com", "type": "fig_caption"}, {"sent": "Nine mutational signatures were extracted (Supporting Information Fig. S2). Our signatures closely resembled Disease@MESH:D001943 signatures from COSMiC: signatures A1 (S2: APOBEC C>T), A2 (S13: APOBEC C>G), A3 (S17: Unknown, Disease@MESH:D001943 related), A4 (S10: Altered activity of polymerase POLE), A6 (S1: Aging), A8 (S8: Unknown etiology) and A9 (S9: HRD; Supporting Information Fig. S3). The common signatures including S2 (APOBEC C>T), S13 (APOBEC C>G), S1 (Aging), S8 (Unknown etiology) and S9 (HRD), explained the vast majority of mutations regardless of ethnicity or subtype (Supporting Information Figs. S4). The correlation between exomes and genomes were presented in Supporting Information Figures S5:there was high correlation for S2, S13, S1 and S9. Given the robustness of signature calls between these two data types, we focused on these four signatures for subsequent analyses", "type": "paragraph"}, {"sent": "The estimates of array-based heritability, h 2, ranged from 0.040 to 0.575 in TCGA samples across four selected signatures (Table 1), with APOBEC C>T signature (h 2 = 0.575, p = 0.010) and combined APOBEC signature (h 2 = 0.432, p = 0.042) displaying the strongest heritable components. Of note, the heritability estimates of mutation signatures are unreliable due to limited sample size, although we showed that some of them were statistically significantly different from zero", "type": "paragraph"}, {"sent": "GWAS estimates of signature heritability for signature contributions in TCGA datase", "type": "table_caption"}, {"sent": "Next, we analyzed the association of common SNPs with mutation signatures. Nine hundred seventy-four samples from TCGA and 170 samples from Nigeria with mutation signature results were further analyzed. No SNPs in TCGA showed significant association beyond genome-wide significance level contributing to any of the four selected signatures (Supporting Information Fig. S6). When contributions from the two APOBEC signatures were combined together, seven SNPs on or near Gene@10681 showed evidence of association surpassing p < 5 x 10-8 (Fig. 2 a, Table 2). Mutation@rs66866642/Mutation@rs578194564 (MAF = 0.169) in the intronic region of the Gene@10681 gene (Fig. 2 b) had the strongest association, and this signal was also consistently observed for both APOBEC C>T and APOBEC C>G signatures (Supporting Information Fig. S7). The CT allele of Mutation@rs66866642/Mutation@rs578194564 was significantly associated with a 35.3% absolute increase in the contribution to APOBEC signature (95% confidence interval [CI]: 23.1-47.5, p = 1.03 x 10-8; Table 2, Fig. 2 c). The top seven SNPs in TCGA tagged a couple of SNPs having LD r 2 >= 0.85, and they are located in the region with several regulatory elements (Supporting Information Table S2, Fig. 2 d). Using the Nigerian cohort as the validation set, 13 of 30 top SNPs were detected with nonsignificant p values, but with consistent magnitude and direction in beta coefficients to those in TCGA (Table 2)", "type": "paragraph"}, {"sent": "Common SNP Mutation@rs66866642/Mutation@rs578194564 in Gene@10681 is associated with APOBEC signatures. (a) Manhattan plot for associations between common SNPs and APOBEC signatures. (b) Plot of log-transformed p values from single marker analysis for the Gene@10681 gene. The labeled marker, a purple diamond (Mutation@rs66866642/Mutation@rs578194564), is the most significant SNP (index SNP). The LD between the index SNP and other markers in the region was color coded, with red color indicating strong LD (r 2 > 0.8) and blue color indicating weak LD (r 2 < 0.2). (c) Genotype of Mutation@rs66866642/Mutation@rs578194564 among different ethnic groups. (d) Functional elements at the Gene@10681 gene region. Data is from ENCODE through UCSC Genome Browser, including histone modification marks for H3K4Me1 and H3K27Ac, transcription factor binding sites and DNase Disease@MESH:D004342 sites of human mammary epithelial cells (HMEC), Disease@MESH:D001943 cell (MCF7). [Color figure can be viewed at http://wileyonlinelibrary.com", "type": "fig_caption"}, {"sent": "The top 30 signal for common SNPs in association tests with combined APOBEC signature contribution", "type": "table_caption"}, {"sent": "In addition, we evaluated the association between index SNPs identified in previous GWAS of Disease@MESH:D001943 risk, and signatures contribution. We found a dozen SNPs associated at nominal significance level with either APOBEC signature or HRD signature (Supporting Information Table S3). The genes tagged by SNPs associated with APOBEC signature included Gene@54522, Gene@22891, Gene@83539, Gene@57561, Gene@2263 and Gene@2099. Most of the genes associated with HRD signature function to decrease homologous recombination repair frequency, including Gene@27246, Gene@312, Gene@64215, Gene@8701 and Gene@7020", "type": "paragraph"}, {"sent": "Manhattan plots for the gene-based association analyses are shown in Figure 3a and Supporting Information Figure S8 for selected mutation signatures in TCGA cohort. Five genes showed evidence of association with contribution of APOBEC C>T signature or APOBEC C>G signature surpassing defined significance level (threshold as 9.69 x 10-6, Table 3). Gene@23255 is the top signal for combined APOBEC signature (pooled p = 6.11 x 10-6), and women with Gene@23255 mutations had higher APOBEC signature contribution. Two additional genes (Gene@3096 and Gene@54868) had marginal nominal significant association with contribution of combined APOBEC signature in both datasets. As the direction of the association for Gene@3096 was consistent across the TCGA and Nigerian datasets (pooled p = 0.0009), while the Gene@54868 association was positive in the TCGA cohort but negative in the Nigerian cohort (pooled p = 0.079) (Supporting Information Fig. S9), suggesting Gene@3096 is likely a true association but Gene@54868 may be false negative. Mutations in three genes, including Gene@23255, Gene@23085 and Gene@3092, were associated with higher contribution of APOBEC C>G signature alone", "type": "paragraph"}, {"sent": "Associations between rare deleterious variants and HRD signature. (a) Plot of log-transformed p values from gene-based analysis for rare deleterious variants. (b-d) Comparison of contribution of HRD signature, grouped by Disease@MESH:D001943 tissue subgroups, datasets, and the number of Gene@672 (b), Gene@675 (c) and Gene@672/Gene@675 mutations (d). [Color figure can be viewed at http://wileyonlinelibrary.com", "type": "fig_caption"}, {"sent": "Significant results of gene-based analysis in the training and validation dataset", "type": "table_caption"}, {"sent": "Germline mutations in four genes, Gene@672, Gene@675, Gene@1306 and PIGO, were significantly associated with contributions from the HRD signature (all p <= 5.5 x 10-6). The contribution of HRD signature was consistently increasing along with the number of rare deleterious variants in both Gene@672 and Gene@675 across different Disease@MESH:D009369 subtypes (Gene@2064+, Gene@3164+/Gene@2064- and Gene@3164-/Gene@2064+) and different datasets (Figs. 3 b and 3 c). We combined all mutations in Gene@672 and Gene@675 together. The combined gene set was significantly associated with the contribution to HRD signature in both TCGA (p = 5.0 x 10-12) and Nigeria samples (p = 0.0036). This association was also highly consistent across different Disease@MESH:D009369 subtypes and datasets (Fig. 3 d). Despite genome-wide significance, mutations in Gene@1306 and PIGO are rare and further validation of their associations is desirable", "type": "paragraph"}, {"sent": "In addition, when we combined all mutations occurring in a set of known Disease@MESH:D001943 predisposition genes (BROCA gene panel; 17 genes), or when we merged all homologous recombination related genes (29 genes), we found that both compounded gene sets were significantly associated with the contribution of HRD signature (p = 2.6 x 10-7 and 2.8 x 10-5, respectively). The significance level remained in the validation set (p = 0.0007 and 0.014, respectively). However, after excluding Gene@672 and Gene@675, neither of these gene sets remained significantly associated with HRD signature contribution. Two of HR related genes, Gene@83990 and Gene@10111, probably contributed to the association signal since many Nigerian samples had HRD contributions present yet no germline mutation in BROCA or homologous recombination genes (Supporting Information Table S4)", "type": "paragraph"}, {"sent": "Using Disease@MESH:D001943 data from 1,011 patients from TCGA (the training set) and 170 Nigerian women (the validation set), we extracted four stable mutational signatures including APOBEC C>T, APOBEC C>G, aging and HRD, which is consistent with previous studies.1, 4, 40, 41 These signatures alone were able to explain the majority of the Disease@MESH:D009369 mutations across both cohorts. Heritability analysis suggests that germline genetic factors could explain some of the heterogeneity in mutation signatures across patients with Disease@MESH:D001943. We confirmed the association between rare deleterious variants in Gene@672;675 and increased HRD signature activity. We found that common variants proximal to Gene@10681 as well as rare exonic mutations within Gene@23255 were associated with increased APOBEC C>T/G activity, acting as plausible contributors to the observed heritability. Rare variants in Gene@3096 were also marginally associated with the signature although this did not reach genome-wide significance, probably because of the small sample size", "type": "paragraph"}, {"sent": "APOBEC signatures, the most widespread mutational signatures in human Disease@MESH:D009369, have been reported in 16 of 30 Disease@MESH:D009369 types from TCGA, implicating APOBEC enzymes as some of the most pervasive mutators in human Disease@MESH:D009369.10 We found seven common SNPs in/near Gene@10681 to be significantly associated with APOBEC signature contribution in TCGA. However, this signal could not be replicated in Nigerians, possibly due to limited sample size. Previous studies suggested a potential role for Gene@10681 in Disease@MESH:D009369. First, Gene@10681 encodes guanine nucleotide-binding protein Gene@91056, and this protein is expressed in breast tissue.42 Evidence from the Human Protein Atlas at the protein and mRNA levels also suggested the favorable prognostic role of Gene@10681 in Disease@MESH:D007680 and Disease@MESH:D016889. Second, overexpression of Gene@10681 promoted a migratory phenotype in Disease@MESH:C538231 cells.43 However, it remains unclear whether Gene@10681 directly affects the transcription, translation or activity of APOBEC enzymes. Further molecular analyses are required to functionally characterize the observed relationship and its generalizability to other Disease@MESH:D009369 types", "type": "paragraph"}, {"sent": "The association between Gene@3096 and APOBEC signature could be explained by their functional roles in viral defense.44, 45 The presence of viral element can stimulate APOBEC expression through a complex network of innate immunity signaling, including components like Toll-like receptors, interferons, interleukins and even Gene@7157.46 It is possible that Gene@3096 proteins play a more direct role in APOBEC regulation as it binds enhancer elements containing the GGGACTTTCC motif.47 In the context of disease, downregulation of another family member, Gene@3097 gene, has already been shown as one of the genetic events responsible for Disease@MESH:D001943.48 We did not find prior evidence directly implicating Gene@23255, also known as suppressor of glucose autophagy associated 2 (SOGA2), in APOBEC activity. Suggestive association between Gene@23255 and Disease@MESH:D001943 risk has been reported in women of Indonesian ancestry, further indicating the potential importance of germline variation proximal to this gene.49 To further understand the biological basis of our observations, it will be necessary to conduct functional studies to uncover the exact causal mechanisms that may ultimately inform innovative therapeutic approaches", "type": "paragraph"}, {"sent": "We found that the combined effects of rare, deleterious alleles in Gene@672 and Gene@675 were consistently associated with higher HRD signature contributions in both TCGA and Nigerian data. This finding was in accordance with other studies done with prostate and Disease@MESH:D013274,1, 14, 15 and the mechanisms promoting HRD activity have been explored in several experimental studies.30, 41, 50, 51, 52 However, to the best of our knowledge, this is the first report of association in an indigenous African population in Nigeria, and our findings could have significant implications for Disease@MESH:D009369 control in underserved and underrepresented population with higher burden of aggressive young onset Disease@MESH:D001943.20", "type": "paragraph"}, {"sent": "In previous work, Zhu and colleagues observed a significant inverse association (p = 8.75 x 10-6) between the risk allele in Mutation@rs2588809 of the gene Gene@5890 and total somatic mutation count across 638 Disease@MESH:D001943 patients of European ancestry from TCGA.8 In our study, Mutation@rs2588809 was not associated with the contribution of any signatures, but rare deleterious variants within Gene@5890 were found to be nominal significantly correlated with the contributions of aging and HRD signatures. It has been shown that loss-of-function mutations in homologous recombination genes other than Gene@672;675 can facilitate HRD signature activity.41 It is possible that Gene@5890 Disease@MESH:D019586 the mutational burden of Disease@MESH:D009369 through HRD, potentially making these patients good candidates for immunotherapy due to their increased likelihood of harboring neoantigens.53 Taken together, these findings suggest that genetic ancestry may play an important role in mutational development and Disease@MESH:D009369 progression. This highlights the need to accumulate more genetic data from diverse populations in order to better understand the heightened aggressive Disease@MESH:D001943 risk observed in individuals of African ancestry.54", "type": "paragraph"}, {"sent": "There are multiple advantages in our study. First, samples from Nigeria added a substantial value in terms of validation, which expanded the findings from a primarily US European ancestry population to an indigenous African population.55 Second, we harmonized data from a number of sources using the same pipeline, which avoided batch effect due to bioinformatics software. Third, we inferred mutations signatures across all samples using nonnegative matrix factorization and used the estimated signature contributions directly for analysis. This offered advantages over previous approaches which used the burden of mutations found in specific trinucleotide contexts as a proxy for APOBEC signature activity.3, 8, 56, 57 Fourth, we comprehensively explored the association between common genetic variants, rare deleterious variants and the contribution of mutational signatures across different ethnicities, and provided insights to the relationship between germline variants and somatic mutational processes.10 Several study limitations should also be noted. First, we only focused on the substitutions, and did not consider other types of somatic mutation, such as indels and structural variants.3, 41 Second, while WES allowed us to acquire a larger number of data, our analyses were confined to somatic mutations within protein coding regions. WGS could uncover microscale and macroscale somatic alterations58 and provide us more stable estimates of mutation signature contributions. As such, we only focused on the four signatures with strong concordance between WGS data and WES data. Although common practice,1, 22 estimating mutation signatures from exome sequencing could cause potential biases due to sequence motif representation as compared to whole genome. APOBEC enzymes have been shown to preferentially target genic regions, which is likely due to the availability of ssDNA substrates during transcription.59, 60, 61 Additional work has demonstrated that APOBEC mutations are also enriched within early-replicating regions regardless of transcriptional activity.60 It is unclear if identical mutagenic processes affect all early-replicating and transcriptionally active regions. Even though we observed high mutation signature correlations between exomes and genomes, we cannot rule out the possibility that different molecular mechanisms generated similar mutational signatures in coding and noncoding regions. It is also possible that a single mutational process is responsible for generating somewhat different signatures in these regions. As such, it is important to remember that signature contribution estimates only serve as a phenotypic marker and may not fully capture the nuances of underlying mechanistic processes. Third, causal links between germline and somatic mutational processes are one explanation for the associations presented here, but other explanations cannot be ruled out.30", "type": "paragraph"}, {"sent": "In summary, our study identified associations between germline variants and mutational patterns in Disease@MESH:D001943 across different ethnicities, especially in African women for the first time. This finding may advance our understanding of Disease@MESH:D001943 etiology with potential implications for prevention and treatment. However, further replications in larger and diverse populations are needed to validate our findings. Meanwhile, future work focused on understanding the biological basis of Disease@MESH:D009369 susceptibility alleles will be instrumental in better understanding the complex interplay between germline genetics and somatic mutations", "type": "paragraph"}, {"sent": "Experimental design: White KP, Huo D and Olopade OI. Patient recruitment and clinical annotation of samples supervision: Olopade OI. Genomic materials preparation at UCH: Odetunde A. Operation of sample preparation supervision at UCH: Falusi A. Patient's recruitment and harvesting specimens from patients in Nigeria: Popoola A, Disease@MESH:D001260 and Ibrahim N. Pathological assessment of patient specimens at UCH: Oluwasola O and Ajani M. Study supervision at UCH: Ojengbede O. Pathological assessment at LASUTH: Sanni A and Obafunwa J. Pathological assessment at the University of Chicago: Khramtsova G. Study operation at the University of Chicago: Yoshimatsu TF and Hurley I. Quality assessment of sequence data: Fitzgerald D and Pitt JJ. Data analysis: Wang S, Pitt JJ, Zheng Y, Yoshimatsu TF, Fitzgerald D, Gao G and Huo D. Statistical analysis supervision: Huo D. WES data production and analysis supervision: Barretina J. Data analysis and result interpretation supervision: White KP, Huo D and Olopade OI. Article writing: Wang S, Pitt JJ, Zheng Y, Yoshimatsu TF, White KP, Huo D and Olopade OI. Final approval of the article: all authors", "type": "paragraph"}, {"sent": "Raw TCGA data used in this analysis were downloaded from TCGA Data Portal or Cancer Genomics Hub. Access to the harmonized variant calls that support the findings of our study are available on request from the corresponding author (O.I.O.). The raw sequencing data from Nigerian cases is available through Disease@None under Study Accession phs001687.v1.p1", "type": "paragraph"}]}