{"sentences": [{"sent": "The etiology of Disease@MESH:D018358 remains poorly defined. Although Disease@MESH:D018358 are in some cases associated with Disease@MESH:D030342, such syndromes are rare. The majority of Disease@MESH:D018358 are thought to be sporadic. We performed a genome-wide association study (GWAS) to identify potential genetic risk factors for sporadic Disease@MESH:D018358. Using germline DNA from blood specimens, we genotyped 909,622 SNPs using the Affymetrix 6.0 GeneChip, in a cohort comprising 832 Disease@MESH:D018358 cases from Dana-Farber Cancer Institute and Massachusetts General Hospital and 4542 controls from the Harvard School of Public Health. An additional 241 controls from Dana-Farber Cancer Institute were used for quality control. We assessed risk associations in the overall cohort, and in Disease@MESH:D018358 subgroups. We identified no potential risk associations in the cohort overall. In the small intestine Disease@MESH:D018358 subgroup, comprising 293 cases, we identified risk associations with three SNPs on chromosome 12, all in strong LD. The three SNPs are located upstream of Gene@2004, a transcription factor implicated in angiogenesis. We did not identify clear risk associations in the bronchial or Disease@MESH:D018358. This large-scale study provides initial evidence that presumed sporadic small intestine Disease@MESH:D018358 may have a genetic etiology. Our results provide a basis for further exploring the role of genes implicated in this analysis, and for replication studies to confirm the observed associations. Additional studies to evaluate potential genetic risk factors for sporadic Disease@MESH:D010195 and Disease@MESH:D018358 are warranted", "type": "abstract"}, {"sent": "The current annual incidence of Disease@MESH:D018358 in the United States is estimated to be 5.25 per 100,000 population, and the prevalence is estimated to exceed 100,000 individuals. Disease@MESH:D018358 are characterized by well-differentiated morphologic features and the ability to secrete neuropeptides, resulting in characteristic clinical syndromes. The best known of these syndromes is the Disease@MESH:D002276, which is characterized by excess secretion of serotonin and the development of Disease@MESH:D005483, Disease@MESH:D003967 and right-sided Disease@MESH:D006349. Disease@MESH:D018358 arising in the pancreas are categorized as Disease@MESH:C535838 and comprise approximately 10% of Disease@MESH:D018358. Disease@MESH:D018358 arising in other anatomic locations are generally described as Disease@MESH:D002276'. The most common sites for Disease@MESH:D002276 are the lungs and bronchi, which account for up to 30% of all Disease@MESH:D018358, with small intestine, appendix and rectal Disease@MESH:D002276 comprising the majority of the remaining sites. Within the Disease@MESH:D004067, Disease@MESH:D002276 arising in the small intestine are the most common", "type": "paragraph"}, {"sent": "Mendelian syndromes associated with the development of Disease@MESH:D018358 have been well described. Disease@MESH:D018761 1, caused by mutations in the Disease@MESH:D009369 suppressor gene Gene@4221, has been associated with the development of Disease@MESH:D018358, lung and thymus, as well as Disease@MESH:D010282 and pituitary glands. Additional modifying genetic factors also appear to play a role in this condition. Disease@MESH:D018813 (MEN2), caused by mutations in the Gene@5979 proto-oncogene, is characterized by the development of Disease@MESH:D010673 and medullary Disease@MESH:D013964. Disease@MESH:D010673, a rare group of Disease@MESH:D018358 not specifically included in our study, are commonly associated with germline mutations, which have been described in a number of genes, including Gene@7428, Gene@4763, Gene@5979, genes in the succinate dehydrogenase pathway, and, less commonly, Gene@55654, MAX, Gene@2034, Disease@MESH:D006938 and Gene@4191", "type": "paragraph"}, {"sent": "Inherited syndromes, however, are thought to account for only a small minority of Disease@MESH:D018358 and Disease@MESH:D002276 cases. Furthermore, no clearly established environmental risk factors for Disease@MESH:D018358 have been identified. Case control studies have provided conflicting data regarding potential links between the development of Disease@MESH:D018358 and smoking or other exposures. An inherited basis for presumed \"sporadic\" Disease@MESH:D018358 has been suggested by evidence of familial clustering of Disease@MESH:D018358 described in both case series and population-based studies. An institutional analysis of 243 carcinoid cases, as well as an initial population-based analysis of a Swedish Family-Cancer Database comprising 10.2 million individuals, identified increased incidence rates of Disease@MESH:D002276 in first-degree relatives. A subsequent, more recent analysis of the Swedish database confirmed the increased risk in first-degree relatives of individuals with Disease@MESH:D002276, reporting a relative risk of 4.33. Another study, combining family Disease@MESH:D009369 datasets from Sweden and Finland, provided specific evidence of familial associations in individuals with small intestine Disease@MESH:D002276: siblings of individuals with small intestine Disease@MESH:D002276 had a 30-fold higher risk of developing the same condition, and parents or children a 10-fold increased risk. A recent study that focused on families with small intestine Disease@MESH:D002276 revealed the presence of multifocal and independent Disease@MESH:D009369 arising within the small intestine, consistent with the presence of an inherited susceptibility gene. Inherited mutations in the gene Gene@253430 were identified in one such family, though not in other families", "type": "paragraph"}, {"sent": "Initial attempts at performing genome-wide association studies to identify genetic risk factors in Disease@MESH:D018358 have been limited by small sample size. Although candidate loci have been reported in these studies, they have not been replicated and the results of these initial studies have been inconclusive. To further investigate a potential heritable basis for Disease@MESH:D018358, we performed a large-scale genome-wide association study evaluating over 900,000 SNPs, using the Affymetrix 6.0 Chip. We genotyped 832 specimens from a prospectively enrolled population of Disease@MESH:D018358 patients from our center, and compared genotype frequencies to over 4500 control cases from two large cohort studies, the Nurse's Health Study and the Health Professionals Follow-Up Study. We analyzed potential risk associations in the cohort overall and within NET subgroups", "type": "paragraph"}, {"sent": "Patients with a confirmed diagnosis of NET (excluding Disease@MESH:D055752) were recruited to an Institutional Review Board-approved study in the gastrointestinal clinic at Dana-Farber Cancer Institute (DFCI). A total of 1396 patients with Disease@MESH:D018358 were recruited to a prospective follow-up study between 2003 and 2012. Of these patients, 1265 provided blood specimens, and 942 specimens were subsequently genotyped. Twenty-five of these cases had previously also been evaluated in the previously described multicenter study of small intestine Disease@MESH:D018358 risk, and 370 of the cases had been included in the prior study from our center evaluating potential risk associations in candidate genes. Consent had been obtained from each patient after a full explanation of the purpose and nature of all procedures used. Baseline clinical and demographic information was derived from both questionnaires and from the medical record. All pathology was reviewed in the Pathology Department at Dana-Farber/Brigham and Disease@MESH:C536013 Center at the time of patient consultation", "type": "paragraph"}, {"sent": "Due to a limited number of Disease@MESH:D018358 in the Dana-Farber cohort, an additional set of 75 patients with histologically confirmed well-differentiated (typical or atypical) Disease@MESH:D018358 were included from Disease@MESH:D008175 Susceptibility Study conducted from 1992 to 2011 at the Massachusetts General Hospital/Disease@MESH:D009369 Center, also in Boston. This study was approved by the Human Subjects Committees of Massachusetts General Hospital and the Harvard School of Public Health in Boston, MA, USA. Patients completed a questionnaire before time of first visit that included clinical and demographic data, as well as past medical and family Disease@MESH:D009369 history. Unreported clinical information, including Disease@MESH:D009369 type, histology and stage was extracted from the medical record", "type": "paragraph"}, {"sent": "Two hundred and ninety-one healthy controls were recruited from Dana-Farber Cancer Institute (DFCI) and genotyped along with the cases for quality control (QC). Healthy controls were recruited from friends and nonblood-related family members who accompanied the patients to the Dana-Farber Cancer Institute clinic from and volunteered to participate in the study. These DFCI controls completed the same questionnaire as the cases. The primary comparator controls consisted of 4622 healthy individuals identified from the Nurses Health Study (NHS) and the Health Professionals Follow-Up Study (HPFS). These controls are henceforth referred to as Harvard controls", "type": "paragraph"}, {"sent": "DNA samples for cases and for the DFCI controls (used for QC) were genotyped using the Affymetrix GeneChip Human Mapping 6.0 set (Affymetrix) at the Broad Institute, Cambridge, MA. The Harvard controls had been previously genotyped on the Affymetrix 6.0 platform. We genotyped 909,622 SNPs with 1308 total samples (this does not include 14 HapMap samples genotyped making the total 1322). In brief, before merging, an initial Affymetrix quality control check identified 35 samples that did not pass the FQC genotyping call rate of >86% on a subset of 3022 SNPs or that failed a process QC. SNPs were identified on the remaining 1273 samples using the Birdsuite calling algorithm. Standard data QC procedure was then separately applied to the cases (along with DFCI controls) and primary comparator controls since they come from different sources. For the cases and DFCI controls, 125 samples were excluded for high missing data rates of <95% completion or outlier over three SD outlier proportions of heterozygous genotypes, or incorrect gender, or genotypic relatedness to other subjects (IBD pi > 0.185) or unexpected duplicates, or reclassified ineligible diagnosis or population outliers (over 3 SD) of the first two principal components using HapMap III with EIGENSTRAT. This left 888 cases and 259 DFCI controls that were genotyped. After combining these 259 DFCI controls with the 4622 NHS and HPFS healthy primary comparator controls, we had a total of 4881 controls", "type": "paragraph"}, {"sent": "Common SNPs (646,368) for cases and controls were identified, and their data were merged. Similar QC measures were then performed using PLINK on the merged data to ensure homogeneity in terms of missingness and ancestry in the combined sample. Three cases and 18 controls were excluded for high missing data rates of <95% completion, or genotypic relatedness to other subjects (IBD pi >0.185). We then used PLINK to select 105,845 independent markers (pairwise r2 < 0.2) to conduct a principal component analysis to detect potential population stratification. One hundred and thirty-three outliers (53 cases and 80 controls, over six SD) of the first ten principal components were identified and removed. We then extracted SNPs with Gene@4094 >1%, genotyping call rate >95%, P value for Hardy-Weinberg Equilibrium (HWE) test in the controls >10-5, P value for HWE in combined cases and controls >10-6 (to eliminate allele flips) and P value for difference in missing data rate between cases and controls >10-6. To identify markers that were potentially genotyped with error, we performed a logistic regression comparing DFCI controls with Harvard controls and eliminated SNPs with a P value smaller than 0.01. The final data contain 613,218 SNPs from 5615 samples (832 cases and 4783 controls)", "type": "paragraph"}, {"sent": "We used an additive genetic model (test for trend) to evaluate the associations of SNP with Disease@MESH:D018358 risk. Logistic regression was performed, comparing all cases to all controls, for each SNP, adjusting for gender, age (at diagnosis for cases and at blood draw for controls) and the first 10 principal components (PCs). We used PLINK to perform regression analyses. Measures of the genomic control lambda close to one and an inspection of a quantile-quantile plot did not demonstrate a systematic deviation from the expected distribution, minimizing the likelihood of Disease@MESH:D012030 due to underlying population substructure. We set the genome-wide significance threshold at 5 x 10-8", "type": "paragraph"}, {"sent": "After quality control, 862 cases, 241 DFCI controls (QC-controls) and 4542 Harvard controls were used in the analysis. The median age of the cases was 54.7 years, and the median age of the Harvard controls was 60.8; a slight female preponderance was observed in both cases and controls. Of the cases, 293 had small intestine Disease@MESH:D009369, 156 Disease@MESH:D018358 and 128 Disease@MESH:D018358. Only 4% of the cases had Disease@MESH:D009369 histologies classified as poorly differentiated. Although complete ethnicity data on all cases were not available, of the available cases, 93% self-reported as Caucasian. The primary controls consisted of healthy Caucasian individuals identified from the Nurses' Health Study (NHS) and the Health Professionals Follow-Up Study (HPFS). Further characteristics of the cases and controls are shown in Table 1", "type": "paragraph"}, {"sent": "A logistic regression comparing all NET cases to the Harvard controls was first performed for each SNP, adjusting for gender, age (at diagnosis for cases and at blood draw for controls) and the first 10 PCs. No SNP passed the genome-wide significance threshold of P < 5 x 10-8. Figure 1 displays the Manhattan plot and the quantile-quantile (QQ) plot for the overall analysis. The genomic control lambda was 1.06", "type": "paragraph"}, {"sent": "Given potential genetic differences between lung, small intestine and Disease@MESH:D010195 NET, we also evaluated risk associations in these subgroups separately. Genetic differences between well-differentiated and poorly differentiated Disease@MESH:D009369 have also been reported, but the small number of poorly differentiated Disease@MESH:D009369 in our cohort precluded this subgroup analysis. For lung NET, a logistic regression comparing 128 Disease@MESH:D002276 cases to the Harvard controls was performed for each SNP, adjusting for gender, age (at diagnosis for cases and at blood draw for controls) and the first 10 PCs. The genomic control lambda was 1.12. Although one SNP, Mutation@rs10827565, on chromosome 10, passed the genome-wide significance threshold (Odds ratio 2.992, P = 9.7e-12), it is not located on a known gene, and we were not able to identify any SNPs in LD with this SNP to confirm the association. The potential significance of this SNP is, therefore, not clear. We performed a parallel analysis for Disease@MESH:D010195 NET cases, where no SNP passed genome-wide significance and no clear risk associations were identified", "type": "paragraph"}, {"sent": "For small intestine NET, we performed a logistic regression comparing 293 small Disease@MESH:D002276 cases to the controls for each SNP, adjusting for gender, age (at diagnosis for cases and at blood draw for controls) and the first 10 PCs. The genomic control lambda was 1.11. Three SNPs in high LD with each other (r2 > 0.97), Mutation@rs2192799, Mutation@rs2540513 and Mutation@rs256182, passed the genome-wide significance threshold (Table 2). All three SNPs are located on chromosome 12 within a 200 kb noncoding region between the genes LTAH and Gene@2004 (Fig. 2). Using the 1000 Genome phase 3 CEU data, we looked at all the bi-allelic SNPs within 500 kb of the three SNPs of interest for SNPs that were in LD with the three identified SNPs. Out of a total of 29,307 bi-allelic SNPs in this region, we found 16 SNPs that were in high LD (r2 > 0.8) with our three SNPs, all within a 30 kb region (the following SNPs were identified: Mutation@rs2192799, Mutation@rs2540513, Mutation@rs2660861, Mutation@rs2660859, Mutation@rs4762270, Mutation@rs2660858, Mutation@rs2660855, Mutation@rs4762135, Mutation@rs256189, Mutation@rs256182, Mutation@rs2098357, Mutation@rs42436, Mutation@rs34576, Mutation@rs34577, Mutation@rs34578, Mutation@rs34579). None, however, were on a known gene. We further tested correlations between these three SNPs and 14 genes located within one MB using the Genevar database. This analysis revealed a potential association between one of the SNPs, Mutation@rs256182, and expression of Gene@2004, a transcription factor implicated in angiogenesis (correlation 0.255, P = 0.0076), in lymphoblastoid cells", "type": "paragraph"}, {"sent": "Genetic risk factors for Disease@MESH:D018358 remain poorly defined. Although Mendelian syndromes associated with specific inherited mutations have been associated with the development of Disease@MESH:D018358, such mutations account for only a minority of cases and the great majority of Disease@MESH:D018358 are thought to be sporadic. The relative rarity of Disease@MESH:D018358 has been an obstacle to performing large, genome-wide association studies to identify genetic risk factors. Our study, which comprised over 800 cases and over 4500 controls, represents one of the largest such studies performed to date", "type": "paragraph"}, {"sent": "We did not identify any risk associations in our cohort overall, nor did we identify risk associations in the subgroup of cases with Disease@MESH:D018358. The identification of only a single associated SNP in Disease@MESH:D018358 not located in any known gene and without other associated confirming SNPs suggests this finding may be spurious and should be interpreted with caution. Our analysis of the small intestine Disease@MESH:D018358 subgroup, on the other hand, revealed three associated SNPs, all in strong linkage disequilibrium on chromosome 12q23. These SNPs are not located on any known gene, though they are in close proximity to Gene@2004 (Net), a gene implicated in transcriptional regulation of angiogenesis. Evaluation of the Genevar database suggested that these SNPs are potentially associated with the expression of Gene@2004, albeit in a different (lymphoblastoid) cell type. In mouse studies, Gene@13713 is expressed at sites of angiogenesis during early development; both phosphorylated Gene@13713 and Gene@22339 are coexpressed in human Disease@MESH:D009369. The finding of a potential association with angiogenesis is particularly intriguing in light of the fact that Disease@MESH:D018358 are characterized by abundant vasculature, and are responsive to inhibitors of the Gene@7422 pathway. Disease@MESH:D006623, one of the inherited Disease@MESH:D009369 syndromes associated with the development of Disease@MESH:D018358, is caused by germline mutations in Gene@7428. Gene@7428 functions, in part, by regulating the degradation of Gene@3091 (Gene@3091), a transcription factor that induces the expression of a number of genes implicated in angiogenesis. Mutations in Gene@2034 (Disease@MESH:D000860 inducible factor 2A), a homologous gene transcription factor also implicated in angiogenesis, have been reported in Disease@MESH:D010673. The three SNPs identified on chromosome 12q23 are also in proximity to two other genes, LTAH4 and Gene@3034, though whether these genes could be implicated in the development of Disease@MESH:D018358 is not clear. LTAH4 is a gene encoding Gene@4048, an amino acid peptidase involved in arachidonic acid metabolism, and has been linked to the development of Disease@MESH:D004646. Gene@3034 encodes Gene@3034, a gene associated with Disease@MESH:C538320", "type": "paragraph"}, {"sent": "The identification of germline risk associations limited to the small intestine subgroup is in some ways not surprising in light of the fact that it has become increasingly apparent that somatic genetic changes in Disease@MESH:D018358 vary significantly according to Disease@MESH:D018358 subtype. Somatic mutations in Disease@MESH:D018358 are now well characterized and differ significantly depending upon Disease@MESH:D009369 site of origin. In addition to mutations in Gene@4221, Disease@MESH:D018358 have been reported to commonly contain recurrent mutations in two other genes, Gene@1616 and Gene@546, both implicated in chromosomal maintenance. Additional mutations in genes implicated in the Gene@2475 pathway, including Gene@7249 and Gene@5728, were reported in 15% of cases in this study. Recently, recurrent mutations in the transcription factor Gene@7528 (Gene@7528), a gene implicated in mitochondrial function and Disease@MESH:D007333/Disease@MESH:D007333-like growth factor signaling, were identified in a series of 10 Disease@MESH:D007340. Although mutations in Gene@4221 have been identified in Disease@MESH:D002276, mutations in Gene@1616, Gene@546 and Gene@2475 pathway genes have not. Somatic mutations in small intestine Disease@MESH:D018358 are quite uncommon; recurrent mutations in Gene@1027 (Gene@3429) have been reported, but were present in only 8% of cases evaluated using a combination of whole genome and targeted sequencing. Both familial and sporadic small intestine Disease@MESH:D018358 have been characterized by deletions and loss of chromosome 18, though a specific gene candidate at this location has not been identified", "type": "paragraph"}, {"sent": "Our results differ from those of two previous studies evaluating genetic risk factors in Disease@MESH:D018358. The first of these studies, a pilot genome-wide association evaluated potential risk associations in a cohort of 239 small intestine Disease@MESH:D018358, including 82 cases from our center, and 110 controls. This study utilized an earlier Illumina 300K chip and identified potential associations with a variant in the gene Gene@55614, a kinesin-like protein located on chromosome 20p12, that approached though did not reach statistical significance. This study also identified a potential association between copy number variation in chromosome 18 and the development of small intestine Disease@MESH:D018358. We did not confirm an association with Gene@55614 in our study, and were not able to evaluate copy number variation in our dataset to assess this potential association. A second study, performed at our center, focused on a limited number of SNPs in 355 candidate genes, using a discovery set of 261 cases and 319 controls and a replication set of 235 additional cases and 113 controls. This study reported modest risk associations associated with single SNPS in Gene@3592 and Gene@1603. We did not confirm these associations in the current study, which not only included a significantly expanded number of cases, but also utilized a new, larger and independent group of controls", "type": "paragraph"}, {"sent": "Though significantly larger than previous studies in Disease@MESH:D018358, our study is still smaller than genome-wide association studies reported in other Disease@MESH:D009369 and is limited in its power to detect associations. Additionally, in light of the increasing evidence that Disease@MESH:D018358 are genetically heterogeneous, genetic predisposing factors likely vary across Disease@MESH:D009369 subtypes. Although we attempted to address this potential Disease@MESH:D018908 by performing subgroup analyses, these analyses are based on an even more limited number of cases, resulting in the potential to both miss associations due to the lack of statistical power, as well as the potential to identify spurious associations", "type": "paragraph"}, {"sent": "In summary, our genome-wide analysis identified a potential genetic risk locus on 12q23 associated with small intestine Disease@MESH:D018358 risk. This locus is in proximity to Gene@2004, a transcription factor implicated in angiogenesis. Our results provide a basis for initial exploration of the role of genes associated with this locus, as well as replication studies to confirm the observed associations. Additional and larger studies to evaluate potential genetic risk factors for sporadic Disease@MESH:D010195 and Disease@MESH:D018358 are warranted", "type": "paragraph"}, {"sent": "Manhattan and QQ plots for the overall risk analysis. Associations were obtained using logistic regression analysis with adjustment for age, sex and the top 10 principal components of population stratification. In the Manhattan plot, the -log10 P values (y axis) of 613,218 SNPs from 832 NET cases and 4783 controls are presented on the basis of their chromosomal positions (x axis). The red horizontal line indicates the genome-wide significance threshold 5 x 10-8. In the QQ plot, the observed -log10 P values (y axis) are compared with the corresponding expected -log10 P values (x axis)", "type": "fig_caption"}, {"sent": "Small intestine NET association plot for +-400 kb region around Mutation@rs2540513 on chromosome 12. The -log10 P values (y axis) of the SNPs are presented according to their chromosomal positions (x axis). The genetic recombination rates (cM/Mb) estimated using the 1000 Genomes November 2014 EUR samples are shown with a blue line. Genes within this region were annotated and shown as arrows. The r2 values of the SNPs with top SNP Mutation@rs2540513 are indicated by different colors", "type": "fig_caption"}, {"sent": "Summary characteristics of cases and controls used in the GWAS", "type": "table_caption"}, {"sent": "Summary of SNPs associated with risk in small intestine NET", "type": "table_caption"}]}