{"sentences": [{"sent": "The etiology of Disease@MESH:D018567 (Disease@MESH:D001943) is poorly understood. In particular, the extent to which the genetic basis of Disease@MESH:D001943 differs from female Disease@MESH:D001943 (FBC) is unknown. A previous genome-wide association study of Disease@MESH:D001943 identified 2 predisposition loci for the disease, both of which were also associated with risk of FBC", "type": "abstract"}, {"sent": "We performed genome-wide single nucleotide polymorphism genotyping of European ancestry Disease@MESH:D001943 case subjects and controls in 3 stages. Associations between directly genotyped and imputed single nucleotide polymorphisms with Disease@MESH:D001943 were assessed using fixed-effects meta-analysis of 1380 cases and 3620 controls. Replication genotyping of 810 cases and 1026 controls was used to validate variants with P values less than 1 x 10-06. Genetic correlation with FBC was evaluated using linkage disequilibrium score regression, by comprehensively examining the associations of published FBC risk loci with risk of Disease@MESH:D001943 and by assessing associations between a FBC polygenic risk score and Disease@MESH:D001943. All statistical tests were 2-sided", "type": "abstract"}, {"sent": "The genome-wide association study identified 3 novel Disease@MESH:D001943 susceptibility loci that attained genome-wide statistical significance (P < 5 x 10-08). Genetic correlation analysis revealed a strong shared genetic basis with Gene@2099-positive FBC. Men in the top quintile of genetic risk had a fourfold increased risk of Disease@MESH:D001943 relative to those in the bottom quintile (odds ratio = 3.86, 95% confidence interval = 3.07 to 4.87, P = 2.08 x 10-30)", "type": "abstract"}, {"sent": "These findings advance our understanding of the genetic basis of Disease@MESH:D001943, providing support for an overlapping genetic etiology with FBC and identifying a fourfold high-risk group of susceptible men", "type": "abstract"}, {"sent": "Disease@MESH:D018567 (Disease@MESH:D001943) is rare, accounting for less than 1% of all Disease@MESH:D001943 diagnoses. A greater proportion of Disease@None than female Disease@MESH:D001943 (FBCs) are of the Gene@2099 (Gene@2099)-positive subtype (>95% Disease@MESH:D001943 vs 75% FBC), suggesting that Disease@MESH:D001943 may comprise a more homogeneous group of Disease@MESH:D009369 than FBC. Although there is a paucity of data regarding the etiology of Disease@MESH:D001943, family history and genetic susceptibility are important risk factors. Approximately 10% of cases are attributable to inherited mutations in Gene@675. Conversely, mutations in Gene@672 are observed in only a small number of cases, suggesting differences in the underlying genetic etiologies of Disease@MESH:D001943 and FBC", "type": "paragraph"}, {"sent": "Common germline variants influence susceptibility to Disease@MESH:D001943. Our previous genome-wide association study (GWAS) of Disease@MESH:D001943 identified single nucleotide polymorphisms (SNPs) at 14q24.1 and 16q12.1 that were associated with susceptibility at genome-wide levels of statistical significance. Moreover, although these loci were also associated with FBC susceptibility, they conferred greater risks of Disease@MESH:D001943 in men than women (14q24.1 odds ratio [OR] = 1.57 vs 1.07 and 16q12.1 OR = 1.50 vs 1.22 for Disease@MESH:D001943 and FBC, respectively), lending weight to findings from population-based family history studies that suggest a greater contribution of genetic variation to Disease@MESH:D001943 than FBC predisposition", "type": "paragraph"}, {"sent": "In this study, we pooled individual-level data from our GWAS with 2 additional case-control datasets to identify novel Disease@MESH:D001943 risk variants, to illuminate better the genetic basis of Disease@MESH:D001943 and to enable comparisons between determinants of polygenic predisposition to Disease@MESH:D001943 and FBC", "type": "paragraph"}, {"sent": "Cases for discovery analysis were primarily from the Disease@MESH:D001943 Now Disease@MESH:D018567 Study, a population-based case-control study of Disease@MESH:D001943 in England and Wales (UK-BCN-MBCS, n = 1210). Additional cases were from UK studies at the University of Leeds (UK-UoL, n = 31) and the University of Cambridge (UK-UoC, n = 138), and a US study at City of Hope (US-CoH, n = 113). The UK-UoL, UK-UoC, US-CoH, and 540 of the UK-BCN-MBCS cases were analyzed previously. Here we have added an additional 670 Disease@MESH:D001943 cases from the UK-BCN-MBCS. To estimate autosomal SNP genotype frequencies from the general population, we used male and female controls from the 1958 British Birth Cohort (UK-58BC, n = 2663), male controls from the UK-BCN-MBCS (n = 264), and female controls from the UK Generations Study (UK-GS, n = 698) (Supplementary Table 1, available online). The inclusion of female controls was predicated on the observation that autosomal SNPs do not differ in frequency between males and females sampled from the same ancestral population so that GWAS of sexually differentiated traits, such as Disease@MESH:D001943, need not be restricted to selection of same-sex controls. Descriptions of each of the studies used for discovery analysis are provided in the Supplementary Methods (available online). For validation of promising associations, we used 810 cases and 1026 controls of European ancestry that were assembled internationally for our previous GWAS (Supplementary Table 1, available online). All sample collection was undertaken with informed consent and ethical approval", "type": "paragraph"}, {"sent": "Discovery analysis samples, genotyping arrays, and SNPs or samples excluded during quality control are summarized in Supplementary Figure 1 (available online). Genotyping was performed using Illumina (San Diego, CA) Infinium OmniExpress 710K BeadChips (UK-BCN-MBCS, UK-UoL, UK-UoC, and US-CoH cases), Infinium OncoArray 500K BeadChips (UK-BCN-MBCS cases and UK-GS controls), and Infinium Global Screening Array 640K BeadChips (UK-BCN-MBCS cases and controls). UK-58BC controls were genotyped using Infinium 1.2M BeadChips. Replication genotyping was performed using either Agena (San Diego, CA) iPLEX chemistry or KASP assays (LGC, Hoddesdon, UK)", "type": "paragraph"}, {"sent": "Samples were excluded based on genotyping completion rate (<95.0%), relatedness (identity by descent [Disease@MESH:D015212] first- and second-degree relatives), and genetically determined non-European ancestry. SNPs were excluded according to call rates (<95.0%), minor allele frequency (MAF, <2.0%), and genotype deviation from Hardy-Weinberg proportions (P < 1 x 10-05). SNP data from cases genotyped using Infinium OmniExpress 710K BeadChips were harmonized with UK-58BC control data yielding 486 160 SNPs. Cases and controls genotyped using Infinium OncoArray 500K BeadChips were similarly harmonized, as were those using Infinium Global Screening Array 640K BeadChips. Genome-wide imputation was performed for each GWAS dataset using 1KGP Phase 3 reference data. Haplotypes were prephased using SHAPEIT2 and imputation was performed using IMPUTE2. Imputed SNPs with INFO scores less than 0.80 and/or MAFs less than 2.0% were excluded. After quality control, 8 074 073 SNPs were available for analysis", "type": "paragraph"}, {"sent": "For each GWAS dataset, tests of association between imputed SNPs and Disease@MESH:D001943 status were performed, assuming a log-additive model, using SNPTEST v2.5. Quantile-quantile plots showed no evidence of overdispersion (lambda = 0.99-1.05; Supplementary Figure 2, available online). Combined analysis of each dataset was performed using fixed-effects inverse variance-weighted meta-analysis (Supplementary Figure 3, available online). Heterogeneity was assessed using Cochran's Q-test and I2 statistics. Sensitivity analyses of the effect estimates when US-CoH cases or UK-GS and UK-58BC female controls were omitted were consistent with the main results (Supplementary Tables 2 and 3, available online). For replication analysis, effects under a log-additive model were estimated by performing multiple logistic regression, adjusted for study, using the Genotype Libraries and Utilities package. Bayesian false discovery probabilities were calculated to assess the noteworthiness of FBC predisposition SNP associations with Disease@MESH:D001943 assuming that the cost of a false nondiscovery was 4 times that of a false discovery (giving a noteworthiness cutoff value of 0.80) and that the odds ratio lies between 0.83 and 1.2 with probability 0.95. These comparisons were restricted to 172 published loci with FBC P less than 5 x 10-08. To compare the Disease@MESH:D001943 odds ratios with those of FBC, we assumed both sets of odds ratios were log-normally distributed and that the difference between the log odds ratios was normally distributed with mean 0 and variance equal to the sum of the squared standard errors of the 2 estimates to obtain a chi2 statistic. All statistical tests were 2-sided, and P less than .05 was used as the cut point for statistical significance unless otherwise stated", "type": "paragraph"}, {"sent": "The heritability of MBCwas estimated assuming a continuous underlying liability and an Disease@MESH:D001943 population prevalence of 0.1% using linkage disequilibrium score regression (LDSC). LDSC was used to calculate the genetic correlation  between Disease@MESH:D001943 and FBC using summary statistics from 122 977 FBC cases and 105 974 controls in the Disease@MESH:D001943 Association Consortium. Subtype-specific genetic correlations between Disease@MESH:D001943 and both Gene@2099-positive and Gene@2099-negative FBC also used Disease@MESH:D001943 Association Consortium data (n = 69 501 Gene@2099-positive and n = 21 468 Gene@2099-negative cases). To assess Disease@MESH:D009369 genetic correlations with other hormonally driven Disease@MESH:D009369, we used summary statistics from 79 148 Disease@MESH:D011471 cases and 61 106 controls in the Disease@MESH:D011471 Association Group to Investigate Disease@MESH:D009369 Associated Alterations in the Genome Consortium (PRACTICAL) and 22 406 Disease@MESH:D009362 cases and 40 941 controls in the Ovarian Disease@MESH:D009369 Association Consortium (OCAC)", "type": "paragraph"}, {"sent": "A 313-SNP FBC polygenic risk score (PRS) was calculated using effect estimates for overall, Gene@2099-positive, and Gene@2099-negative FBC, standardized such that the PRS distribution in controls (2663 male and female individuals from the UK-58BC) had a mean = 0 and SD = 1. The 313-SNP FBC PRS includes 305 SNPs that were associated with overall FBC at P less than 1 x 10-05 plus 6 additional SNPs that were associated with Gene@2099-positive FBC and 2 rare variants in the Gene@675 and Gene@11200 genes. To enable comparison with FBC, we derived PRS for 1671 female cases from UK-GS. Logistic regression was used to estimate risk of Disease@MESH:D001943 by quintiles and per SD increase in the PRS", "type": "paragraph"}, {"sent": "eQTL analyses were performed using Genotype-Tissue Expression Project (GTEx) gene expression data on normal breast samples from 157 males and 107 females. Associations between log10-normalized gene counts of candidate target genes and SNP genotypes were assessed using linear regression with and without interaction terms for genotype and sex. Linear regression was used to assess associations between gene expression of putative target genes and sex", "type": "paragraph"}, {"sent": "After quality control, the 3 GWAS datasets yielded SNP genotypes at 8 074 073 loci in 1380 Disease@MESH:D001943 cases and 3620 controls. The heritability of Disease@MESH:D001943 attributable to common SNPs was 0.09 (standard error [SE] = 0.06) on the liability scale, which is accordant with published estimates for FBC. Using cross-trait LDSC, we observed strong  between Disease@MESH:D001943 and FBC (= 0.83, SE = 0.30, P = .005). Consistent with the predominance of Gene@2099-positive Disease@MESH:D009369 in Disease@MESH:D001943, genetic correlation was stronger between Disease@MESH:D001943 and Gene@2099-positive FBC ( = 0.82, SE = 0.30, P = .005) than Gene@2099-negative FBC ( = 0.47, SE = 0.24, P = .047). Predicated on evidence of pleiotropy between Disease@MESH:D001943 and other hormonally driven epithelial Disease@MESH:D009369, we estimated genetic correlation between Disease@MESH:D001943 and both Disease@MESH:D011472. Although there was no evidence of genetic correlation with Disease@MESH:D011471 ( = 0.01, SE = 0.11, P = .90), there was borderline evidence of a moderate genetic correlation with Disease@MESH:D010051 ( = 0.55, SE = 0.29, P = .06).", "type": "paragraph"}, {"sent": "Combined analysis of the GWAS datasets detected a novel genome-wide statistically significant association (P < 5 x 10-08) between SNP Mutation@rs9371545 at 6q25.1 and risk of Disease@MESH:D001943 (P = 1.63 x 10-08; Table 1; Supplementary Table 4, available online) and validated the associations at 14q24.1 (Mutation@rs1022979 P = 1.53 x 10-16) and 16q12.1 (Mutation@rs35850695 P = 1.57 x 10-11; Supplementary Table 4, available online). We observed promising associations (P < 1 x 10-06) at 11q13.3 (Mutation@rs78540526 and Mutation@rs554219; Table 1; Supplementary Table 4, available online) and 15q24 (Mutation@rs4407020; Supplementary Table 4, available online). Replication genotyping of 810 cases and 1026 controls provided support for Mutation@rs78540526 and Mutation@rs554219 (Table 1; Supplementary Table 4; Supplementary Figure 4, available online) but not Mutation@rs4407020 (Supplementary Table 4, available online) in a joint analysis with the discovery data (Mutation@rs78540526 P = 1.06 x 10-11, Mutation@rs554219 P = 2.86 x 10-11). Similar to the loci at 14q24.1 and 16q12.1, the 6q25.1 and 11q13.1 SNPs were also associated with predisposition to FBC but had larger risk effects in males (Table 1).", "type": "paragraph"}, {"sent": "Three novel risk variants with P less than 5 x 10-08 identified from analysis of GWAS and replication data and their odds ratios for FB", "type": "table_caption"}, {"sent": "We next evaluated the Disease@MESH:D001943 associations of 172 published FBC risk SNPs (Supplementary Table 5, available online). Thirty-five SNPs (20.3%) had P less than .05 and consistent directions of effect with FBC; 33 remained noteworthy using BFDP analysis. Eight loci had statistically significant differences in their odds ratios for Disease@MESH:D001943 and FBC (false discovery rate [FDR] < 0.10; Table 2; Supplementary Table 6, available online). At 6q25.1 and 14q24.1, Mutation@rs9397437 and Mutation@rs2588809 had odds ratios that were greater for Disease@MESH:D001943 than FBC, and Mutation@rs2981578 at 10q26.13 had an odds ratio that was greater for FBC. The directions of the odds ratios for Mutation@rs4233486 at 1p34.2, Mutation@rs12710696 at 2p24.1, Mutation@rs13066793 at 3p12.1, Mutation@rs3215401 at 5p15.33, and Mutation@rs10816625 at 9q31.2 were opposite to FBC.", "type": "paragraph"}, {"sent": "FBC predisposition SNPs with FDR adjusted P less than .10 that confer statistically significantly different risk effects in males and female", "type": "table_caption"}, {"sent": "At each of the 172 loci, we investigated whether any variants correlated (r2 >= 0.10) with a published FBC susceptibility SNP were more statistically significantly associated with Disease@MESH:D001943 in our GWAS than the FBC SNP itself (Supplementary Table 5, available online). We identified 4 such SNPs with P less than 1 x 10-05, at 6q25.1, 10p12.31, and 11q13.3, which we genotyped alongside the corresponding lead FBC predisposition SNPs in our replication samples and analyzed jointly with the discovery data (Figure 1; Table 3;Supplementary Table 5, available online). At 6q25.1, Mutation@rs9383938 (P = 2.93 x 10-09) was correlated with FBC SNP Mutation@rs9397437 (P = 5.29 x 10-09, r2 = 0.83) but was nominally more statistically significantly associated with Disease@MESH:D001943. SNP Mutation@rs146723925 was correlated (r2 = 0.89) with a second FBC risk locus at 6q25.1 demarcated by Mutation@rs3757322 and was more statistically significantly associated with Disease@MESH:D001943 in the discovery data, but failed assay design for replication genotyping. However, Mutation@rs3757322 surpassed the genome-wide statistical significance threshold following joint analysis (P = 6.23 x 10-09), and conditional analyses indicated that Mutation@rs3757322 and Mutation@rs9383938 tag independent causal alleles at 6q25.1 (Supplementary Table 7, available online). At 10p12.31, Mutation@rs2183271 (P = 2.69 x 10-07) was several orders of magnitude more strongly associated with Disease@MESH:D001943 than lead FBC SNP Mutation@rs7072776 (P = 2.46 x 10-04, r2 = 0.68), and the effect of Mutation@rs7072776 was strongly dependent on Mutation@rs2183271 (Figure 1; Table 3;Supplementary Tables 5 and 7, available online). At 11q13.3, Mutation@rs78540526 (P = 1.06 x 10-11) was correlated with FBC SNP Mutation@rs75915166 (P = 7.71 x 10-08, r2 = 0.63; Figure 1; Table 3;Supplementary Table 5, available online). Mutation@rs75915166 and a second variant at 11q13.3, Mutation@rs554219, have been reported to independently influence risk of FBC. Analysis of these SNPs conditioned on Mutation@rs78540526 did not provide compelling evidence for independence in Disease@MESH:D001943 (P = .64 and .03, respectively). However, Mutation@rs554219 (P = 4.74 x 10-05; Supplementary Table 7, available online) and Mutation@rs78540526 (P = 5.55 x 10-05) were associated with Disease@MESH:D001943 after conditioning on Mutation@rs75915166.", "type": "paragraph"}, {"sent": "Regional association plots for 6q25.1 (A), 10p12.31 (B), and 11q13.3 (C) male Disease@MESH:D001943 risk loci. Each point represents an individual single nucleotide polymorphism (SNP) sorted on the x-axis by physical position based on National Center for Biotechnology Information build 37 of the human genome and plotted by -log10P value on the y-axis. Recombination rates, estimated using HapMap data, are plotted in blue. For each region, the published female Disease@MESH:D001943 predisposition SNP is plotted as a circle alongside the variant most strongly associated with Disease@MESH:D018567, plotted as a diamond. In instances where there are multiple independent predisposition loci at the same genomic region, pairs of SNPs are grouped by color. Lighter colors represent the genome-wide association study P value and darker colors the joint P value for the top SNPs. All statistical tests were 2-sided.", "type": "fig_caption"}, {"sent": "Four FBC predisposition loci at which variants correlated at r2 >= 0.10 with a published FBC susceptibility SNP were more statistically significantly associated with Disease@MESH:D001943 than the lead FBC SN", "type": "table_caption"}, {"sent": "Because our data supported a strong genetic correlation between Disease@MESH:D001943 and FBC, we assessed whether a recent 313-SNP FBC PRS was associated with Disease@MESH:D001943 risk in our study. The odds ratio per SD increase in the PRS was 1.55 (95% confidence interval = 1.45 to 1.66, P = 3.54 x 10-37; Table 4). Men in the top quintile of genetic risk had an almost fourfold increased risk of Disease@MESH:D001943 (OR = 3.86, 95% confidence interval = 3.07 to 4.87, P = 2.08 x 10-30) compared with men in the bottom quintile. We examined Disease@MESH:D001943 associations with the 313-SNP PRS incorporating weightings for Gene@2099-positive or Gene@2099-negative FBC. Risk estimates for the Gene@2099-positive PRS were similar to the overall PRS; the Gene@2099-negative PRS was less strongly associated with Disease@MESH:D001943 risk (Table 4), consistent with our genetic correlation analysis. The PRS distribution in male cases was similar to that of FBC cases (Figure 2).", "type": "paragraph"}, {"sent": "Distributions of the 313-single nucleotide polymorphism polygenic risk scores (PRSs) in 1380 male Disease@MESH:D001943 cases, 1671 female Disease@MESH:D001943 cases, and 2663 controls. PRSs were standardized to mean = 0, SD = 1 using 2663 controls from the 1958 British Birth Cohort. The mean PRS was 0.44 in males and 0.41 in females.", "type": "fig_caption"}, {"sent": "Functional studies have identified putative target genes for 5 of the 8 FBC predisposition loci that had statistically significant differences in their odds ratios for FBC and Disease@MESH:D001943: Gene@7015 at 5p15.33, Gene@2099 and Gene@80129 at 6q25.1, Gene@9314 at 9q31.2, Gene@2263 at 10q26.13, and Gene@677 at 14q24.1. By examining GTEx multi-tissue eQTL analyses, we suggest that Gene@163732 (Mutation@rs4233486 P = 2.36 x 10-11) and Gene@389136 (Mutation@rs13066793 P = 1.21 x 10-07) are candidate target genes at the loci mapping to 1p34.2 and 3p12.1. Gene@163732 encodes Gene@163732, a transcriptional coactivator that is induced during lactogenic differentiation of breast epithelial cells and is involved in milk secretion, and Gene@389136 encodes Gene@389136 and may act as a Disease@MESH:D009369 suppressor gene in high-grade Disease@MESH:D010051", "type": "paragraph"}, {"sent": "We hypothesized that variation in the basal gene expression levels of predisposition SNP target genes in male and female breast tissue might partly explain the different Disease@MESH:D001943 and FBC risks observed at these loci. To investigate, we evaluated GTEx RNA-sequencing data from 157 males and 107 females. Four candidate target genes had statistically significant sex-biased tissue expression (Supplementary Figure 5, available online). Gene@163732 at 1p34.2 (P = 3.00 x 10-25) and Gene@2263 at 10q26.13 (P = 3.24 x 10-10) had higher expression in female than male breast tissue, whereas Gene@9314 at 9q31.2 (P = 9.10 x 10-10) and CCD170 at 6q25.1 (P = 2.80 x 10-04) were more highly expressed in males than females", "type": "paragraph"}, {"sent": "We also assessed eQTL associations between the lead SNPs at these loci and their candidate target genes using GTEx data from breast tissue (n = 264). The risk allele of Mutation@rs13066793 at 3p12.1 was associated with reduced expression of Gene@389136 (P = .02; Supplementary Figure 6, available online), albeit the association was not statistically significant after adjusting for multiple comparisons. SNP Mutation@rs3757322 at 6q25.1 was borderline associated with expression of Gene@80129 (P = .06), and this association varied according to sex (P = .02; Supplementary Figure 7, available online). There was no evidence of breast-specific eQTL associations with target genes at the other loci, which could reflect limited power to detect subtle differences in gene expression", "type": "paragraph"}, {"sent": "We have performed the largest genetic association study of Disease@MESH:D001943 to date by conducting, as is usual in GWAS, genome-wide imputation and meta-analysis of existing and newly generated genotyping data. We identified 3 novel Disease@MESH:D001943 predisposition loci that attained genome-wide levels of statistical significance, of which 2 mapped to 6q25.1 and 1 mapped to 11q13.3, bringing the total number of confirmed predisposition loci to 5. Notably, each of these loci is also associated with risk of FBC, and almost 20% of confirmed FBC susceptibility SNPs showed evidence of association with Disease@MESH:D001943 predisposition. To date, no low-penetrance alleles have been identified that are exclusively associated with Disease@MESH:D001943 but not FBC. Although our study does not rule out the possibility that such loci exist, it does suggest that the magnitudes of their effects will be small. Although differences between the frequencies of pathogenic Gene@672 and Gene@675 mutations have led to the suggestion that Disease@MESH:D001943 and FBC have distinct genetic etiologies, our genetic correlation analysis provides evidence of a shared genetic basis for Disease@MESH:D001943 and Gene@2099-positive FBC. Interestingly, we detected borderline evidence (P = .06) of a Disease@MESH:D009369 genetic correlation between Disease@MESH:D010051, consistent with a recently reported genetic correlation between Disease@MESH:D010051", "type": "paragraph"}, {"sent": "Lecarpentier et al., recently demonstrated that a FBC PRS is associated with Disease@MESH:D001943 risk in male Gene@672;675 mutation carriers. We show here for the first time, to our knowledge, that a FBC PRS is associated with Disease@MESH:D001943 risk in men from the general population. The odds ratio per SD increase in the PRS for males is almost identical to that of unselected females and is greater than that of male Gene@672;675 mutation carriers. Although risk stratification among the general population using a PRS is unfeasible given both the rarity of Disease@MESH:D001943 and level of risk differentiation, the striking similarity between the PRS distributions of Disease@MESH:D001943 and FBC cases suggests that a larger number of FBC predisposition variants than were detected by our study probably influence susceptibility to Disease@MESH:D001943", "type": "paragraph"}, {"sent": "Although our genetic correlation analysis indicated that Disease@MESH:D001943 shares a pronounced genetic basis with Gene@2099-positive FBC, there are distinctions. For example, we observed several Disease@MESH:D001943 associations among SNPs that confer greater risks of Gene@2099-negative than Gene@2099-positive FBC, including SNP Mutation@rs9371545 at 6q25.1 and the Gene@675 truncating variant Mutation@rs11571833. Conversely, several SNPs that are most strongly associated with Gene@2099-positive FBC were not associated with Disease@MESH:D001943, including Mutation@rs11249433 at 1p11.2, Mutation@rs34005590 at 2q35, and Mutation@rs2981578 at 10q26.13. Although this may be a consequence of power, the Gene@2099-positive FBC odds ratio for Mutation@rs2981578 is large and should be detectable in our study. We hypothesize that the underlying etiological mechanisms affected by SNPs that had statistically significant differences in their odds ratios for Disease@MESH:D001943 and FBC might be influenced by sex-specific differences in expression or activity of their target genes or by different endogenous factors in males and females. The comparatively lower expression of Gene@2263 in male than female breast tissue, as observed in GTEx data, could explain the lack of an Disease@MESH:D001943 association with Mutation@rs2981578 at the 10q26.13 locus, despite it being among the most strongly associated SNPs with Gene@2099-positive FBC", "type": "paragraph"}, {"sent": "The principal limitation of our study was its relatively small size compared with typical Disease@MESH:D009369 GWAS. Consequently, it had limited capacity to detect Disease@MESH:D001943 predisposition loci that are associated with small risk effects, and much larger studies will be needed for their discovery. The merits, or otherwise, of continually striving to identify polygenic determinants of disease susceptibility that confer relatively small effects have been debated extensively, particularly because they may have limited clinical usefulness in the short term. However, all statistically robust genetic associations (even those with small effects) are underpinned by risk alleles that perturb biological processes, of which some might harbor effective targets for therapeutic intervention, thus justifying efforts that could lead to their detection. The subsequent illumination of the target genes and pathways that underlie risk associations in Disease@MESH:D001943 will also likely be difficult, not least because of a paucity of cell line models derived from male Disease@MESH:D001943 for functional analysis. In conclusion, our findings indicate several elements of shared genetic basis for susceptibility to Disease@MESH:D001943 and FBC, provide further support for a polygenic component to Disease@MESH:D001943 susceptibility, and advance our understanding of the genetics of Disease@MESH:D001943 development", "type": "paragraph"}, {"sent": "This work was supported by Programme Grants from Disease@MESH:D001943 Now, including Programme Funding to the Disease@MESH:D001943 Now Toby Robins Research Centre, the Institute of Disease@MESH:D009369 Research, and by funding from Queen's University Belfast to NO. We acknowledge National Institute for Health Research (NIHR) funding to the Royal Marsden Hospital Biomedical Research Centre (BRC). This work made use of data and samples generated by the 1958 British Birth Cohort under grant G0000934 from the UK Medical Research Council and grant 068545/Z/02 from the Wellcome Trust. The Finnish Male Disease@MESH:D001943 Study acknowledges funding from the Finnish Disease@MESH:D001943 Group, the Finnish Oncology Association, and the Salonoja Foundation. LO acknowledges funding from the Italian Association for Disease@MESH:D009369 Research (Fondazione AIRC IG2018-21389). DP acknowledges funding from the Istituto Toscano Tumori, Florence, Italy. SEARCH is funded by a grant from Disease@MESH:D009369 Research UK (C490/A10124) and is supported by the University of Cambridge NIHR Biomedical Research Centre. Disease@MESH:D006009 has been funded by Disease@MESH:D009369 Research UK grant CA8197/A10865 and by the Disease@MESH:C567570 Fund. DTB acknowledges funding by Disease@MESH:D009369 Research UK (Programme Award C588/A10589). MG-D and JEC acknowledge the support of the Department of Pathology of the Disease@None Santiago Hospital, the Galician Foundation of Genomic Medicine, and the Program Grupos Emergentes, Disease@MESH:D009369 Genetics Unit of CHUVI, Instituto de Salud Carlos III. HO and IH acknowledge funding from the Swedish Disease@MESH:D009369 Society and The Swedish Medical Research Council. The collection of samples and epidemiological data for the US cases was supported by US ARMY Grant DAMD-17-96-I-6266 and US National Institutes of Health (NIH) grant R01CA74415. Gene@6588 was partially supported by the Morris and Horowitz Families Endowed Professorship at the City of Hope. The Genotype-Tissue Expression Project (GTEx) was supported by the Common Fund of the Office of the Director of the National Institutes of Health, and by the National Disease@MESH:D009369 Institute, the National Human Genome Research Institute, the National Heart, Lung and Blood Institute, the National Institute on Drug Abuse, the National Institute of Mental Health, and the National Institute of Disease@MESH:D009422 and Disease@MESH:D020521", "type": "paragraph"}, {"sent": " Role of the funder: The funders had no role in the design of the study; the collection, analysis, and interpretation of the data; the writing of the manuscript; and the decision to submit the manuscript for publication", "type": "paragraph"}, {"sent": " Conflicts of interest: AA is a cofounder of Tango Therapeutics, Azkarra Therapeutics, Ovibio Corporation; a consultant for Gene@6678, Bluestar, ProLynx, Earli, Cura, GenVivo and GSK; a member of the SAB of Genentech and GLAdiator; receives grant / research support from Gene@6678 and AstraZeneca; holds patents on the use of Gene@142 inhibitors held jointly with AstraZeneca from which he has benefitted financially (and may do so in the future)", "type": "paragraph"}, {"sent": " Role of the authors: SM: Formal analysis; Investigation; Methodology; Writing:review and editing. EP: Formal analysis; Investigation; Writing:review and editing. KT: Formal analysis; Methodology; Resources; Writing:review and editing. MEJ: Resources; Writing:review and editing. OF: Investigation; Writing:review and editing. MP: Investigation; Writing:review and editing. TW: Investigation; Writing:review and editing. KT: Investigation; Writing:review and editing. RC: Data curation; Investigation; Writing:review and editing. kConFab Consortium: Resources. AT: Resources. PJ: Resources. SB: Resources. HF: Resources. HN: Resources. JM: Resources. EF: Resources. YL: Resources. DP: Resources. GM: Resources. IZ: Resources. LO: Resources. VS: Resources. AH: Resources. MJH: Resources. SN: Resources. MK: Resources. MG-D: Resources. JEC: Resources. HO: Resources. IH: Resources. ES: Resources. VG: Resources. DFE: Resources. PP: Resources. Disease@MESH:D006009: Resources. DTB: Resources. Gene@6588: Resources. LS: Resources. AA: Conceptualization; Funding acquisition. MGC: Conceptualization; Investigation; Methodology. RH: Conceptualization; Investigation; Methodology. AS: Conceptualization; Data curation; Funding acquisition; Methodology; Project administration; Resources; Supervision; Writing:review and editing", "type": "paragraph"}, {"sent": " Acknowledgments: We thank the subjects who participated in the study. For UK-BCN-MBCS sample collection, we are grateful to the administrative and data management staff of the ICR Aetiological Epidemiology Team for help and advice; to the research nurses for collection of blood samples and questionnaire data from participants; to the UK-GS team for coordinating collection of controls; and to the Disease@MESH:D009369 registries of England and Wales for providing information on eligible participants. The Study of Epidemiology and Risk Factors in Disease@MESH:D009369 Heredity (SEARCH) thanks the SEARCH team. We wish to thank H. Thorne, E. Niedermayr, all the kConFab research nurses and staff, the heads and staff of the Family Disease@MESH:D009369 Clinics and the Clinical Follow Up Study [funded from 2001-2009 by the Australian National Health and Medical Research Council (NHMRC) and currently by the National Disease@MESH:D001943 Foundation and Disease@MESH:D009369 Australia, 628333] for their contributions to this resource and the many families who contribute to kConFab. We thank the staff at the Finnish Male Disease@MESH:D001943 Study for their contributions. We thank the staff of the Department of Pathology of Disease@None Santiago for their contributions to the Spanish study. Finally, we thank the consultants who cared for the study participants for their advice and help. The Disease@MESH:D018567 Study was approved by the South Eastern Research Ethics Committe", "type": "paragraph"}, {"sent": "The summary data underlying this article will be shared on reasonable request to the corresponding author", "type": "paragraph"}]}